i;j;z_m;y_m;n_tubi;T_gas_C;p_gas_bar;v_gas_ms;Re_gas;h_conv_Wm2K;h_rad_Wm2K;eps_gas;x_in;x_out;alpha;G_cross_kgm2s;v_cross_ms;h_boil_Wm2K;U_o_Wm2K;q_lin_Wm;q_int_kWm2;q_est_kWm2;T_met_int_C;T_met_mid_C;T_met_est_C;T_met_media_spessore_C;T_parete_bollente_C;dT_superheat_K;dT_deposito_K;dT_met_sat_K;q_CHF_loc_kWm2;DNBR;ferrula
0;0;0.007;-0.7843;38.2;967.50;34.7400;33.112;105336;2280.2;41.73;0.1164;0.00000;0.00415;0.0140;390.20;0.603;18111.3;107.1;8255.7;98.42;68.97;343.60;340.39;337.45;340.35;327.10;3.808;10.35;14.15;313;4.54;1
0;1;0.007;-0.6417;66.6;967.50;34.7400;33.112;105336;2280.3;41.73;0.1164;0.00415;0.01137;0.0445;224.22;0.363;22839.0;107.2;8263.2;98.51;69.04;342.83;339.61;336.67;339.57;326.31;3.023;10.36;13.38;311;4.50;1
0;2;0.007;-0.4991;82.0;967.50;34.7400;33.112;105336;2280.4;41.73;0.1164;0.01137;0.02026;0.0816;181.99;0.314;25330.5;107.2;8266.0;98.54;69.06;342.54;339.32;336.38;339.28;326.02;2.726;10.36;13.09;308;4.46;1
0;3;0.007;-0.3565;91.9;967.50;34.7400;33.112;105336;2280.4;41.73;0.1164;0.02026;0.03024;0.1199;162.45;0.300;26863.5;107.2;8267.5;98.56;69.07;342.39;339.17;336.22;339.13;325.86;2.571;10.36;12.93;305;4.41;1
0;4;0.007;-0.2139;76.9;967.50;34.7400;33.112;105336;2280.3;41.73;0.1164;0.03024;0.03858;0.1647;194.00;0.382;24176.6;107.2;8264.8;98.53;69.05;342.67;339.45;336.50;339.41;326.15;2.856;10.36;13.21;302;4.37;1
0;5;0.007;-0.0713;68.4;967.50;34.7400;33.112;105336;2280.3;41.73;0.1164;0.03858;0.04600;0.2008;218.11;0.452;22199.2;107.2;8262.4;98.50;69.03;342.92;339.70;336.75;339.66;326.40;3.110;10.35;13.46;300;4.34;1
0;6;0.007;0.0713;68.4;967.50;34.7400;33.112;105336;2280.3;41.73;0.1164;0.04600;0.05343;0.2279;218.11;0.473;21696.3;107.1;8261.7;98.49;69.02;342.99;339.77;336.83;339.73;326.47;3.181;10.35;13.53;297;4.31;1
0;7;0.007;0.2139;76.9;967.50;34.7400;33.112;105336;2280.3;41.73;0.1164;0.05343;0.06177;0.2479;194.00;0.441;22391.6;107.2;8262.6;98.50;69.03;342.89;339.67;336.73;339.63;326.37;3.083;10.35;13.44;295;4.27;1
0;8;0.007;0.3565;91.9;967.50;34.7400;33.112;105336;2280.3;41.73;0.1164;0.06177;0.07174;0.2642;162.45;0.389;23744.7;107.2;8264.3;98.52;69.04;342.72;339.50;336.56;339.46;326.20;2.908;10.36;13.26;292;4.22;1
0;9;0.007;0.4991;82.0;967.50;34.7400;33.112;105336;2280.3;41.73;0.1164;0.07174;0.08063;0.2988;181.99;0.458;22025.4;107.1;8262.1;98.50;69.03;342.94;339.73;336.78;339.68;326.42;3.134;10.35;13.49;289;4.18;1
0;10;0.007;0.6417;66.6;967.50;34.7400;33.112;105336;2280.3;41.73;0.1164;0.08063;0.08785;0.3347;224.22;0.588;19921.0;107.1;8259.0;98.46;69.00;343.26;340.05;337.10;340.01;326.75;3.464;10.35;13.81;287;4.15;1
0;11;0.007;0.7843;38.2;967.50;34.7400;33.112;105336;2280.2;41.73;0.1164;0.08785;0.09199;0.3801;390.20;1.052;17470.7;107.0;8254.4;98.41;68.96;343.74;340.53;337.58;340.48;327.24;3.947;10.34;14.29;285;4.14;1
1;0;0.022;-0.7843;38.2;966.99;34.7249;33.113;105368;2279.8;41.69;0.1164;0.00000;0.00415;0.0140;389.82;0.602;18109.6;107.0;8247.6;98.33;68.91;343.58;340.37;337.43;340.33;327.10;3.805;10.34;14.14;313;4.54;1
1;1;0.022;-0.6417;66.6;966.99;34.7249;33.113;105368;2279.9;41.68;0.1164;0.00415;0.01137;0.0445;224.01;0.363;22837.4;107.1;8255.1;98.41;68.97;342.81;339.60;336.66;339.55;326.31;3.020;10.35;13.37;311;4.50;1
1;2;0.022;-0.4991;82.0;966.99;34.7249;33.113;105368;2280.0;41.68;0.1164;0.01137;0.02026;0.0816;181.81;0.314;25328.1;107.2;8257.9;98.45;68.99;342.52;339.31;336.36;339.26;326.01;2.724;10.35;13.07;308;4.46;1
1;3;0.022;-0.3565;91.9;966.99;34.7249;33.113;105368;2280.0;41.68;0.1164;0.02026;0.03024;0.1198;162.29;0.300;26860.5;107.2;8259.4;98.47;69.00;342.37;339.16;336.21;339.11;325.86;2.569;10.35;12.92;305;4.41;1
1;4;0.022;-0.2139;76.9;966.99;34.7249;33.113;105368;2279.9;41.68;0.1164;0.03024;0.03858;0.1647;193.81;0.382;24174.7;107.2;8256.7;98.43;68.98;342.65;339.44;336.49;339.39;326.14;2.853;10.35;13.20;302;4.38;1
1;5;0.022;-0.0713;68.4;966.99;34.7249;33.113;105368;2279.9;41.68;0.1164;0.03858;0.04600;0.2008;217.89;0.451;22197.7;107.1;8254.3;98.40;68.96;342.90;339.69;336.74;339.64;326.40;3.107;10.34;13.45;300;4.35;1
1;6;0.022;0.0713;68.4;966.99;34.7249;33.113;105368;2279.9;41.68;0.1164;0.04600;0.05343;0.2279;217.89;0.473;21694.7;107.1;8253.6;98.40;68.96;342.97;339.76;336.81;339.71;326.47;3.178;10.34;13.52;297;4.31;1
1;7;0.022;0.2139;76.9;966.99;34.7249;33.113;105368;2279.9;41.68;0.1164;0.05343;0.06177;0.2478;193.81;0.440;22390.0;107.1;8254.5;98.41;68.96;342.87;339.66;336.72;339.61;326.37;3.080;10.34;13.42;295;4.27;1
1;8;0.022;0.3565;91.9;966.99;34.7249;33.113;105368;2279.9;41.68;0.1164;0.06177;0.07174;0.2641;162.29;0.388;23742.8;107.2;8256.2;98.43;68.98;342.70;339.49;336.54;339.44;326.20;2.905;10.35;13.25;292;4.23;1
1;9;0.022;0.4991;82.0;966.99;34.7249;33.113;105368;2279.9;41.68;0.1164;0.07174;0.08063;0.2988;181.81;0.457;22023.7;107.1;8254.0;98.40;68.96;342.92;339.71;336.77;339.66;326.42;3.131;10.34;13.47;289;4.19;1
1;10;0.022;0.6417;66.6;966.99;34.7249;33.113;105368;2279.9;41.69;0.1164;0.08063;0.08785;0.3346;224.01;0.587;19919.3;107.1;8250.9;98.37;68.93;343.24;340.03;337.09;339.99;326.75;3.461;10.34;13.80;287;4.16;1
1;11;0.022;0.7843;38.2;966.99;34.7249;33.113;105368;2279.8;41.69;0.1164;0.08785;0.09199;0.3800;389.82;1.051;17466.9;107.0;8246.3;98.31;68.89;343.72;340.51;337.57;340.47;327.24;3.944;10.33;14.28;285;4.14;1
2;0;0.037;-0.7843;38.2;966.46;34.7245;33.099;105402;2279.4;41.65;0.1165;0.00000;0.00415;0.0140;389.42;0.602;18107.8;107.0;8239.2;98.23;68.84;343.56;340.36;337.42;340.31;327.09;3.801;10.33;14.13;313;4.54;1
2;1;0.037;-0.6417;66.6;966.45;34.7245;33.099;105402;2279.5;41.65;0.1165;0.00415;0.01137;0.0445;223.78;0.362;22835.7;107.1;8246.7;98.31;68.90;342.79;339.58;336.64;339.54;326.31;3.017;10.33;13.35;311;4.51;1
2;2;0.037;-0.4991;82.0;966.45;34.7245;33.099;105402;2279.5;41.64;0.1165;0.01137;0.02026;0.0816;181.62;0.313;25325.6;107.2;8249.5;98.35;68.92;342.50;339.29;336.35;339.25;326.01;2.721;10.34;13.06;308;4.47;1
2;3;0.037;-0.3565;91.9;966.45;34.7245;33.099;105402;2279.6;41.64;0.1165;0.02026;0.03024;0.1198;162.12;0.300;26857.3;107.2;8250.9;98.37;68.93;342.35;339.14;336.20;339.09;325.86;2.567;10.34;12.91;305;4.42;1
2;4;0.037;-0.2139;76.9;966.45;34.7245;33.099;105402;2279.5;41.65;0.1165;0.03024;0.03858;0.1646;193.61;0.381;24172.6;107.1;8248.2;98.33;68.91;342.63;339.42;336.48;339.37;326.14;2.851;10.34;13.19;302;4.38;1
2;5;0.037;-0.0713;68.4;966.46;34.7245;33.099;105402;2279.5;41.65;0.1165;0.03858;0.04600;0.2007;217.67;0.451;22196.1;107.1;8245.8;98.30;68.89;342.88;339.67;336.73;339.62;326.39;3.104;10.33;13.44;300;4.35;1
2;6;0.037;0.0713;68.4;966.46;34.7245;33.099;105402;2279.5;41.65;0.1165;0.04600;0.05343;0.2278;217.67;0.472;21693.2;107.1;8245.2;98.30;68.88;342.95;339.74;336.80;339.69;326.47;3.175;10.33;13.51;297;4.32;1
2;7;0.037;0.2139;76.9;966.46;34.7245;33.099;105402;2279.5;41.65;0.1165;0.05343;0.06177;0.2478;193.61;0.440;22388.3;107.1;8246.1;98.31;68.89;342.85;339.64;336.70;339.60;326.37;3.077;10.33;13.41;295;4.28;1
2;8;0.037;0.3565;91.9;966.45;34.7245;33.099;105402;2279.5;41.65;0.1165;0.06177;0.07174;0.2641;162.12;0.388;23740.8;107.1;8247.8;98.33;68.91;342.68;339.47;336.53;339.43;326.19;2.902;10.34;13.24;292;4.23;1
2;9;0.037;0.4991;82.0;966.46;34.7245;33.099;105402;2279.5;41.65;0.1165;0.07174;0.08063;0.2987;181.62;0.457;22022.0;107.1;8245.6;98.30;68.89;342.90;339.69;336.75;339.65;326.42;3.128;10.33;13.46;289;4.19;1
2;10;0.037;0.6417;66.6;966.46;34.7245;33.099;105402;2279.5;41.65;0.1165;0.08063;0.08785;0.3346;223.78;0.587;19917.4;107.1;8242.5;98.26;68.86;343.22;340.02;337.08;339.97;326.75;3.457;10.33;13.79;287;4.16;1
2;11;0.037;0.7843;38.2;966.46;34.7245;33.099;105402;2279.4;41.65;0.1165;0.08785;0.09199;0.3800;389.42;1.050;17463.0;107.0;8237.9;98.21;68.82;343.70;340.49;337.56;340.45;327.23;3.941;10.32;14.26;285;4.14;1
3;0;0.053;-0.7843;38.2;965.90;34.7241;33.085;105436;2279.0;41.61;0.1165;0.00000;0.00415;0.0140;389.00;0.601;18105.9;107.0;8230.5;98.12;68.76;343.54;340.34;337.40;340.29;327.09;3.798;10.31;14.11;313;4.55;1
3;1;0.053;-0.6417;66.6;965.90;34.7241;33.085;105436;2279.1;41.61;0.1165;0.00415;0.01137;0.0445;223.54;0.362;22834.0;107.1;8237.9;98.21;68.82;342.77;339.57;336.63;339.52;326.30;3.014;10.32;13.34;311;4.51;1
3;2;0.053;-0.4991;82.0;965.90;34.7241;33.085;105436;2279.1;41.61;0.1165;0.01137;0.02026;0.0815;181.43;0.313;25323.0;107.1;8240.7;98.24;68.85;342.48;339.27;336.34;339.23;326.01;2.719;10.33;13.05;308;4.47;1
3;3;0.053;-0.3565;91.9;965.90;34.7241;33.085;105436;2279.1;41.61;0.1165;0.02026;0.03024;0.1198;161.95;0.299;26853.9;107.2;8242.1;98.26;68.86;342.33;339.12;336.18;339.08;325.86;2.564;10.33;12.89;305;4.42;1
3;4;0.053;-0.2139;76.9;965.90;34.7241;33.085;105436;2279.1;41.61;0.1165;0.03024;0.03858;0.1646;193.41;0.381;24170.5;107.1;8239.5;98.23;68.84;342.61;339.40;336.46;339.36;326.14;2.848;10.33;13.17;302;4.39;1
3;5;0.053;-0.0713;68.4;965.90;34.7241;33.085;105436;2279.1;41.61;0.1165;0.03858;0.04600;0.2007;217.44;0.451;22194.5;107.1;8237.1;98.20;68.82;342.86;339.65;336.71;339.61;326.39;3.101;10.32;13.42;300;4.35;1
3;6;0.053;0.0713;68.4;965.90;34.7241;33.085;105436;2279.1;41.61;0.1165;0.04600;0.05343;0.2278;217.44;0.472;21691.5;107.1;8236.4;98.19;68.81;342.93;339.72;336.78;339.68;326.46;3.172;10.32;13.49;297;4.32;1
3;7;0.053;0.2139;76.9;965.90;34.7241;33.085;105436;2279.1;41.61;0.1165;0.05343;0.06177;0.2477;193.41;0.440;22386.5;107.1;8237.3;98.20;68.82;342.83;339.63;336.69;339.58;326.36;3.074;10.32;13.40;295;4.28;1
3;8;0.053;0.3565;91.9;965.90;34.7241;33.085;105436;2279.1;41.61;0.1165;0.06177;0.07174;0.2640;161.95;0.387;23738.7;107.1;8239.0;98.22;68.83;342.66;339.45;336.52;339.41;326.19;2.900;10.33;13.22;292;4.24;1
3;9;0.053;0.4991;82.0;965.90;34.7241;33.085;105436;2279.1;41.61;0.1165;0.07174;0.08063;0.2986;181.43;0.456;22020.2;107.1;8236.9;98.20;68.82;342.88;339.68;336.74;339.63;326.42;3.125;10.32;13.45;289;4.20;1
3;10;0.053;0.6417;66.6;965.90;34.7241;33.085;105436;2279.0;41.61;0.1165;0.08063;0.08785;0.3345;223.54;0.586;19915.5;107.0;8233.7;98.16;68.79;343.20;340.00;337.06;339.96;326.74;3.454;10.32;13.77;287;4.17;1
3;11;0.053;0.7843;38.2;965.90;34.7241;33.085;105436;2279.0;41.61;0.1165;0.08785;0.09199;0.3799;389.00;1.049;17459.0;107.0;8229.2;98.11;68.75;343.68;340.48;337.54;340.43;327.23;3.938;10.31;14.25;285;4.15;1
4;0;0.070;-0.7843;38.2;965.33;34.7237;33.070;105472;2099.7;41.42;0.1166;0.00000;0.00415;0.0140;386.00;0.596;18092.3;106.3;8166.9;97.36;68.23;343.39;340.21;337.30;340.17;327.06;3.771;10.23;14.01;313;4.58;1
4;1;0.070;-0.6417;66.6;965.32;34.7237;33.070;105473;2099.8;41.42;0.1166;0.00415;0.01137;0.0444;221.81;0.359;22821.2;106.4;8174.2;97.45;68.29;342.62;339.44;336.53;339.40;326.28;2.993;10.24;13.24;311;4.55;1
4;2;0.070;-0.4991;82.0;965.32;34.7237;33.070;105473;2099.8;41.42;0.1166;0.01137;0.02026;0.0813;180.03;0.311;25304.0;106.4;8177.0;97.48;68.32;342.33;339.15;336.24;339.11;325.99;2.700;10.25;12.95;308;4.51;1
4;3;0.070;-0.3565;91.9;965.32;34.7237;33.070;105473;2099.8;41.42;0.1166;0.02026;0.03024;0.1195;160.70;0.297;26829.3;106.4;8178.4;97.50;68.33;342.18;339.00;336.09;338.96;325.84;2.547;10.25;12.80;305;4.46;1
4;4;0.070;-0.2139;76.9;965.32;34.7237;33.070;105473;2099.8;41.42;0.1166;0.03024;0.03858;0.1642;191.91;0.378;24154.7;106.4;8175.8;97.47;68.31;342.46;339.28;336.36;339.24;326.12;2.828;10.25;13.07;302;4.42;1
4;5;0.070;-0.0713;68.4;965.32;34.7237;33.070;105473;2099.8;41.42;0.1166;0.03858;0.04600;0.2003;215.76;0.447;22182.2;106.4;8173.4;97.44;68.29;342.71;339.53;336.61;339.48;326.37;3.078;10.24;13.32;300;4.39;1
4;6;0.070;0.0713;68.4;965.32;34.7237;33.070;105472;2099.8;41.42;0.1166;0.04600;0.05342;0.2274;215.76;0.468;21679.5;106.3;8172.8;97.43;68.28;342.78;339.60;336.68;339.55;326.44;3.150;10.24;13.39;297;4.35;1
4;7;0.070;0.2139;76.9;965.32;34.7237;33.070;105473;2099.8;41.42;0.1166;0.05342;0.06177;0.2472;191.91;0.436;22373.5;106.4;8173.7;97.44;68.29;342.68;339.50;336.59;339.46;326.34;3.052;10.24;13.30;295;4.32;1
4;8;0.070;0.3565;91.9;965.32;34.7237;33.070;105473;2099.8;41.42;0.1166;0.06177;0.07174;0.2635;160.70;0.384;23723.2;106.4;8175.3;97.46;68.30;342.51;339.33;336.42;339.29;326.17;2.879;10.25;13.12;292;4.27;1
4;9;0.070;0.4991;82.0;965.32;34.7237;33.070;105473;2099.8;41.42;0.1166;0.07174;0.08063;0.2981;180.03;0.453;22007.0;106.4;8173.2;97.44;68.28;342.73;339.55;336.64;339.51;326.39;3.103;10.24;13.35;289;4.23;1
4;10;0.070;0.6417;66.6;965.32;34.7237;33.070;105472;2099.7;41.42;0.1166;0.08063;0.08785;0.3340;221.81;0.582;19901.4;106.3;8170.1;97.40;68.26;343.05;339.87;336.96;339.83;326.72;3.430;10.24;13.67;287;4.20;1
4;11;0.070;0.7843;38.2;965.33;34.7237;33.070;105472;2099.7;41.42;0.1166;0.08785;0.09199;0.3796;386.00;1.041;17429.4;106.3;8165.6;97.35;68.22;343.53;340.35;337.44;340.31;327.20;3.914;10.23;14.15;285;4.18;1
5;0;0.087;-0.7843;38.2;964.73;34.7232;33.054;105510;1975.8;41.27;0.1166;0.00000;0.00415;0.0140;383.54;0.593;18081.1;105.7;8115.0;96.74;67.80;343.26;340.10;337.21;340.06;327.04;3.750;10.17;13.92;313;4.61;1
5;1;0.087;-0.6417;66.6;964.73;34.7232;33.054;105510;1975.8;41.26;0.1166;0.00415;0.01137;0.0443;220.40;0.357;22810.5;105.8;8122.2;96.83;67.86;342.50;339.34;336.44;339.30;326.27;2.975;10.18;13.15;311;4.58;1
5;2;0.087;-0.4991;82.0;964.73;34.7232;33.054;105510;1975.9;41.26;0.1166;0.01137;0.02026;0.0812;178.88;0.309;25288.1;105.8;8124.9;96.86;67.88;342.21;339.05;336.16;339.01;325.98;2.684;10.18;12.87;308;4.53;1
5;3;0.087;-0.3565;91.9;964.73;34.7232;33.054;105510;1975.9;41.26;0.1166;0.02026;0.03024;0.1192;159.68;0.295;26808.8;105.8;8126.3;96.88;67.89;342.06;338.90;336.01;338.86;325.82;2.532;10.18;12.72;305;4.49;1
5;4;0.087;-0.2139;76.9;964.73;34.7232;33.054;105510;1975.9;41.26;0.1166;0.03024;0.03858;0.1640;190.69;0.375;24141.4;105.8;8123.7;96.85;67.87;342.34;339.18;336.28;339.14;326.10;2.811;10.18;12.99;302;4.45;1
5;5;0.087;-0.0713;68.4;964.73;34.7232;33.054;105510;1975.8;41.26;0.1166;0.03858;0.04600;0.2000;214.38;0.444;22172.0;105.8;8121.4;96.82;67.85;342.58;339.42;336.53;339.38;326.35;3.060;10.18;13.24;300;4.42;1
5;6;0.087;0.0713;68.4;964.73;34.7232;33.054;105510;1975.8;41.26;0.1166;0.04600;0.05342;0.2270;214.38;0.465;21669.5;105.8;8120.7;96.81;67.85;342.65;339.49;336.60;339.45;326.42;3.131;10.18;13.31;297;4.38;1
5;7;0.087;0.2139;76.9;964.73;34.7232;33.054;105510;1975.8;41.26;0.1166;0.05342;0.06177;0.2468;190.69;0.433;22362.7;105.8;8121.6;96.82;67.85;342.56;339.40;336.50;339.35;326.33;3.034;10.18;13.21;295;4.34;1
5;8;0.087;0.3565;91.9;964.73;34.7232;33.054;105510;1975.8;41.26;0.1166;0.06177;0.07174;0.2630;159.68;0.382;23710.3;105.8;8123.2;96.84;67.87;342.39;339.23;336.33;339.19;326.15;2.862;10.18;13.04;292;4.30;1
5;9;0.087;0.4991;82.0;964.73;34.7232;33.054;105510;1975.8;41.26;0.1166;0.07174;0.08063;0.2976;178.88;0.450;21996.1;105.8;8121.2;96.82;67.85;342.61;339.45;336.55;339.40;326.38;3.085;10.18;13.26;289;4.26;1
5;10;0.087;0.6417;66.6;964.73;34.7232;33.054;105510;1975.8;41.26;0.1166;0.08063;0.08785;0.3336;220.40;0.578;19889.8;105.7;8118.1;96.78;67.82;342.93;339.77;336.87;339.73;326.70;3.410;10.17;13.58;287;4.22;1
5;11;0.087;0.7843;38.2;964.73;34.7232;33.054;105510;1975.8;41.27;0.1166;0.08785;0.09199;0.3793;383.54;1.034;17405.3;105.7;8113.6;96.73;67.79;343.40;340.25;337.35;340.20;327.19;3.895;10.17;14.06;285;4.21;1
6;0;0.105;-0.7843;38.2;964.11;34.7228;33.038;105549;1884.5;41.13;0.1167;0.00000;0.00415;0.0140;381.46;0.589;18071.5;105.2;8070.9;96.22;67.43;343.15;340.01;337.14;339.97;327.02;3.731;10.11;13.85;313;4.64;1
6;1;0.105;-0.6417;66.6;964.11;34.7228;33.038;105549;1884.6;41.13;0.1167;0.00415;0.01137;0.0442;219.20;0.355;22801.3;105.3;8078.1;96.30;67.49;342.40;339.25;336.37;339.21;326.25;2.960;10.12;13.08;311;4.60;1
6;2;0.105;-0.4991;82.0;964.11;34.7228;33.038;105549;1884.6;41.12;0.1167;0.01137;0.02026;0.0810;177.91;0.307;25274.3;105.4;8080.8;96.34;67.51;342.11;338.97;336.09;338.93;325.96;2.671;10.13;12.80;308;4.56;1
6;3;0.105;-0.3565;91.9;964.11;34.7228;33.038;105549;1884.6;41.12;0.1167;0.02026;0.03024;0.1190;158.81;0.294;26791.1;105.4;8082.2;96.35;67.52;341.96;338.82;335.94;338.78;325.81;2.520;10.13;12.65;305;4.51;1
6;4;0.105;-0.2139;76.9;964.11;34.7228;33.038;105549;1884.6;41.13;0.1167;0.03024;0.03858;0.1637;189.65;0.373;24130.0;105.3;8079.6;96.32;67.50;342.24;339.09;336.21;339.05;326.09;2.797;10.13;12.92;302;4.47;1
6;5;0.105;-0.0713;68.4;964.11;34.7228;33.038;105549;1884.6;41.13;0.1167;0.03858;0.04600;0.1997;213.22;0.442;22163.2;105.3;8077.3;96.30;67.48;342.48;339.34;336.46;339.29;326.34;3.045;10.12;13.17;300;4.44;1
6;6;0.105;0.0713;68.4;964.11;34.7228;33.038;105549;1884.6;41.13;0.1167;0.04600;0.05342;0.2267;213.22;0.463;21660.9;105.3;8076.6;96.29;67.48;342.55;339.41;336.53;339.36;326.41;3.115;10.12;13.24;297;4.41;1
6;7;0.105;0.2139;76.9;964.11;34.7228;33.038;105549;1884.6;41.13;0.1167;0.05342;0.06177;0.2465;189.65;0.431;22353.4;105.3;8077.5;96.30;67.48;342.45;339.31;336.43;339.27;326.31;3.019;10.12;13.14;295;4.37;1
6;8;0.105;0.3565;91.9;964.11;34.7228;33.038;105549;1884.6;41.13;0.1167;0.06177;0.07174;0.2626;158.81;0.380;23699.2;105.3;8079.1;96.32;67.50;342.29;339.14;336.26;339.10;326.14;2.848;10.12;12.97;292;4.32;1
6;9;0.105;0.4991;82.0;964.11;34.7228;33.038;105549;1884.6;41.13;0.1167;0.07174;0.08063;0.2972;177.91;0.448;21986.7;105.3;8077.1;96.29;67.48;342.50;339.36;336.48;339.32;326.36;3.069;10.12;13.19;289;4.28;1
6;10;0.105;0.6417;66.6;964.11;34.7228;33.038;105549;1884.5;41.13;0.1167;0.08063;0.08785;0.3332;219.20;0.575;19879.9;105.3;8074.1;96.26;67.46;342.82;339.68;336.80;339.64;326.68;3.393;10.12;13.51;287;4.25;1
6;11;0.105;0.7843;38.2;964.11;34.7228;33.038;105548;1884.5;41.13;0.1167;0.08785;0.09199;0.3790;381.46;1.028;17384.7;105.2;8069.6;96.20;67.42;343.30;340.16;337.28;340.12;327.17;3.878;10.11;13.99;285;4.23;1
7;0;0.124;-0.7843;38.2;963.48;34.7223;33.022;105589;1814.0;41.01;0.1167;0.00000;0.00415;0.0140;379.64;0.587;18063.2;104.8;8032.4;95.76;67.11;343.06;339.94;337.07;339.89;327.01;3.715;10.07;13.78;313;4.66;1
7;1;0.124;-0.6417;66.6;963.47;34.7223;33.022;105589;1814.0;41.00;0.1167;0.00415;0.01137;0.0442;218.16;0.353;22793.1;104.9;8039.5;95.84;67.17;342.31;339.18;336.31;339.14;326.24;2.947;10.08;13.02;311;4.62;1
7;2;0.124;-0.4991;82.0;963.47;34.7223;33.022;105589;1814.0;41.00;0.1167;0.01137;0.02026;0.0809;177.06;0.305;25262.1;105.0;8042.2;95.88;67.19;342.02;338.90;336.03;338.85;325.95;2.660;10.08;12.74;308;4.58;1
7;3;0.124;-0.3565;91.9;963.47;34.7223;33.022;105589;1814.1;41.00;0.1167;0.02026;0.03024;0.1188;158.05;0.292;26775.4;105.0;8043.5;95.89;67.20;341.88;338.75;335.88;338.70;325.80;2.510;10.08;12.59;305;4.53;1
7;4;0.124;-0.2139;76.9;963.47;34.7223;33.022;105589;1814.0;41.00;0.1167;0.03024;0.03858;0.1635;188.75;0.372;24119.9;104.9;8041.0;95.86;67.18;342.15;339.02;336.15;338.98;326.08;2.785;10.08;12.86;302;4.50;1
7;5;0.124;-0.0713;68.4;963.47;34.7223;33.022;105589;1814.0;41.01;0.1167;0.03858;0.04600;0.1995;212.20;0.440;22155.4;104.9;8038.7;95.84;67.16;342.39;339.26;336.40;339.22;326.32;3.031;10.07;13.11;300;4.46;1
7;6;0.124;0.0713;68.4;963.47;34.7223;33.022;105589;1814.0;41.01;0.1167;0.04600;0.05342;0.2265;212.20;0.460;21653.3;104.9;8038.1;95.83;67.15;342.46;339.33;336.47;339.29;326.39;3.101;10.07;13.17;297;4.43;1
7;7;0.124;0.2139;76.9;963.47;34.7223;33.022;105589;1814.0;41.01;0.1167;0.05342;0.06177;0.2462;188.75;0.429;22345.2;104.9;8039.0;95.84;67.16;342.36;339.24;336.37;339.19;326.30;3.006;10.07;13.08;295;4.39;1
7;8;0.124;0.3565;91.9;963.47;34.7223;33.022;105589;1814.0;41.00;0.1167;0.06177;0.07174;0.2623;158.05;0.378;23689.4;104.9;8040.5;95.86;67.18;342.20;339.07;336.20;339.03;326.13;2.836;10.08;12.91;292;4.34;1
7;9;0.124;0.4991;82.0;963.47;34.7223;33.022;105589;1814.0;41.01;0.1167;0.07174;0.08063;0.2969;177.06;0.445;21978.3;104.9;8038.5;95.83;67.16;342.41;339.29;336.42;339.24;326.35;3.056;10.07;13.13;289;4.30;1
7;10;0.124;0.6417;66.6;963.47;34.7223;33.022;105589;1814.0;41.01;0.1167;0.08063;0.08785;0.3329;218.16;0.572;19871.2;104.9;8035.5;95.80;67.13;342.73;339.60;336.74;339.56;326.67;3.378;10.07;13.45;287;4.27;1
7;11;0.124;0.7843;38.2;963.48;34.7223;33.022;105589;1813.9;41.01;0.1167;0.08785;0.09199;0.3788;379.64;1.024;17366.8;104.8;8031.0;95.74;67.10;343.21;340.08;337.22;340.04;327.15;3.863;10.06;13.93;285;4.25;1
8;0;0.144;-0.7843;38.2;962.81;34.7218;33.005;105630;1757.5;40.90;0.1168;0.00000;0.00415;0.0140;378.00;0.584;18055.7;104.5;7997.9;95.35;66.82;342.98;339.87;337.01;339.82;326.99;3.701;10.02;13.72;313;4.68;1
8;1;0.144;-0.6417;66.6;962.81;34.7218;33.004;105631;1757.5;40.89;0.1168;0.00415;0.01137;0.0441;217.22;0.352;22785.7;104.6;8005.0;95.43;66.88;342.22;339.11;336.26;339.07;326.23;2.935;10.03;12.97;311;4.64;1
8;2;0.144;-0.4991;82.0;962.81;34.7218;33.004;105631;1757.5;40.89;0.1168;0.01137;0.02026;0.0808;176.30;0.304;25251.0;104.6;8007.6;95.46;66.90;341.94;338.83;335.98;338.79;325.94;2.649;10.04;12.68;308;4.60;1
8;3;0.144;-0.3565;91.9;962.81;34.7218;33.004;105631;1757.6;40.89;0.1168;0.02026;0.03024;0.1187;157.37;0.291;26761.2;104.6;8009.0;95.48;66.91;341.80;338.68;335.83;338.64;325.79;2.500;10.04;12.54;305;4.55;1
8;4;0.144;-0.2139;76.9;962.81;34.7218;33.004;105631;1757.5;40.89;0.1168;0.03024;0.03858;0.1633;187.94;0.370;24110.7;104.6;8006.4;95.45;66.89;342.07;338.95;336.10;338.91;326.07;2.774;10.03;12.81;302;4.52;1
8;5;0.144;-0.0713;68.4;962.81;34.7218;33.004;105631;1757.5;40.89;0.1168;0.03858;0.04600;0.1993;211.29;0.438;22148.3;104.6;8004.2;95.42;66.87;342.31;339.19;336.34;339.15;326.31;3.019;10.03;13.05;300;4.48;1
8;6;0.144;0.0713;68.4;962.81;34.7218;33.005;105631;1757.5;40.89;0.1168;0.04600;0.05342;0.2262;211.29;0.458;21646.4;104.6;8003.5;95.42;66.87;342.38;339.26;336.41;339.22;326.38;3.089;10.03;13.12;297;4.45;1
8;7;0.144;0.2139;76.9;962.81;34.7218;33.004;105631;1757.5;40.89;0.1168;0.05342;0.06177;0.2459;187.94;0.427;22337.7;104.6;8004.4;95.43;66.87;342.28;339.17;336.32;339.13;326.28;2.994;10.03;13.02;295;4.41;1
8;8;0.144;0.3565;91.9;962.81;34.7218;33.004;105631;1757.5;40.89;0.1168;0.06177;0.07174;0.2620;157.37;0.377;23680.4;104.6;8006.0;95.44;66.89;342.12;339.00;336.15;338.96;326.12;2.825;10.03;12.86;292;4.36;1
8;9;0.144;0.4991;82.0;962.81;34.7218;33.004;105631;1757.5;40.89;0.1168;0.07174;0.08063;0.2966;176.30;0.444;21970.8;104.6;8004.0;95.42;66.87;342.33;339.22;336.36;339.18;326.33;3.044;10.03;13.07;289;4.32;1
8;10;0.144;0.6417;66.6;962.81;34.7218;33.005;105630;1757.5;40.90;0.1168;0.08063;0.08785;0.3326;217.22;0.569;19863.4;104.5;8001.0;95.39;66.85;342.65;339.54;336.68;339.49;326.66;3.365;10.03;13.39;287;4.29;1
8;11;0.144;0.7843;38.2;962.81;34.7218;33.005;105630;1757.4;40.90;0.1168;0.08785;0.09199;0.3786;378.00;1.019;17350.7;104.5;7996.5;95.33;66.81;343.13;340.01;337.16;339.97;327.14;3.850;10.02;13.87;285;4.27;1
9;0;0.164;-0.7843;38.2;962.13;34.7212;32.987;105674;1711.0;40.79;0.1168;0.00000;0.00415;0.0139;376.51;0.582;18048.8;104.2;7966.4;94.97;66.56;342.90;339.80;336.96;339.76;326.98;3.688;9.98;13.67;313;4.70;1
9;1;0.164;-0.6417;66.6;962.12;34.7212;32.987;105674;1711.0;40.79;0.1168;0.00415;0.01137;0.0441;216.36;0.350;22778.8;104.3;7973.4;95.06;66.61;342.15;339.05;336.21;339.01;326.22;2.924;9.99;12.92;311;4.66;1
9;2;0.164;-0.4991;82.0;962.12;34.7212;32.987;105674;1711.1;40.79;0.1168;0.01137;0.02026;0.0807;175.60;0.303;25240.7;104.3;7976.0;95.09;66.64;341.87;338.77;335.93;338.73;325.93;2.640;10.00;12.64;308;4.62;1
9;3;0.164;-0.3565;91.9;962.12;34.7212;32.987;105674;1711.1;40.79;0.1168;0.02026;0.03023;0.1185;156.75;0.290;26748.0;104.3;7977.4;95.10;66.65;341.73;338.62;335.78;338.58;325.78;2.492;10.00;12.49;305;4.57;1
9;4;0.164;-0.2139;76.9;962.12;34.7212;32.987;105674;1711.0;40.79;0.1168;0.03023;0.03858;0.1631;187.20;0.369;24102.2;104.3;7974.9;95.07;66.63;341.99;338.89;336.05;338.85;326.06;2.764;9.99;12.76;302;4.53;1
9;5;0.164;-0.0713;68.4;962.12;34.7212;32.987;105674;1711.0;40.79;0.1168;0.03858;0.04600;0.1991;210.46;0.436;22141.8;104.3;7972.6;95.05;66.61;342.23;339.13;336.29;339.09;326.30;3.008;9.99;13.00;300;4.50;1
9;6;0.164;0.0713;68.4;962.12;34.7212;32.987;105674;1711.0;40.79;0.1168;0.04600;0.05342;0.2260;210.46;0.457;21640.1;104.3;7972.0;95.04;66.60;342.30;339.20;336.36;339.16;326.37;3.078;9.99;13.07;297;4.46;1
9;7;0.164;0.2139;76.9;962.12;34.7212;32.987;105674;1711.0;40.79;0.1168;0.05342;0.06177;0.2457;187.20;0.425;22330.8;104.3;7972.9;95.05;66.61;342.21;339.11;336.27;339.06;326.27;2.983;9.99;12.97;295;4.42;1
9;8;0.164;0.3565;91.9;962.12;34.7212;32.987;105674;1711.0;40.79;0.1168;0.06177;0.07174;0.2617;156.75;0.375;23672.2;104.3;7974.4;95.07;66.62;342.04;338.94;336.10;338.90;326.11;2.814;9.99;12.81;292;4.38;1
9;9;0.164;0.4991;82.0;962.12;34.7212;32.987;105674;1711.0;40.79;0.1168;0.07174;0.08063;0.2963;175.60;0.442;21963.8;104.3;7972.4;95.04;66.61;342.26;339.16;336.31;339.11;326.32;3.033;9.99;13.02;289;4.34;1
9;10;0.164;0.6417;66.6;962.13;34.7212;32.987;105674;1711.0;40.79;0.1168;0.08063;0.08785;0.3323;216.36;0.567;19856.2;104.2;7969.5;95.01;66.58;342.57;339.47;336.63;339.43;326.64;3.353;9.99;13.34;287;4.30;1
9;11;0.164;0.7843;38.2;962.13;34.7212;32.987;105674;1711.0;40.80;0.1168;0.08785;0.09199;0.3784;376.51;1.015;17336.0;104.2;7965.0;94.96;66.54;343.05;339.95;337.11;339.91;327.13;3.839;9.98;13.82;285;4.29;1
10;0;0.185;-0.7843;38.2;961.42;34.7207;32.968;105719;1671.9;40.70;0.1169;0.00000;0.00415;0.0139;375.13;0.580;18042.4;103.9;7937.2;94.62;66.31;342.83;339.74;336.91;339.70;326.97;3.675;9.95;13.62;313;4.72;1
10;1;0.185;-0.6417;66.6;961.41;34.7207;32.968;105719;1672.0;40.69;0.1169;0.00415;0.01137;0.0440;215.57;0.349;22772.4;104.0;7944.1;94.71;66.37;342.08;338.99;336.16;338.95;326.21;2.914;9.96;12.87;311;4.68;1
10;2;0.185;-0.4991;82.0;961.41;34.7207;32.968;105719;1672.0;40.69;0.1169;0.01137;0.02026;0.0806;174.96;0.302;25231.1;104.0;7946.7;94.74;66.39;341.80;338.71;335.88;338.67;325.92;2.631;9.96;12.59;308;4.64;1
10;3;0.185;-0.3565;91.9;961.41;34.7207;32.968;105719;1672.0;40.69;0.1169;0.02026;0.03023;0.1184;156.18;0.289;26735.7;104.1;7948.1;94.75;66.40;341.66;338.57;335.73;338.52;325.77;2.484;9.96;12.44;305;4.59;1
10;4;0.185;-0.2139;76.9;961.41;34.7207;32.968;105719;1672.0;40.69;0.1169;0.03023;0.03858;0.1630;186.51;0.367;24094.2;104.0;7945.6;94.72;66.38;341.93;338.84;336.00;338.79;326.05;2.755;9.96;12.71;302;4.55;1
10;5;0.185;-0.0713;68.4;961.41;34.7207;32.968;105719;1672.0;40.69;0.1169;0.03858;0.04600;0.1989;209.68;0.434;22135.6;104.0;7943.4;94.70;66.36;342.16;339.07;336.24;339.03;326.29;2.998;9.95;12.95;300;4.52;1
10;6;0.185;0.0713;68.4;961.41;34.7207;32.968;105719;1672.0;40.69;0.1169;0.04600;0.05342;0.2258;209.68;0.455;21634.1;104.0;7942.7;94.69;66.36;342.23;339.14;336.31;339.10;326.36;3.067;9.95;13.02;297;4.48;1
10;7;0.185;0.2139;76.9;961.41;34.7207;32.968;105719;1672.0;40.69;0.1169;0.05342;0.06177;0.2455;186.51;0.424;22324.3;104.0;7943.6;94.70;66.37;342.14;339.05;336.22;339.01;326.26;2.973;9.95;12.93;295;4.44;1
10;8;0.185;0.3565;91.9;961.41;34.7207;32.968;105719;1672.0;40.69;0.1169;0.06177;0.07174;0.2614;156.18;0.374;23664.4;104.0;7945.1;94.72;66.38;341.97;338.88;336.05;338.84;326.10;2.805;9.96;12.76;292;4.39;1
10;9;0.185;0.4991;82.0;961.41;34.7207;32.968;105719;1672.0;40.69;0.1169;0.07174;0.08063;0.2960;174.96;0.440;21957.3;104.0;7943.1;94.70;66.36;342.19;339.10;336.27;339.06;326.31;3.022;9.95;12.98;289;4.35;1
10;10;0.185;0.6417;66.6;961.41;34.7207;32.968;105719;1671.9;40.69;0.1169;0.08063;0.08785;0.3321;215.57;0.565;19849.5;104.0;7940.2;94.66;66.34;342.50;339.41;336.58;339.37;326.63;3.342;9.95;13.29;287;4.32;1
10;11;0.185;0.7843;38.2;961.42;34.7207;32.968;105718;1671.9;40.70;0.1169;0.08785;0.09199;0.3783;375.13;1.011;17322.3;103.9;7935.8;94.61;66.30;342.98;339.89;337.06;339.85;327.12;3.827;9.95;13.77;285;4.30;1
11;0;0.207;-0.7843;38.2;960.68;34.7174;22.940;88248;1559.9;26.04;0.1271;0.00000;0.00416;0.0167;2222.31;3.434;34933.7;618.6;47197.6;469.48;394.32;429.90;411.02;393.73;410.76;334.58;11.288;59.15;70.44;313;0.79;0
11;1;0.207;-0.6417;66.6;960.67;34.7174;22.940;88248;1558.0;26.09;0.1271;0.00416;0.01137;0.0580;1277.04;2.068;29566.2;616.3;47019.7;467.71;392.83;431.56;412.75;395.50;412.48;336.58;13.286;58.92;72.21;311;0.79;0
11;2;0.207;-0.4991;82.0;960.67;34.7174;22.940;88248;1558.0;26.09;0.1271;0.01137;0.02026;0.1099;1036.47;1.788;29536.7;616.3;47018.4;467.70;392.82;431.57;412.76;395.51;412.50;336.59;13.299;58.92;72.22;308;0.78;0
11;3;0.207;-0.3565;91.9;960.67;34.7174;22.940;88248;1558.2;26.08;0.1271;0.02026;0.03022;0.1631;925.21;1.710;30038.7;616.6;47037.3;467.89;392.98;431.39;412.57;395.32;412.31;336.37;13.082;58.95;72.03;305;0.78;0
11;4;0.207;-0.2139;76.9;960.67;34.7174;22.940;88248;1557.9;26.09;0.1271;0.03022;0.03856;0.2121;1104.89;2.175;29407.0;616.2;47013.4;467.65;392.78;431.62;412.81;395.56;412.54;336.65;13.357;58.92;72.27;302;0.77;0
11;5;0.207;-0.0713;68.4;960.67;34.7174;22.940;88248;1558.1;26.09;0.1271;0.03856;0.04598;0.2501;1242.19;2.573;29843.4;616.5;47030.3;467.82;392.92;431.46;412.64;395.39;412.38;336.46;13.166;58.94;72.10;300;0.76;0
11;6;0.207;0.0713;68.4;960.67;34.7174;22.940;88248;1558.2;26.08;0.1271;0.04598;0.05340;0.2815;1242.19;2.694;30154.1;616.6;47042.0;467.94;393.02;431.35;412.53;395.28;412.27;336.32;13.034;58.95;71.99;297;0.76;0
11;7;0.207;0.2139;76.9;960.67;34.7174;22.940;88248;1558.1;26.09;0.1271;0.05340;0.06174;0.3102;1104.89;2.510;29820.8;616.4;47029.4;467.81;392.91;431.47;412.65;395.40;412.39;336.47;13.176;58.94;72.11;295;0.75;0
11;8;0.207;0.3565;91.9;960.67;34.7174;22.940;88248;1558.0;26.09;0.1271;0.06174;0.07169;0.3390;925.21;2.213;29454.4;616.3;47015.3;467.67;392.79;431.60;412.79;395.55;412.53;336.63;13.336;58.92;72.25;292;0.74;0
11;9;0.207;0.4991;82.0;960.67;34.7174;22.940;88248;1558.2;26.08;0.1271;0.07169;0.08058;0.3713;1036.47;2.607;30094.7;616.6;47039.8;467.91;393.00;431.37;412.55;395.30;412.29;336.35;13.059;58.95;72.01;289;0.73;0
11;10;0.207;0.6417;66.6;960.68;34.7174;22.940;88248;1559.1;26.06;0.1271;0.08058;0.08781;0.3986;1277.04;3.347;32414.9;617.6;47121.4;468.73;393.68;430.61;411.76;394.49;411.50;335.44;12.145;59.05;71.20;287;0.73;0
11;11;0.207;0.7843;38.2;960.68;34.7174;22.940;88248;1562.0;25.98;0.1271;0.08781;0.09199;0.4214;2222.31;5.991;44198.6;621.4;47404.7;471.54;396.05;427.96;409.02;391.66;408.76;332.25;8.961;59.41;68.37;285;0.72;0
12;0;0.230;-0.7843;38.2;956.10;34.7172;22.856;88490;1526.4;25.85;0.1275;0.00000;0.00416;0.0167;2184.28;3.375;34579.4;612.4;46384.6;461.40;387.52;428.16;409.62;392.63;409.36;334.50;11.207;58.13;69.34;313;0.81;0
12;1;0.230;-0.6417;66.6;956.12;34.7172;22.856;88489;1524.6;25.90;0.1275;0.00416;0.01137;0.0580;1255.18;2.033;29387.5;610.1;46215.7;459.72;386.11;429.77;411.29;394.35;411.03;336.43;13.139;57.92;71.06;311;0.80;0
12;2;0.230;-0.4991;82.0;956.11;34.7172;22.856;88490;1524.6;25.90;0.1275;0.01137;0.02026;0.1097;1018.73;1.758;29414.4;610.2;46216.6;459.72;386.12;429.76;411.28;394.34;411.02;336.42;13.127;57.92;71.05;308;0.80;0
12;3;0.230;-0.3565;91.9;956.11;34.7172;22.856;88490;1524.8;25.90;0.1275;0.02026;0.03022;0.1629;909.37;1.681;29946.0;610.4;46236.1;459.92;386.28;429.57;411.08;394.13;410.82;336.19;12.899;57.94;70.84;305;0.79;0
12;4;0.230;-0.2139;76.9;956.11;34.7172;22.856;88489;1524.6;25.90;0.1275;0.03022;0.03856;0.2119;1085.99;2.138;29258.8;610.1;46210.8;459.67;386.07;429.81;411.33;394.40;411.08;336.49;13.195;57.91;71.11;302;0.78;0
12;5;0.230;-0.0713;68.4;956.11;34.7172;22.856;88489;1524.7;25.90;0.1275;0.03856;0.04598;0.2499;1220.93;2.529;29643.8;610.3;46225.3;459.81;386.19;429.68;411.19;394.25;410.93;336.32;13.028;57.93;70.96;300;0.78;0
12;6;0.230;0.0713;68.4;956.11;34.7172;22.856;88489;1524.8;25.90;0.1275;0.04598;0.05340;0.2813;1220.93;2.648;29937.8;610.4;46236.2;459.92;386.28;429.57;411.08;394.14;410.83;336.19;12.903;57.94;70.85;297;0.77;0
12;7;0.230;0.2139;76.9;956.11;34.7172;22.856;88489;1524.7;25.90;0.1275;0.05340;0.06174;0.3099;1085.99;2.468;29622.6;610.3;46224.5;459.80;386.19;429.68;411.20;394.26;410.94;336.33;13.037;57.93;70.96;295;0.76;0
12;8;0.230;0.3565;91.9;956.11;34.7172;22.856;88489;1524.6;25.90;0.1275;0.06174;0.07169;0.3387;909.37;2.175;29289.7;610.1;46212.0;459.68;386.08;429.80;411.32;394.38;411.07;336.47;13.182;57.91;71.09;292;0.76;0
12;9;0.230;0.4991;82.0;956.11;34.7172;22.856;88489;1524.8;25.90;0.1275;0.07169;0.08059;0.3710;1018.73;2.563;29881.3;610.4;46234.1;459.90;386.27;429.59;411.10;394.16;410.85;336.22;12.927;57.94;70.87;289;0.75;0
12;10;0.230;0.6417;66.6;956.11;34.7172;22.856;88490;1525.6;25.87;0.1275;0.08059;0.08781;0.3984;1255.18;3.290;32121.5;611.4;46311.5;460.67;386.91;428.85;410.34;393.37;410.08;335.34;12.045;58.04;70.08;287;0.74;0
12;11;0.230;0.7843;38.2;956.09;34.7172;22.855;88491;1528.4;25.79;0.1275;0.08781;0.09199;0.4213;2184.28;5.888;43671.2;615.1;46585.3;463.39;389.20;426.24;407.63;390.58;407.38;332.20;8.912;58.38;67.29;285;0.73;0
13;0;0.254;-0.7843;38.2;951.42;34.7169;22.769;88740;1496.6;25.66;0.1278;0.00000;0.00416;0.0167;2148.16;3.319;34242.6;606.7;45612.6;453.72;381.07;426.50;408.28;391.58;408.03;334.42;11.129;57.16;68.29;313;0.82;0
13;1;0.254;-0.6417;66.6;951.45;34.7169;22.769;88738;1494.9;25.71;0.1278;0.00416;0.01137;0.0579;1234.43;1.999;29218.4;604.5;45452.2;452.12;379.73;428.06;409.90;393.25;409.64;336.29;12.996;56.96;69.96;311;0.82;0
13;2;0.254;-0.4991;82.0;951.45;34.7169;22.769;88739;1495.0;25.71;0.1278;0.01137;0.02026;0.1096;1001.89;1.728;29299.1;604.6;45455.0;452.15;379.76;428.03;409.87;393.22;409.61;336.25;12.961;56.96;69.93;308;0.81;0
13;3;0.254;-0.3565;91.9;951.44;34.7169;22.769;88739;1495.2;25.71;0.1278;0.02026;0.03022;0.1627;894.34;1.653;29859.1;604.8;45475.1;452.35;379.93;427.84;409.66;393.00;409.41;336.01;12.724;56.99;69.71;305;0.80;0
13;4;0.254;-0.2139;76.9;951.45;34.7169;22.769;88738;1494.9;25.72;0.1278;0.03022;0.03856;0.2117;1068.03;2.102;29119.0;604.5;45448.4;452.08;379.70;428.10;409.93;393.29;409.68;336.33;13.040;56.96;70.00;302;0.80;0
13;5;0.254;-0.0713;68.4;951.45;34.7169;22.769;88738;1495.0;25.71;0.1278;0.03856;0.04598;0.2497;1200.74;2.488;29454.8;604.6;45460.9;452.21;379.81;427.98;409.81;393.16;409.56;336.19;12.895;56.97;69.87;300;0.79;0
13;6;0.254;0.0713;68.4;951.44;34.7169;22.769;88739;1495.1;25.71;0.1278;0.04598;0.05340;0.2810;1200.74;2.604;29732.8;604.8;45470.9;452.31;379.89;427.88;409.71;393.05;409.46;336.07;12.777;56.98;69.76;297;0.78;0
13;7;0.254;0.2139;76.9;951.45;34.7169;22.769;88738;1495.0;25.71;0.1278;0.05340;0.06174;0.3096;1068.03;2.427;29435.0;604.6;45460.1;452.20;379.80;427.99;409.82;393.16;409.56;336.19;12.903;56.97;69.87;295;0.78;0
13;8;0.254;0.3565;91.9;951.45;34.7169;22.769;88738;1494.9;25.72;0.1278;0.06174;0.07169;0.3383;894.34;2.139;29134.0;604.5;45449.0;452.09;379.71;428.09;409.93;393.28;409.68;336.32;13.033;56.96;69.99;292;0.77;0
13;9;0.254;0.4991;82.0;951.44;34.7169;22.769;88739;1495.1;25.71;0.1278;0.07169;0.08059;0.3707;1001.89;2.520;29679.1;604.7;45468.9;452.29;379.87;427.90;409.73;393.07;409.47;336.09;12.799;56.98;69.78;289;0.76;0
13;10;0.254;0.6417;66.6;951.43;34.7169;22.769;88739;1495.8;25.69;0.1278;0.08059;0.08781;0.3981;1234.43;3.236;31842.8;605.7;45542.3;453.02;380.49;427.18;408.99;392.31;408.74;335.24;11.949;57.07;69.02;287;0.75;0
13;11;0.254;0.7843;38.2;951.38;34.7169;22.768;88742;1498.6;25.60;0.1278;0.08781;0.09199;0.4211;2148.16;5.791;43169.1;609.3;45807.1;455.65;382.70;424.60;406.32;389.56;406.06;332.16;8.865;57.40;66.27;285;0.75;0
14;0;0.279;-0.7843;38.2;946.62;34.7167;22.680;88998;1469.7;25.48;0.1282;0.00000;0.00416;0.0167;2113.55;3.266;33919.5;601.4;44873.1;446.36;374.90;424.91;407.00;390.58;406.75;334.34;11.053;56.23;67.29;313;0.83;0
14;1;0.279;-0.6417;66.6;946.66;34.7167;22.681;88996;1468.2;25.53;0.1282;0.00416;0.01137;0.0578;1214.54;1.967;29056.9;599.4;44720.2;444.84;373.62;426.43;408.57;392.19;408.32;336.15;12.858;56.04;68.90;311;0.83;0
14;2;0.279;-0.4991;82.0;946.66;34.7167;22.681;88996;1468.2;25.52;0.1282;0.01137;0.02026;0.1095;985.75;1.701;29189.6;599.4;44724.9;444.89;373.66;426.39;408.52;392.14;408.27;336.09;12.801;56.05;68.85;308;0.82;0
14;3;0.279;-0.3565;91.9;946.65;34.7167;22.681;88996;1468.4;25.52;0.1282;0.02026;0.03023;0.1624;879.93;1.627;29776.9;599.7;44745.9;445.10;373.83;426.18;408.30;391.92;408.05;335.85;12.554;56.08;68.63;305;0.81;0
14;4;0.279;-0.2139;76.9;946.66;34.7167;22.681;88996;1468.2;25.53;0.1282;0.03023;0.03856;0.2115;1050.82;2.069;28985.6;599.3;44717.6;444.81;373.60;426.46;408.59;392.22;408.35;336.18;12.889;56.04;68.93;302;0.81;0
14;5;0.279;-0.0713;68.4;946.66;34.7167;22.681;88996;1468.3;25.52;0.1282;0.03856;0.04598;0.2495;1181.39;2.448;29274.3;599.5;44728.6;444.92;373.69;426.35;408.48;392.11;408.24;336.06;12.765;56.05;68.82;300;0.80;0
14;6;0.279;0.0713;68.4;946.66;34.7167;22.681;88996;1468.4;25.52;0.1282;0.04598;0.05340;0.2808;1181.39;2.562;29536.8;599.6;44737.8;445.02;373.77;426.26;408.39;392.01;408.14;335.95;12.654;56.06;68.72;297;0.80;0
14;7;0.279;0.2139;76.9;946.66;34.7167;22.681;88996;1468.3;25.52;0.1282;0.05340;0.06174;0.3093;1050.82;2.388;29255.7;599.5;44727.9;444.92;373.68;426.36;408.49;392.12;408.24;336.06;12.773;56.05;68.83;295;0.79;0
14;8;0.279;0.3565;91.9;946.66;34.7167;22.681;88996;1468.2;25.53;0.1282;0.06174;0.07170;0.3380;879.93;2.105;28985.4;599.3;44717.6;444.81;373.60;426.46;408.59;392.22;408.35;336.18;12.889;56.04;68.93;292;0.78;0
14;9;0.279;0.4991;82.0;946.66;34.7167;22.681;88996;1468.3;25.52;0.1282;0.07170;0.08059;0.3703;985.75;2.480;29485.8;599.6;44736.0;445.00;373.75;426.28;408.41;392.03;408.16;335.97;12.676;56.06;68.74;289;0.77;0
14;10;0.279;0.6417;66.6;946.64;34.7167;22.680;88997;1469.0;25.50;0.1282;0.08059;0.08782;0.3978;1214.54;3.183;31575.8;600.5;44805.0;445.68;374.33;425.59;407.69;391.29;407.45;335.15;11.855;56.15;68.00;287;0.77;0
14;11;0.279;0.7843;38.2;946.56;34.7167;22.679;89001;1471.7;25.42;0.1282;0.08782;0.09199;0.4209;2113.55;5.698;42686.9;604.0;45061.1;448.23;376.47;423.04;405.06;388.58;404.81;332.11;8.819;56.47;65.29;285;0.76;0
15;0;0.305;-0.7843;38.2;941.69;34.7164;22.589;89265;1445.4;25.29;0.1286;0.00000;0.00416;0.0167;2080.15;3.214;33607.4;596.6;44159.0;439.26;368.93;423.38;405.76;389.61;405.51;334.27;10.978;55.34;66.32;313;0.85;0
15;1;0.305;-0.6417;66.6;941.76;34.7164;22.590;89261;1443.9;25.34;0.1286;0.00416;0.01137;0.0578;1195.34;1.936;28901.8;594.6;44014.4;437.82;367.72;424.85;407.28;391.17;407.04;336.01;12.723;55.16;67.88;311;0.84;0
15;2;0.305;-0.4991;82.0;941.75;34.7164;22.590;89262;1444.0;25.33;0.1286;0.01137;0.02026;0.1093;970.17;1.674;29084.8;594.7;44020.8;437.88;367.78;424.79;407.21;391.10;406.97;335.94;12.645;55.17;67.81;308;0.84;0
15;3;0.305;-0.3565;91.9;941.74;34.7164;22.590;89262;1444.2;25.33;0.1286;0.02026;0.03023;0.1622;866.02;1.601;29698.6;595.0;44042.2;438.10;367.95;424.57;406.99;390.87;406.74;335.68;12.390;55.19;67.58;305;0.83;0
15;4;0.305;-0.2139;76.9;941.76;34.7164;22.590;89261;1443.9;25.34;0.1286;0.03023;0.03856;0.2113;1034.21;2.036;28857.8;594.5;44012.8;437.80;367.71;424.87;407.30;391.19;407.05;336.03;12.742;55.16;67.90;302;0.82;0
15;5;0.305;-0.0713;68.4;941.75;34.7164;22.590;89262;1444.0;25.33;0.1286;0.03856;0.04598;0.2492;1162.72;2.409;29100.5;594.7;44021.3;437.89;367.78;424.78;407.21;391.10;406.96;335.93;12.638;55.17;67.81;300;0.81;0
15;6;0.305;0.0713;68.4;941.75;34.7164;22.590;89262;1444.0;25.33;0.1286;0.04598;0.05340;0.2806;1162.72;2.522;29348.1;594.8;44029.9;437.97;367.85;424.70;407.12;391.00;406.87;335.82;12.534;55.18;67.71;297;0.81;0
15;7;0.305;0.2139;76.9;941.75;34.7164;22.590;89262;1444.0;25.33;0.1286;0.05340;0.06174;0.3091;1034.21;2.350;29083.2;594.7;44020.7;437.88;367.78;424.79;407.21;391.10;406.97;335.94;12.646;55.17;67.81;295;0.80;0
15;8;0.305;0.3565;91.9;941.76;34.7164;22.590;89261;1443.9;25.34;0.1286;0.06174;0.07170;0.3376;866.02;2.072;28842.8;594.5;44012.3;437.80;367.70;424.88;407.30;391.20;407.06;336.04;12.749;55.16;67.90;292;0.79;0
15;9;0.305;0.4991;82.0;941.75;34.7164;22.590;89262;1444.0;25.33;0.1286;0.07170;0.08059;0.3700;970.17;2.440;29299.6;594.8;44028.2;437.96;367.84;424.71;407.13;391.02;406.89;335.85;12.554;55.18;67.73;289;0.79;0
15;10;0.305;0.6417;66.6;941.72;34.7164;22.589;89263;1444.7;25.31;0.1286;0.08059;0.08782;0.3975;1195.34;3.133;31318.1;595.7;44094.1;438.61;368.39;424.04;406.44;390.31;406.20;335.05;11.763;55.26;67.02;287;0.78;0
15;11;0.305;0.7843;38.2;941.61;34.7164;22.587;89269;1447.2;25.23;0.1286;0.08782;0.09199;0.4208;2080.15;5.608;42220.5;599.1;44341.8;441.08;370.46;421.52;403.84;387.63;403.59;332.07;8.774;55.57;64.34;285;0.77;0
16;0;0.332;-0.7843;38.2;936.65;34.7161;22.495;89541;1423.0;25.10;0.1290;0.00000;0.00416;0.0167;2047.71;3.164;33304.0;592.1;43465.6;432.36;363.14;421.89;404.56;388.67;404.32;334.19;10.904;54.47;65.37;313;0.86;0
16;1;0.332;-0.6417;66.6;936.72;34.7161;22.497;89536;1421.6;25.14;0.1290;0.00416;0.01137;0.0577;1176.70;1.906;28751.7;590.1;43328.9;431.00;362.00;423.32;406.03;390.18;405.79;335.88;12.590;54.30;66.89;311;0.86;0
16;2;0.332;-0.4991;82.0;936.72;34.7161;22.497;89536;1421.7;25.14;0.1290;0.01137;0.02026;0.1092;955.04;1.648;28984.0;590.2;43336.9;431.08;362.06;423.24;405.94;390.09;405.70;335.78;12.492;54.31;66.80;308;0.85;0
16;3;0.332;-0.3565;91.9;936.71;34.7161;22.496;89537;1421.9;25.13;0.1290;0.02026;0.03023;0.1620;852.51;1.576;29623.4;590.5;43358.1;431.29;362.24;423.02;405.71;389.85;405.47;335.52;12.228;54.34;66.56;305;0.84;0
16;4;0.332;-0.2139;76.9;936.72;34.7161;22.497;89536;1421.6;25.14;0.1290;0.03023;0.03857;0.2111;1018.09;2.004;28734.4;590.1;43327.8;430.99;361.99;423.33;406.04;390.19;405.80;335.89;12.598;54.30;66.90;302;0.83;0
16;5;0.332;-0.0713;68.4;936.72;34.7161;22.497;89536;1421.7;25.14;0.1290;0.03857;0.04598;0.2490;1144.59;2.371;28932.3;590.2;43335.0;431.06;362.05;423.25;405.96;390.11;405.72;335.80;12.514;54.31;66.82;300;0.83;0
16;6;0.332;0.0713;68.4;936.72;34.7161;22.496;89537;1421.8;25.14;0.1290;0.04598;0.05340;0.2803;1144.59;2.483;29165.2;590.3;43342.9;431.14;362.11;423.17;405.88;390.02;405.64;335.71;12.416;54.32;66.73;297;0.82;0
16;7;0.332;0.2139;76.9;936.72;34.7161;22.497;89536;1421.7;25.14;0.1290;0.05340;0.06174;0.3088;1018.09;2.313;28916.2;590.2;43334.5;431.06;362.04;423.26;405.97;390.12;405.73;335.81;12.520;54.31;66.83;295;0.81;0
16;8;0.332;0.3565;91.9;936.72;34.7161;22.497;89536;1421.6;25.14;0.1290;0.06174;0.07170;0.3373;852.51;2.039;28704.9;590.1;43326.8;430.98;361.98;423.34;406.05;390.20;405.81;335.90;12.610;54.30;66.91;292;0.81;0
16;9;0.332;0.4991;82.0;936.72;34.7161;22.496;89537;1421.8;25.14;0.1290;0.07170;0.08059;0.3697;955.04;2.402;29119.3;590.3;43341.3;431.12;362.10;423.19;405.89;390.04;405.65;335.73;12.435;54.31;66.75;289;0.80;0
16;10;0.332;0.6417;66.6;936.68;34.7161;22.496;89539;1422.4;25.12;0.1290;0.08059;0.08782;0.3973;1176.70;3.084;31067.9;591.2;43403.2;431.74;362.62;422.54;405.23;389.35;404.99;334.96;11.672;54.39;66.06;287;0.79;0
16;11;0.332;0.7843;38.2;936.54;34.7161;22.493;89546;1424.8;25.04;0.1290;0.08782;0.09199;0.4206;2047.71;5.520;41766.6;594.6;43642.7;434.12;364.62;420.05;402.66;386.71;402.42;332.02;8.730;54.69;63.42;285;0.78;0
17;0;0.360;-0.7843;38.2;931.47;34.7159;22.399;89826;1402.4;24.90;0.1294;0.00000;0.00416;0.0166;2016.03;3.115;33007.6;587.8;42789.0;425.63;357.48;420.44;403.38;387.74;403.14;334.12;10.830;53.62;64.45;313;0.88;0
17;1;0.360;-0.6417;66.6;931.56;34.7159;22.401;89821;1401.1;24.95;0.1294;0.00416;0.01137;0.0577;1158.50;1.876;28605.7;585.9;42659.0;424.34;356.40;421.82;404.81;389.21;404.57;335.75;12.459;53.46;65.92;311;0.87;0
17;2;0.360;-0.4991;82.0;931.56;34.7159;22.401;89821;1401.2;24.94;0.1294;0.01137;0.02026;0.1091;940.26;1.622;28886.2;586.1;42668.5;424.43;356.48;421.72;404.70;389.10;404.47;335.63;12.341;53.47;65.81;308;0.86;0
17;3;0.360;-0.3565;91.9;931.54;34.7159;22.401;89822;1401.4;24.94;0.1294;0.02026;0.03023;0.1618;839.33;1.552;29551.1;586.4;42690.5;424.65;356.66;421.49;404.46;388.86;404.23;335.36;12.069;53.50;65.57;305;0.85;0
17;4;0.360;-0.2139;76.9;931.56;34.7159;22.401;89821;1401.1;24.95;0.1294;0.03023;0.03857;0.2108;1002.34;1.973;28614.6;585.9;42659.4;424.34;356.40;421.82;404.80;389.21;404.57;335.75;12.455;53.46;65.92;302;0.85;0
17;5;0.360;-0.0713;68.4;931.56;34.7159;22.401;89821;1401.1;24.95;0.1294;0.03857;0.04598;0.2488;1126.88;2.335;28768.4;586.0;42664.4;424.39;356.44;421.76;404.75;389.15;404.51;335.68;12.390;53.47;65.86;300;0.84;0
17;6;0.360;0.0713;68.4;931.55;34.7159;22.401;89821;1401.2;24.94;0.1294;0.04598;0.05340;0.2801;1126.88;2.444;28987.0;586.1;42671.5;424.46;356.50;421.69;404.67;389.07;404.43;335.59;12.299;53.48;65.77;297;0.83;0
17;7;0.360;0.2139;76.9;931.56;34.7159;22.401;89821;1401.1;24.95;0.1294;0.05340;0.06174;0.3085;1002.34;2.278;28753.5;586.0;42663.9;424.39;356.44;421.77;404.75;389.15;404.51;335.69;12.396;53.47;65.86;295;0.83;0
17;8;0.360;0.3565;91.9;931.56;34.7159;22.401;89821;1401.0;24.95;0.1294;0.06174;0.07170;0.3370;839.33;2.008;28571.0;585.9;42657.8;424.33;356.39;421.84;404.82;389.22;404.58;335.76;12.474;53.46;65.93;292;0.82;0
17;9;0.360;0.4991;82.0;931.55;34.7159;22.401;89821;1401.2;24.94;0.1294;0.07170;0.08059;0.3694;940.26;2.365;28943.6;586.1;42670.1;424.45;356.49;421.70;404.68;389.08;404.45;335.61;12.317;53.47;65.79;289;0.81;0
17;10;0.360;0.6417;66.6;931.51;34.7159;22.400;89824;1401.8;24.92;0.1294;0.08059;0.08782;0.3970;1158.50;3.037;30823.6;586.9;42729.0;425.03;356.98;421.07;404.04;388.42;403.80;334.87;11.582;53.55;65.13;287;0.80;0
17;11;0.360;0.7843;38.2;931.34;34.7159;22.397;89833;1404.1;24.84;0.1295;0.08782;0.09199;0.4204;2016.03;5.435;41322.4;590.3;42960.6;427.34;358.92;418.61;401.50;385.81;401.26;331.98;8.686;53.84;62.52;285;0.79;0
18;0;0.390;-0.7843;38.2;926.15;34.7156;22.301;90121;1383.2;24.71;0.1299;0.00000;0.00416;0.0166;1984.94;3.067;32716.5;583.8;42124.6;419.02;351.93;419.01;402.22;386.84;401.99;334.05;10.757;52.79;63.55;313;0.89;0
18;1;0.390;-0.6417;66.6;926.26;34.7156;22.303;90115;1381.9;24.75;0.1299;0.00416;0.01137;0.0576;1140.64;1.848;28463.0;582.0;42001.7;417.80;350.91;420.35;403.61;388.26;403.37;335.62;12.329;52.64;64.96;311;0.89;0
18;2;0.390;-0.4991;82.0;926.26;34.7156;22.303;90115;1382.0;24.75;0.1299;0.01137;0.02026;0.1089;925.76;1.597;28791.3;582.1;42013.1;417.91;351.00;420.23;403.48;388.13;403.25;335.48;12.191;52.65;64.84;308;0.88;0
18;3;0.390;-0.3565;91.9;926.24;34.7156;22.302;90116;1382.3;24.74;0.1299;0.02026;0.03023;0.1616;826.38;1.528;29480.9;582.4;42034.9;418.13;351.18;420.00;403.24;387.88;403.01;335.20;11.912;52.68;64.59;305;0.87;0
18;4;0.390;-0.2139;76.9;926.26;34.7156;22.303;90115;1381.9;24.75;0.1299;0.03023;0.03857;0.2106;986.88;1.943;28497.8;582.0;42003.0;417.81;350.92;420.34;403.59;388.24;403.36;335.60;12.314;52.64;64.95;302;0.86;0
18;5;0.390;-0.0713;68.4;926.26;34.7156;22.303;90115;1382.0;24.75;0.1299;0.03857;0.04599;0.2486;1109.51;2.299;28608.2;582.0;42006.8;417.85;350.95;420.30;403.55;388.20;403.32;335.56;12.267;52.64;64.91;300;0.85;0
18;6;0.390;0.0713;68.4;926.25;34.7156;22.302;90116;1382.1;24.75;0.1299;0.04599;0.05340;0.2799;1109.51;2.407;28812.6;582.1;42013.3;417.91;351.00;420.22;403.47;388.12;403.24;335.47;12.182;52.65;64.83;297;0.85;0
18;7;0.390;0.2139;76.9;926.26;34.7156;22.303;90115;1382.0;24.75;0.1299;0.05340;0.06174;0.3082;986.88;2.242;28594.4;582.0;42005.9;417.84;350.94;420.31;403.56;388.21;403.32;335.56;12.273;52.64;64.91;295;0.84;0
18;8;0.390;0.3565;91.9;926.26;34.7156;22.303;90115;1381.9;24.75;0.1299;0.06174;0.07170;0.3366;826.38;1.977;28440.1;582.0;42001.0;417.79;350.90;420.36;403.61;388.26;403.38;335.63;12.338;52.64;64.97;292;0.83;0
18;9;0.390;0.4991;82.0;926.25;34.7156;22.302;90116;1382.0;24.75;0.1299;0.07170;0.08059;0.3691;925.76;2.329;28771.7;582.1;42012.0;417.90;350.99;420.24;403.49;388.14;403.26;335.49;12.199;52.65;64.85;289;0.82;0
18;10;0.390;0.6417;66.6;926.20;34.7156;22.302;90118;1382.6;24.73;0.1299;0.08059;0.08782;0.3967;1140.64;2.990;30583.9;582.9;42067.1;418.45;351.45;419.64;402.87;387.50;402.64;334.78;11.491;52.72;64.21;287;0.82;0
18;11;0.390;0.7843;38.2;926.01;34.7156;22.298;90129;1384.8;24.65;0.1299;0.08782;0.09199;0.4203;1984.94;5.351;40885.7;586.2;42290.8;420.67;353.32;417.21;400.37;384.93;400.13;331.93;8.642;53.00;61.64;285;0.81;0
19;0;0.420;-0.7843;38.2;920.70;34.7153;22.200;90427;1365.2;24.51;0.1303;0.00000;0.00416;0.0166;1954.32;3.020;32429.4;580.0;41470.2;412.51;346.47;417.61;401.09;385.94;400.86;333.97;10.684;51.97;62.65;313;0.90;0
19;1;0.420;-0.6417;66.6;920.82;34.7153;22.202;90420;1364.0;24.55;0.1303;0.00416;0.01137;0.0575;1123.04;1.819;28323.2;578.2;41354.6;411.36;345.50;418.90;402.42;387.31;402.19;335.49;12.199;51.83;64.02;311;0.90;0
19;2;0.420;-0.4991;82.0;920.82;34.7153;22.202;90420;1364.2;24.55;0.1303;0.01137;0.02026;0.1088;911.48;1.573;28698.4;578.4;41366.8;411.48;345.60;418.77;402.28;387.17;402.05;335.33;12.043;51.84;63.88;308;0.89;0
19;3;0.420;-0.3565;91.9;920.80;34.7153;22.201;90421;1364.4;24.54;0.1303;0.02026;0.03023;0.1614;813.63;1.504;29412.8;578.7;41389.3;411.71;345.79;418.52;402.03;386.92;401.80;335.05;11.756;51.87;63.63;305;0.88;0
19;4;0.420;-0.2139;76.9;920.82;34.7153;22.202;90420;1364.1;24.55;0.1303;0.03023;0.03857;0.2104;971.65;1.913;28383.5;578.2;41356.7;411.38;345.52;418.88;402.40;387.29;402.17;335.46;12.173;51.83;64.00;302;0.87;0
19;5;0.420;-0.0713;68.4;920.82;34.7153;22.202;90420;1364.1;24.55;0.1303;0.03857;0.04599;0.2484;1092.39;2.263;28450.8;578.3;41358.5;411.40;345.53;418.85;402.37;387.27;402.14;335.44;12.145;51.83;63.97;300;0.87;0
19;6;0.420;0.0713;68.4;920.81;34.7153;22.202;90420;1364.1;24.55;0.1303;0.04599;0.05341;0.2796;1092.39;2.369;28641.1;578.4;41364.4;411.46;345.58;418.79;402.30;387.19;402.07;335.36;12.066;51.84;63.90;297;0.86;0
19;7;0.420;0.2139;76.9;920.82;34.7153;22.202;90420;1364.1;24.55;0.1303;0.05341;0.06174;0.3080;971.65;2.208;28438.2;578.3;41358.1;411.40;345.53;418.86;402.38;387.27;402.15;335.44;12.150;51.83;63.98;295;0.85;0
19;8;0.420;0.3565;91.9;920.82;34.7153;22.202;90420;1364.0;24.55;0.1303;0.06174;0.07170;0.3363;813.63;1.946;28312.0;578.2;41354.3;411.36;345.50;418.90;402.42;387.32;402.19;335.49;12.203;51.82;64.03;292;0.84;0
19;9;0.420;0.4991;82.0;920.81;34.7153;22.202;90420;1364.1;24.55;0.1303;0.07170;0.08059;0.3687;911.48;2.293;28602.7;578.3;41363.2;411.45;345.57;418.80;402.32;387.21;402.09;335.37;12.082;51.84;63.92;289;0.84;0
19;10;0.420;0.6417;66.6;920.75;34.7153;22.201;90424;1364.6;24.53;0.1303;0.08059;0.08782;0.3964;1123.04;2.944;30347.8;579.1;41415.1;411.96;346.01;418.22;401.72;386.59;401.49;334.69;11.401;51.90;63.30;287;0.83;0
19;11;0.420;0.7843;38.2;920.53;34.7153;22.196;90436;1366.8;24.45;0.1303;0.08782;0.09199;0.4201;1954.32;5.269;40454.5;582.4;41631.0;414.11;347.81;415.82;399.25;384.06;399.02;331.89;8.598;52.17;60.77;285;0.82;0
20;0;0.452;-0.7843;38.2;915.10;34.7149;22.096;90743;1348.3;24.30;0.1308;0.00000;0.00416;0.0166;1924.03;2.973;32145.4;576.3;40823.6;406.08;341.06;416.21;399.96;385.06;399.73;333.90;10.610;51.16;61.77;313;0.92;0
20;1;0.452;-0.6417;66.6;915.24;34.7149;22.098;90735;1347.2;24.35;0.1308;0.00416;0.01137;0.0575;1105.63;1.791;28185.4;574.6;40714.2;404.99;340.15;417.47;401.25;386.38;401.02;335.36;12.068;51.02;63.09;311;0.91;0
20;2;0.452;-0.4991;82.0;915.23;34.7149;22.098;90736;1347.3;24.34;0.1308;0.01137;0.02026;0.1086;897.35;1.548;28607.5;574.8;40727.8;405.13;340.26;417.32;401.09;386.22;400.87;335.19;11.894;51.04;62.93;308;0.90;0
20;3;0.452;-0.3565;91.9;915.21;34.7149;22.098;90737;1347.6;24.33;0.1308;0.02026;0.03023;0.1612;801.02;1.481;29346.3;575.2;40750.4;405.35;340.45;417.07;400.84;385.96;400.61;334.89;11.601;51.07;62.67;305;0.89;0
20;4;0.452;-0.2139;76.9;915.24;34.7149;22.099;90735;1347.2;24.34;0.1308;0.03023;0.03857;0.2102;956.59;1.883;28271.1;574.7;40717.2;405.02;340.18;417.44;401.22;386.35;400.99;335.32;12.033;51.03;63.06;302;0.89;0
20;5;0.452;-0.0713;68.4;915.24;34.7149;22.098;90736;1347.2;24.34;0.1308;0.03857;0.04599;0.2481;1075.46;2.228;28295.6;574.7;40717.4;405.02;340.18;417.43;401.21;386.34;400.98;335.31;12.022;51.03;63.05;300;0.88;0
20;6;0.452;0.0713;68.4;915.23;34.7149;22.098;90736;1347.3;24.34;0.1308;0.04599;0.05341;0.2794;1075.46;2.333;28472.0;574.8;40722.8;405.08;340.22;417.36;401.14;386.27;400.92;335.24;11.949;51.03;62.98;297;0.87;0
20;7;0.452;0.2139;76.9;915.24;34.7149;22.098;90736;1347.2;24.34;0.1308;0.05341;0.06175;0.3077;956.59;2.174;28284.2;574.7;40717.1;405.02;340.17;417.43;401.21;386.34;400.99;335.32;12.027;51.03;63.05;295;0.87;0
20;8;0.452;0.3565;91.9;915.24;34.7149;22.099;90735;1347.2;24.35;0.1308;0.06175;0.07170;0.3359;801.02;1.916;28185.8;574.6;40714.3;404.99;340.15;417.47;401.25;386.38;401.02;335.36;12.068;51.02;63.09;292;0.86;0
20;9;0.452;0.4991;82.0;915.23;34.7149;22.098;90736;1347.3;24.34;0.1308;0.07170;0.08059;0.3684;897.35;2.257;28436.0;574.7;40721.6;405.07;340.21;417.38;401.15;386.29;400.93;335.25;11.964;51.03;63.00;289;0.85;0
20;10;0.452;0.6417;66.6;915.16;34.7149;22.097;90740;1347.8;24.32;0.1308;0.08059;0.08782;0.3962;1105.63;2.898;30114.4;575.5;40770.4;405.55;340.62;416.82;400.58;385.69;400.35;334.60;11.311;51.09;62.40;287;0.84;0
20;11;0.452;0.7843;38.2;914.91;34.7149;22.092;90754;1349.8;24.24;0.1308;0.08782;0.09199;0.4199;1924.03;5.187;40027.2;578.7;40978.7;407.62;342.36;414.45;398.14;383.20;397.92;331.84;8.553;51.35;59.91;285;0.83;0
21;0;0.485;-0.7843;38.2;909.36;34.7146;21.989;91071;1332.3;24.10;0.1312;0.00000;0.00416;0.0166;1894.00;2.927;31863.6;572.8;40181.9;399.70;335.70;414.83;398.84;384.18;398.62;333.83;10.536;50.36;60.89;313;0.93;0
21;1;0.485;-0.6417;66.6;909.52;34.7146;21.992;91062;1331.3;24.14;0.1312;0.00416;0.01137;0.0574;1088.38;1.763;28049.4;571.2;40079.5;398.68;334.85;416.04;400.08;385.46;399.86;335.23;11.938;50.23;62.16;311;0.93;0
21;2;0.485;-0.4991;82.0;909.50;34.7146;21.992;91063;1331.4;24.13;0.1312;0.01137;0.02026;0.1085;883.35;1.524;28518.2;571.4;40094.3;398.83;334.97;415.88;399.91;385.28;399.69;335.04;11.746;50.25;61.99;308;0.92;0
21;3;0.485;-0.3565;91.9;909.48;34.7146;21.992;91064;1331.6;24.12;0.1312;0.02026;0.03023;0.1610;788.52;1.458;29281.2;571.8;40116.6;399.05;335.16;415.62;399.65;385.01;399.43;334.74;11.446;50.27;61.72;305;0.91;0
21;4;0.485;-0.2139;76.9;909.52;34.7146;21.992;91062;1331.3;24.14;0.1312;0.03023;0.03857;0.2100;941.66;1.854;28160.5;571.2;40083.3;398.72;334.88;416.00;400.04;385.41;399.82;335.18;11.892;50.23;62.12;302;0.90;0
21;5;0.485;-0.0713;68.4;909.51;34.7146;21.992;91063;1331.3;24.14;0.1312;0.03857;0.04599;0.2479;1058.67;2.193;28142.4;571.2;40082.1;398.70;334.87;416.00;400.05;385.42;399.82;335.19;11.899;50.23;62.13;300;0.89;0
21;6;0.485;0.0713;68.4;909.50;34.7146;21.992;91063;1331.3;24.13;0.1312;0.04599;0.05341;0.2791;1058.67;2.296;28304.8;571.3;40086.8;398.75;334.91;415.95;399.99;385.36;399.77;335.12;11.832;50.24;62.07;297;0.89;0
21;7;0.485;0.2139;76.9;909.51;34.7146;21.992;91063;1331.3;24.14;0.1312;0.05341;0.06175;0.3074;941.66;2.140;28132.1;571.2;40081.8;398.70;334.87;416.01;400.05;385.42;399.83;335.19;11.903;50.23;62.13;295;0.88;0
21;8;0.485;0.3565;91.9;909.52;34.7146;21.992;91062;1331.3;24.14;0.1312;0.06175;0.07171;0.3355;788.52;1.886;28061.5;571.2;40080.0;398.68;334.85;416.03;400.08;385.45;399.86;335.22;11.933;50.23;62.16;292;0.87;0
21;9;0.485;0.4991;82.0;909.50;34.7146;21.992;91063;1331.3;24.13;0.1312;0.07171;0.08060;0.3681;883.35;2.222;28271.2;571.3;40085.8;398.74;334.90;415.96;400.00;385.37;399.78;335.14;11.846;50.24;62.08;289;0.86;0
21;10;0.485;0.6417;66.6;909.43;34.7146;21.991;91067;1331.8;24.12;0.1312;0.08060;0.08782;0.3959;1088.38;2.853;29883.1;572.0;40131.5;399.20;335.28;415.42;399.44;384.80;399.22;334.51;11.220;50.29;61.51;287;0.85;0
21;11;0.485;0.7843;38.2;909.15;34.7146;21.986;91083;1333.8;24.04;0.1312;0.08782;0.09199;0.4198;1894.00;5.106;39602.7;575.2;40332.2;401.19;336.96;413.08;397.04;382.34;396.82;331.80;8.508;50.54;59.05;285;0.85;0
22;0;0.520;-0.7843;38.2;903.46;34.7143;21.880;91411;1317.1;23.89;0.1317;0.00000;0.00416;0.0166;1864.12;2.880;31583.1;569.4;39543.7;393.35;330.37;413.46;397.73;383.31;397.51;333.75;10.460;49.56;60.02;313;0.95;0
22;1;0.520;-0.6417;66.6;903.64;34.7143;21.883;91401;1316.1;23.93;0.1317;0.00416;0.01137;0.0573;1071.20;1.735;27914.8;567.9;39447.8;392.39;329.57;414.62;398.92;384.53;398.70;335.10;11.806;49.44;61.24;311;0.94;0
22;2;0.520;-0.4991;82.0;903.63;34.7143;21.883;91402;1316.3;23.92;0.1317;0.01137;0.02026;0.1083;869.41;1.500;28430.2;568.1;39463.7;392.55;329.70;414.44;398.74;384.34;398.52;334.89;11.597;49.46;61.05;308;0.93;0
22;3;0.520;-0.3565;91.9;903.60;34.7143;21.883;91404;1316.5;23.91;0.1317;0.02026;0.03023;0.1607;776.08;1.435;29217.5;568.5;39486.6;392.78;329.89;414.18;398.47;384.07;398.25;334.58;11.291;49.48;60.78;305;0.92;0
22;4;0.520;-0.2139;76.9;903.64;34.7143;21.883;91401;1316.2;23.92;0.1317;0.03023;0.03857;0.2097;926.81;1.825;28051.2;567.9;39452.3;392.44;329.61;414.57;398.87;384.48;398.65;335.04;11.750;49.44;61.19;302;0.92;0
22;5;0.520;-0.0713;68.4;903.63;34.7143;21.883;91402;1316.1;23.93;0.1317;0.03857;0.04599;0.2477;1041.97;2.159;27990.4;567.9;39449.7;392.41;329.59;414.59;398.89;384.50;398.68;335.07;11.775;49.44;61.21;300;0.91;0
22;6;0.520;0.0713;68.4;903.62;34.7143;21.883;91402;1316.2;23.92;0.1317;0.04599;0.05341;0.2789;1041.97;2.260;28138.9;568.0;39453.9;392.46;329.62;414.54;398.84;384.45;398.62;335.00;11.714;49.44;61.16;297;0.90;0
22;7;0.520;0.2139;76.9;903.63;34.7143;21.883;91402;1316.1;23.93;0.1317;0.05341;0.06175;0.3071;926.81;2.106;27981.3;567.9;39449.5;392.41;329.58;414.60;398.90;384.51;398.68;335.07;11.779;49.44;61.22;295;0.89;0
22;8;0.520;0.3565;91.9;903.64;34.7143;21.883;91401;1316.1;23.93;0.1317;0.06175;0.07171;0.3352;776.08;1.857;27938.4;567.9;39448.7;392.40;329.58;414.61;398.91;384.52;398.70;335.09;11.797;49.44;61.23;292;0.88;0
22;9;0.520;0.4991;82.0;903.62;34.7143;21.883;91402;1316.2;23.92;0.1317;0.07171;0.08060;0.3677;869.41;2.187;28107.7;568.0;39453.0;392.45;329.61;414.55;398.85;384.46;398.63;335.02;11.727;49.44;61.17;289;0.88;0
22;10;0.520;0.6417;66.6;903.54;34.7143;21.882;91407;1316.6;23.91;0.1317;0.08060;0.08782;0.3956;1071.20;2.808;29653.1;568.7;39495.6;392.87;329.97;414.03;398.32;383.91;398.10;334.42;11.128;49.50;60.62;287;0.87;0
22;11;0.520;0.7843;38.2;903.23;34.7143;21.876;91425;1318.5;23.83;0.1317;0.08782;0.09199;0.4196;1864.12;5.025;39179.5;571.8;39688.8;394.79;331.58;411.73;395.95;381.49;395.73;331.75;8.463;49.74;58.20;285;0.86;0
23;0;0.556;-0.7843;38.2;897.42;34.7139;21.768;91763;1302.5;23.67;0.1322;0.00000;0.00416;0.0166;1834.33;2.834;31303.2;566.2;38907.6;387.02;325.06;412.09;396.61;382.43;396.40;333.67;10.384;48.76;59.14;313;0.96;0
23;1;0.556;-0.6417;66.6;897.61;34.7139;21.772;91752;1301.7;23.71;0.1322;0.00416;0.01137;0.0572;1054.09;1.707;27781.2;564.7;38818.0;386.13;324.31;413.21;397.76;383.61;397.55;334.96;11.674;48.65;60.32;311;0.96;0
23;2;0.556;-0.4991;82.0;897.59;34.7139;21.771;91753;1301.8;23.70;0.1322;0.01137;0.02026;0.1082;855.52;1.476;28343.5;565.0;38835.5;386.30;324.45;413.01;397.56;383.41;397.35;334.74;11.447;48.67;60.12;308;0.95;0
23;3;0.556;-0.3565;91.9;897.56;34.7139;21.771;91755;1302.1;23.70;0.1322;0.02026;0.03023;0.1605;763.68;1.412;29154.9;565.3;38858.0;386.53;324.64;412.74;397.29;383.12;397.07;334.43;11.135;48.70;59.83;305;0.94;0
23;4;0.556;-0.2139;76.9;897.61;34.7139;21.772;91752;1301.7;23.71;0.1322;0.03023;0.03857;0.2095;912.00;1.795;27943.0;564.8;38823.2;386.18;324.35;413.15;397.71;383.55;397.49;334.90;11.608;48.65;60.26;302;0.93;0
23;5;0.556;-0.0713;68.4;897.60;34.7139;21.772;91753;1301.7;23.71;0.1322;0.03857;0.04599;0.2474;1025.32;2.124;27839.4;564.7;38819.3;386.14;324.32;413.19;397.74;383.59;397.53;334.94;11.650;48.65;60.30;300;0.92;0
23;6;0.556;0.0713;68.4;897.59;34.7139;21.771;91753;1301.7;23.71;0.1322;0.04599;0.05341;0.2786;1025.32;2.224;27974.0;564.8;38822.9;386.18;324.35;413.14;397.69;383.54;397.48;334.89;11.595;48.65;60.25;297;0.92;0
23;7;0.556;0.2139;76.9;897.60;34.7139;21.772;91753;1301.7;23.71;0.1322;0.05341;0.06175;0.3068;912.00;2.072;27831.5;564.7;38819.1;386.14;324.32;413.19;397.75;383.59;397.53;334.94;11.653;48.65;60.30;295;0.91;0
23;8;0.556;0.3565;91.9;897.61;34.7139;21.772;91752;1301.7;23.71;0.1322;0.06175;0.07171;0.3348;763.68;1.827;27816.5;564.7;38819.3;386.14;324.32;413.20;397.75;383.60;397.54;334.95;11.659;48.65;60.31;292;0.90;0
23;9;0.556;0.4991;82.0;897.59;34.7139;21.771;91753;1301.7;23.71;0.1322;0.07171;0.08060;0.3673;855.52;2.152;27945.2;564.8;38822.1;386.17;324.34;413.15;397.70;383.55;397.49;334.90;11.606;48.65;60.26;289;0.89;0
23;10;0.556;0.6417;66.6;897.51;34.7139;21.770;91758;1302.1;23.69;0.1322;0.08060;0.08782;0.3953;1054.09;2.763;29423.8;565.4;38861.7;386.56;324.67;412.65;397.19;383.03;396.98;334.33;11.034;48.70;59.74;287;0.88;0
23;11;0.556;0.7843;38.2;897.17;34.7139;21.763;91778;1303.9;23.61;0.1322;0.08782;0.09199;0.4194;1834.33;4.945;38756.7;568.5;39047.4;388.41;326.23;410.38;394.86;380.64;394.65;331.71;8.417;48.93;57.35;285;0.87;0
24;0;0.593;-0.7843;38.2;891.22;34.7136;21.653;92128;1288.6;23.45;0.1327;0.00000;0.00416;0.0165;1804.58;2.788;31023.7;563.0;38272.6;380.70;319.75;410.71;395.50;381.56;395.29;333.60;10.307;47.96;58.27;313;0.98;0
24;1;0.593;-0.6417;66.6;891.42;34.7136;21.657;92116;1287.8;23.49;0.1327;0.00416;0.01137;0.0572;1036.99;1.680;27648.5;561.6;38189.4;379.88;319.06;411.79;396.61;382.69;396.39;334.83;11.540;47.86;59.40;311;0.97;0
24;2;0.593;-0.4991;82.0;891.40;34.7136;21.657;92117;1288.0;23.49;0.1327;0.01137;0.02026;0.1080;841.65;1.452;28257.6;561.9;38207.4;380.06;319.21;411.58;396.39;382.47;396.18;334.59;11.296;47.88;59.18;308;0.96;0
24;3;0.593;-0.3565;91.9;891.37;34.7136;21.656;92119;1288.2;23.48;0.1327;0.02026;0.03023;0.1603;751.30;1.389;29093.4;562.2;38230.3;380.28;319.40;411.31;396.11;382.18;395.90;334.27;10.978;47.91;58.89;305;0.95;0
24;4;0.593;-0.2139;76.9;891.42;34.7136;21.657;92116;1287.9;23.49;0.1327;0.03023;0.03857;0.2092;897.21;1.766;27835.7;561.7;38195.3;379.94;319.11;411.73;396.54;382.62;396.33;334.75;11.464;47.87;59.33;302;0.95;0
24;5;0.593;-0.0713;68.4;891.41;34.7136;21.657;92117;1287.8;23.49;0.1327;0.03857;0.04599;0.2472;1008.69;2.090;27689.3;561.6;38190.1;379.88;319.06;411.77;396.59;382.67;396.38;334.81;11.523;47.86;59.38;300;0.94;0
24;6;0.593;0.0713;68.4;891.40;34.7136;21.657;92117;1287.8;23.49;0.1327;0.04599;0.05341;0.2783;1008.69;2.188;27809.8;561.7;38193.1;379.91;319.09;411.73;396.55;382.63;396.34;334.76;11.474;47.86;59.34;297;0.93;0
24;7;0.593;0.2139;76.9;891.42;34.7136;21.657;92117;1287.8;23.49;0.1327;0.05341;0.06175;0.3064;897.21;2.039;27682.6;561.6;38189.9;379.88;319.06;411.78;396.59;382.68;396.38;334.82;11.526;47.86;59.38;295;0.92;0
24;8;0.593;0.3565;91.9;891.42;34.7136;21.657;92116;1287.8;23.49;0.1327;0.06175;0.07171;0.3344;751.30;1.797;27695.5;561.6;38191.0;379.89;319.07;411.77;396.59;382.67;396.38;334.81;11.521;47.86;59.38;292;0.91;0
24;9;0.593;0.4991;82.0;891.41;34.7136;21.657;92117;1287.8;23.49;0.1327;0.07171;0.08060;0.3670;841.65;2.117;27783.5;561.7;38192.4;379.91;319.08;411.74;396.56;382.64;396.34;334.78;11.485;47.86;59.35;289;0.91;0
24;10;0.593;0.6417;66.6;891.31;34.7136;21.655;92123;1288.2;23.47;0.1327;0.08060;0.08782;0.3949;1036.99;2.718;29195.1;562.3;38229.1;380.27;319.39;411.26;396.07;382.14;395.86;334.23;10.940;47.91;58.85;287;0.90;0
24;11;0.593;0.7843;38.2;890.94;34.7136;21.648;92145;1289.9;23.39;0.1327;0.08782;0.09199;0.4192;1804.58;4.865;38333.7;565.3;38406.9;382.04;320.87;409.03;393.77;379.79;393.56;331.66;8.371;48.13;56.50;285;0.89;0
25;0;0.632;-0.7843;38.2;884.86;34.7132;21.535;92506;1275.2;23.23;0.1332;0.00000;0.00415;0.0165;1774.80;2.742;30743.7;559.9;37636.9;374.38;314.44;409.34;394.39;380.68;394.18;333.52;10.228;47.17;57.39;313;0.99;0
25;1;0.632;-0.6417;66.6;885.08;34.7132;21.539;92493;1274.5;23.27;0.1332;0.00415;0.01137;0.0571;1019.88;1.652;27516.4;558.6;37559.8;373.61;313.80;410.37;395.45;381.76;395.24;334.69;11.404;47.07;58.47;311;0.99;0
25;2;0.632;-0.4991;82.0;885.06;34.7132;21.539;92495;1274.7;23.26;0.1332;0.01137;0.02026;0.1079;827.76;1.428;28172.6;558.9;37578.8;373.80;313.96;410.15;395.22;381.53;395.01;334.43;11.144;47.09;58.24;308;0.98;0
25;3;0.632;-0.3565;91.9;885.02;34.7132;21.538;92497;1274.9;23.25;0.1332;0.02026;0.03023;0.1600;738.90;1.366;29032.8;559.3;37601.7;374.03;314.15;409.87;394.93;381.23;394.72;334.11;10.820;47.12;57.94;305;0.97;0
25;4;0.632;-0.2139;76.9;885.08;34.7132;21.539;92494;1274.5;23.27;0.1332;0.03023;0.03858;0.2090;882.40;1.737;27729.2;558.7;37566.4;373.68;313.85;410.30;395.37;381.69;395.16;334.61;11.318;47.08;58.40;302;0.96;0
25;5;0.632;-0.0713;68.4;885.07;34.7132;21.539;92494;1274.5;23.27;0.1332;0.03858;0.04599;0.2469;992.05;2.055;27539.6;558.6;37559.9;373.62;313.80;410.36;395.44;381.75;395.23;334.69;11.394;47.07;58.46;300;0.96;0
25;6;0.632;0.0713;68.4;885.06;34.7132;21.539;92495;1274.5;23.27;0.1332;0.04599;0.05341;0.2780;992.05;2.152;27646.0;558.6;37562.4;373.64;313.82;410.33;395.40;381.71;395.19;334.64;11.351;47.07;58.42;297;0.95;0
25;7;0.632;0.2139;76.9;885.07;34.7132;21.539;92494;1274.5;23.27;0.1332;0.05341;0.06175;0.3061;882.40;2.005;27534.1;558.6;37559.8;373.61;313.80;410.37;395.44;381.76;395.23;334.69;11.397;47.07;58.47;295;0.94;0
25;8;0.632;0.3565;91.9;885.08;34.7132;21.539;92493;1274.5;23.27;0.1332;0.06175;0.07171;0.3340;738.90;1.768;27575.1;558.6;37561.7;373.63;313.81;410.35;395.43;381.74;395.22;334.67;11.380;47.07;58.45;292;0.93;0
25;9;0.632;0.4991;82.0;885.06;34.7132;21.539;92494;1274.5;23.27;0.1332;0.07171;0.08060;0.3666;827.76;2.082;27622.2;558.6;37561.8;373.63;313.81;410.34;395.41;381.72;395.20;334.65;11.361;47.07;58.43;289;0.92;0
25;10;0.632;0.6417;66.6;884.96;34.7132;21.537;92500;1274.8;23.25;0.1332;0.08060;0.08782;0.3946;1019.88;2.673;28966.3;559.2;37595.6;373.97;314.10;409.88;394.94;381.25;394.73;334.13;10.843;47.11;57.96;287;0.91;0
25;11;0.632;0.7843;38.2;884.56;34.7132;21.530;92524;1276.5;23.17;0.1332;0.08782;0.09199;0.4190;1774.80;4.785;37909.3;562.2;37766.0;375.67;315.52;407.68;392.69;378.94;392.48;331.61;8.323;47.33;55.65;285;0.90;0
26;0;0.672;-0.7843;38.2;878.34;34.7128;21.415;92898;1262.3;23.00;0.1337;0.00000;0.00415;0.0165;1744.96;2.696;30462.9;556.9;36999.8;368.04;309.12;407.97;393.27;379.81;393.07;333.44;10.147;46.37;56.52;313;1.01;0
26;1;0.672;-0.6417;66.6;878.57;34.7128;21.419;92885;1261.6;23.04;0.1337;0.00415;0.01137;0.0570;1002.73;1.624;27384.7;555.6;36928.8;367.34;308.53;408.95;394.28;380.84;394.08;334.56;11.266;46.28;57.55;311;1.01;0
26;2;0.672;-0.4991;82.0;878.55;34.7128;21.418;92886;1261.8;23.03;0.1337;0.01137;0.02026;0.1077;813.84;1.404;28088.5;555.9;36949.2;367.54;308.70;408.71;394.04;380.59;393.83;334.28;10.990;46.30;57.29;308;1.00;0
26;3;0.672;-0.3565;91.9;878.50;34.7128;21.418;92889;1262.0;23.02;0.1337;0.02026;0.03024;0.1598;726.47;1.343;28973.1;556.3;36971.7;367.76;308.88;408.43;393.74;380.28;393.54;333.95;10.661;46.33;56.99;305;0.99;0
26;4;0.672;-0.2139;76.9;878.57;34.7128;21.419;92885;1261.7;23.04;0.1337;0.03024;0.03858;0.2087;867.56;1.708;27623.3;555.7;36936.0;367.41;308.59;408.87;394.20;380.75;394.00;334.46;11.171;46.29;57.46;302;0.98;0
26;5;0.672;-0.0713;68.4;878.57;34.7128;21.419;92885;1261.6;23.04;0.1337;0.03858;0.04599;0.2467;975.37;2.021;27390.2;555.6;36928.4;367.33;308.52;408.95;394.28;380.83;394.08;334.55;11.264;46.28;57.54;300;0.97;0
26;6;0.672;0.0713;68.4;878.55;34.7128;21.418;92886;1261.6;23.04;0.1337;0.04599;0.05341;0.2778;975.37;2.116;27482.4;555.7;36930.4;367.35;308.54;408.92;394.25;380.80;394.04;334.52;11.227;46.28;57.51;297;0.96;0
26;7;0.672;0.2139;76.9;878.57;34.7128;21.419;92885;1261.6;23.04;0.1337;0.05341;0.06175;0.3058;867.56;1.971;27385.9;555.6;36928.3;367.33;308.52;408.95;394.28;380.83;394.08;334.56;11.266;46.28;57.54;295;0.96;0
26;8;0.672;0.3565;91.9;878.57;34.7128;21.419;92885;1261.6;23.04;0.1337;0.06175;0.07171;0.3336;726.47;1.738;27455.2;555.7;36931.1;367.36;308.54;408.93;394.26;380.81;394.05;334.53;11.238;46.28;57.52;292;0.95;0
26;9;0.672;0.4991;82.0;878.56;34.7128;21.418;92886;1261.6;23.04;0.1337;0.07171;0.08060;0.3662;813.84;2.047;27461.0;555.7;36929.9;367.35;308.53;408.93;394.25;380.81;394.05;334.53;11.235;46.28;57.52;289;0.94;0
26;10;0.672;0.6417;66.6;878.45;34.7128;21.417;92892;1261.9;23.02;0.1337;0.08060;0.08782;0.3943;1002.73;2.628;28737.1;556.2;36960.7;367.66;308.79;408.49;393.81;380.36;393.61;334.04;10.745;46.32;57.06;287;0.93;0
26;11;0.672;0.7843;38.2;878.02;34.7128;21.409;92918;1263.5;22.95;0.1337;0.08782;0.09199;0.4188;1744.96;4.704;37483.2;559.1;37124.2;369.28;310.16;406.32;391.59;378.09;391.39;331.57;8.275;46.52;54.80;285;0.92;0
27;0;0.715;-0.7843;38.2;871.66;34.7124;21.291;93305;1249.7;22.77;0.1342;0.00000;0.00415;0.0165;1715.02;2.650;30181.2;554.0;36360.6;361.69;303.78;406.59;392.15;378.92;391.95;333.36;10.065;45.57;55.63;313;1.03;0
27;1;0.715;-0.6417;66.6;871.91;34.7124;21.295;93290;1249.1;22.81;0.1342;0.00415;0.01137;0.0569;985.53;1.596;27253.4;552.7;36296.1;361.04;303.24;407.52;393.11;379.90;392.91;334.42;11.127;45.49;56.61;311;1.02;0
27;2;0.715;-0.4991;82.0;871.88;34.7124;21.295;93292;1249.3;22.80;0.1342;0.01137;0.02026;0.1075;799.87;1.380;28004.9;553.1;36316.8;361.25;303.41;407.27;392.85;379.64;392.65;334.13;10.834;45.51;56.35;308;1.01;0
27;3;0.715;-0.3565;91.9;871.83;34.7124;21.294;93295;1249.5;22.79;0.1342;0.02026;0.03024;0.1595;714.01;1.320;28914.3;553.5;36339.7;361.48;303.60;406.98;392.55;379.33;392.35;333.79;10.500;45.54;56.04;305;1.00;0
27;4;0.715;-0.2139;76.9;871.90;34.7124;21.295;93290;1249.2;22.81;0.1342;0.03024;0.03858;0.2084;852.68;1.679;27518.0;552.9;36303.9;361.12;303.30;407.44;393.02;379.81;392.82;334.31;11.022;45.50;56.52;302;1.00;0
27;5;0.715;-0.0713;68.4;871.90;34.7124;21.295;93291;1249.1;22.81;0.1342;0.03858;0.04600;0.2464;958.63;1.986;27241.0;552.7;36295.1;361.03;303.23;407.53;393.12;379.91;392.92;334.42;11.131;45.48;56.62;300;0.99;0
27;6;0.715;0.0713;68.4;871.89;34.7124;21.295;93291;1249.1;22.81;0.1342;0.04600;0.05341;0.2775;958.63;2.079;27318.9;552.8;36296.6;361.05;303.24;407.50;393.09;379.88;392.89;334.39;11.100;45.49;56.59;297;0.98;0
27;7;0.715;0.2139;76.9;871.90;34.7124;21.295;93290;1249.1;22.81;0.1342;0.05341;0.06175;0.3054;852.68;1.938;27237.9;552.7;36295.0;361.03;303.23;407.53;393.12;379.91;392.92;334.42;11.133;45.48;56.62;295;0.97;0
27;8;0.715;0.3565;91.9;871.91;34.7124;21.295;93290;1249.1;22.81;0.1342;0.06175;0.07171;0.3331;714.01;1.708;27335.8;552.8;36298.7;361.07;303.26;407.50;393.08;379.87;392.88;334.38;11.094;45.49;56.58;292;0.96;0
27;9;0.715;0.4991;82.0;871.89;34.7124;21.295;93291;1249.1;22.81;0.1342;0.07171;0.08060;0.3658;799.87;2.012;27300.0;552.8;36296.1;361.04;303.24;407.51;393.09;379.88;392.89;334.40;11.108;45.49;56.59;289;0.95;0
27;10;0.715;0.6417;66.6;871.78;34.7124;21.293;93298;1249.4;22.79;0.1342;0.08060;0.08782;0.3939;985.53;2.583;28507.4;553.3;36323.8;361.32;303.47;407.10;392.68;379.46;392.48;333.94;10.645;45.52;56.17;287;0.94;0
27;11;0.715;0.7843;38.2;871.32;34.7124;21.284;93326;1250.9;22.72;0.1343;0.08782;0.09199;0.4186;1715.02;4.623;37054.9;556.1;36479.8;362.87;304.77;404.97;390.49;377.23;390.29;331.52;8.225;45.72;53.94;285;0.94;0
28;0;0.759;-0.7843;38.2;864.82;34.7120;21.164;93726;1237.5;22.54;0.1348;0.00000;0.00415;0.0165;1684.93;2.604;29898.0;551.1;35719.0;355.30;298.42;405.20;391.02;378.03;390.83;333.27;9.981;44.76;54.74;313;1.05;0
28;1;0.759;-0.6417;66.6;865.07;34.7120;21.169;93710;1237.0;22.57;0.1348;0.00415;0.01137;0.0568;968.24;1.568;27122.2;549.9;35660.0;354.72;297.92;406.09;391.94;378.96;391.74;334.28;10.985;44.69;55.67;311;1.04;0
28;2;0.759;-0.4991;82.0;865.04;34.7120;21.168;93712;1237.2;22.56;0.1348;0.01137;0.02026;0.1073;785.84;1.356;27922.0;550.3;35681.6;354.93;298.10;405.83;391.66;378.68;391.47;333.97;10.676;44.72;55.39;308;1.03;0
28;3;0.759;-0.3565;91.9;864.99;34.7120;21.167;93716;1237.4;22.55;0.1348;0.02026;0.03024;0.1592;701.48;1.297;28856.2;550.7;35704.3;355.16;298.29;405.53;391.36;378.37;391.16;333.63;10.337;44.74;55.08;305;1.02;0
28;4;0.759;-0.2139;76.9;865.07;34.7120;21.168;93711;1237.0;22.57;0.1348;0.03024;0.03858;0.2081;837.72;1.649;27413.1;550.0;35668.4;354.80;297.99;405.99;391.84;378.86;391.64;334.16;10.871;44.70;55.57;302;1.01;0
28;5;0.759;-0.0713;68.4;865.07;34.7120;21.168;93711;1237.0;22.57;0.1348;0.03858;0.04600;0.2461;941.81;1.951;27091.8;549.9;35658.5;354.70;297.91;406.10;391.95;378.97;391.75;334.29;10.996;44.69;55.68;300;1.01;0
28;6;0.759;0.0713;68.4;865.05;34.7120;21.168;93712;1237.0;22.57;0.1348;0.04600;0.05341;0.2771;941.81;2.043;27155.1;549.9;35659.5;354.71;297.92;406.08;391.92;378.95;391.73;334.26;10.971;44.69;55.66;297;1.00;0
28;7;0.759;0.2139;76.9;865.07;34.7120;21.168;93711;1237.0;22.57;0.1348;0.05341;0.06175;0.3050;837.72;1.904;27089.9;549.9;35658.5;354.70;297.91;406.10;391.95;378.97;391.75;334.29;10.997;44.69;55.68;295;0.99;0
28;8;0.759;0.3565;91.9;865.07;34.7120;21.169;93710;1237.0;22.57;0.1348;0.06175;0.07171;0.3327;701.48;1.678;27216.7;549.9;35662.9;354.75;297.95;406.06;391.90;378.93;391.71;334.24;10.947;44.69;55.64;292;0.98;0
28;9;0.759;0.4991;82.0;865.06;34.7120;21.168;93712;1237.0;22.57;0.1348;0.07171;0.08061;0.3654;785.84;1.977;27138.8;549.9;35659.1;354.71;297.92;406.08;391.93;378.96;391.73;334.27;10.978;44.69;55.67;289;0.97;0
28;10;0.759;0.6417;66.6;864.94;34.7120;21.166;93719;1237.2;22.56;0.1348;0.08061;0.08783;0.3936;968.24;2.538;28276.8;550.4;35684.4;354.96;298.13;405.69;391.53;378.55;391.34;333.83;10.543;44.72;55.26;287;0.96;0
28;11;0.759;0.7843;38.2;864.45;34.7120;21.157;93749;1238.6;22.48;0.1348;0.08783;0.09199;0.4184;1684.93;4.542;36623.5;553.2;35832.6;356.43;299.37;403.60;389.39;376.37;389.20;331.46;8.174;44.91;53.08;285;0.95;0
29;0;0.804;-0.7843;38.2;857.81;34.7115;21.034;94163;1225.7;22.30;0.1354;0.00000;0.00415;0.0165;1654.69;2.557;29613.3;548.2;35073.6;348.88;293.03;403.80;389.89;377.14;389.70;333.19;9.895;43.95;53.85;313;1.07;0
29;1;0.804;-0.6417;66.6;858.07;34.7115;21.039;94146;1225.1;22.33;0.1353;0.00415;0.01137;0.0567;950.86;1.540;26991.2;547.1;35020.5;348.36;292.58;404.65;390.75;378.02;390.56;334.13;10.840;43.89;54.73;311;1.06;0
29;2;0.804;-0.4991;82.0;858.04;34.7115;21.038;94149;1225.4;22.32;0.1353;0.01137;0.02027;0.1072;771.74;1.331;27839.9;547.5;35043.2;348.58;292.77;404.36;390.46;377.72;390.27;333.81;10.516;43.92;54.43;308;1.05;0
29;3;0.804;-0.3565;91.9;857.98;34.7115;21.037;94152;1225.6;22.31;0.1353;0.02027;0.03024;0.1589;688.89;1.274;28799.0;547.9;35065.8;348.81;292.96;404.06;390.15;377.41;389.96;333.46;10.173;43.94;54.12;305;1.04;0
29;4;0.804;-0.2139;76.9;858.07;34.7115;21.039;94147;1225.2;22.33;0.1353;0.03024;0.03858;0.2078;822.68;1.620;27308.7;547.3;35029.8;348.45;292.66;404.54;390.64;377.91;390.45;334.01;10.717;43.90;54.62;302;1.03;0
29;5;0.804;-0.0713;68.4;858.07;34.7115;21.039;94147;1225.1;22.33;0.1353;0.03858;0.04600;0.2458;924.91;1.916;26942.5;547.1;35018.4;348.33;292.56;404.66;390.77;378.03;390.58;334.15;10.859;43.88;54.74;300;1.02;0
29;6;0.804;0.0713;68.4;858.05;34.7115;21.038;94148;1225.1;22.33;0.1353;0.04600;0.05342;0.2768;924.91;2.006;26991.2;547.1;35018.9;348.34;292.57;404.64;390.75;378.02;390.56;334.13;10.839;43.89;54.72;297;1.02;0
29;7;0.804;0.2139;76.9;858.07;34.7115;21.039;94147;1225.1;22.33;0.1353;0.05342;0.06176;0.3047;822.68;1.869;26941.9;547.1;35018.4;348.33;292.56;404.66;390.77;378.03;390.58;334.15;10.859;43.88;54.74;295;1.01;0
29;8;0.804;0.3565;91.9;858.07;34.7115;21.039;94146;1225.2;22.33;0.1353;0.06176;0.07172;0.3322;688.89;1.648;27097.8;547.2;35023.6;348.39;292.61;404.61;390.72;377.98;390.52;334.09;10.798;43.89;54.69;292;1.00;0
29;9;0.804;0.4991;82.0;858.06;34.7115;21.038;94147;1225.1;22.33;0.1353;0.07172;0.08061;0.3649;771.74;1.942;26977.4;547.1;35018.7;348.34;292.57;404.65;390.75;378.02;390.56;334.14;10.845;43.88;54.73;289;0.99;0
29;10;0.804;0.6417;66.6;857.94;34.7115;21.036;94155;1225.3;22.32;0.1353;0.08061;0.08783;0.3932;950.86;2.492;28045.2;547.6;35041.2;348.56;292.75;404.28;390.38;377.64;390.19;333.73;10.439;43.91;54.35;287;0.98;0
29;11;0.804;0.7843;38.2;857.42;34.7115;21.027;94188;1226.7;22.24;0.1354;0.08783;0.09199;0.4181;1654.69;4.461;36189.0;550.3;35182.0;349.96;293.93;402.23;388.28;375.50;388.09;331.41;8.122;44.09;52.21;285;0.97;0
30;0;0.852;-0.7843;38.2;850.63;34.7111;20.901;94616;1214.0;22.06;0.1359;0.00000;0.00415;0.0165;1624.26;2.510;29326.7;545.4;34424.3;342.43;287.60;402.39;388.75;376.24;388.56;333.10;9.807;43.14;52.95;313;1.09;0
30;1;0.852;-0.6417;66.6;850.91;34.7111;20.906;94598;1213.6;22.09;0.1359;0.00415;0.01137;0.0567;933.37;1.512;26860.3;544.4;34377.4;341.96;287.21;403.19;389.56;377.06;389.37;333.98;10.693;43.08;53.77;311;1.08;0
30;2;0.852;-0.4991;82.0;850.87;34.7111;20.905;94601;1213.8;22.08;0.1359;0.01137;0.02027;0.1070;757.54;1.307;27758.1;544.8;34400.3;342.19;287.40;402.90;389.26;376.75;389.07;333.64;10.354;43.11;53.46;308;1.07;0
30;3;0.852;-0.3565;91.9;850.80;34.7111;20.904;94605;1214.0;22.07;0.1359;0.02027;0.03024;0.1586;676.22;1.250;28742.5;545.2;34422.8;342.41;287.59;402.59;388.94;376.43;388.75;333.30;10.006;43.14;53.14;305;1.06;0
30;4;0.852;-0.2139;76.9;850.90;34.7111;20.906;94599;1213.7;22.08;0.1359;0.03024;0.03858;0.2075;807.55;1.590;27204.6;544.5;34386.8;342.05;287.29;403.08;389.44;376.94;389.25;333.85;10.560;43.09;53.65;302;1.05;0
30;5;0.852;-0.0713;68.4;850.90;34.7111;20.906;94599;1213.6;22.09;0.1359;0.03858;0.04600;0.2455;907.90;1.881;26793.2;544.3;34374.8;341.93;287.19;403.21;389.58;377.09;389.39;334.01;10.719;43.08;53.80;300;1.04;0
30;6;0.852;0.0713;68.4;850.89;34.7111;20.906;94599;1213.6;22.09;0.1359;0.04600;0.05342;0.2765;907.90;1.969;26827.0;544.3;34374.8;341.93;287.19;403.20;389.57;377.07;389.38;334.00;10.705;43.08;53.78;297;1.04;0
30;7;0.852;0.2139;76.9;850.90;34.7111;20.906;94599;1213.6;22.09;0.1359;0.05342;0.06176;0.3043;807.55;1.835;26793.8;544.3;34374.9;341.93;287.19;403.21;389.58;377.09;389.39;334.01;10.718;43.08;53.80;295;1.03;0
30;8;0.852;0.3565;91.9;850.91;34.7111;20.906;94598;1213.6;22.09;0.1359;0.06176;0.07172;0.3317;676.22;1.618;26979.3;544.4;34380.8;341.99;287.24;403.15;389.52;377.02;389.33;333.94;10.647;43.09;53.73;292;1.02;0
30;9;0.852;0.4991;82.0;850.89;34.7111;20.906;94599;1213.6;22.09;0.1359;0.07172;0.08061;0.3644;757.54;1.906;26815.8;544.3;34374.7;341.93;287.19;403.20;389.57;377.08;389.38;334.00;10.710;43.08;53.79;289;1.01;0
30;10;0.852;0.6417;66.6;850.77;34.7111;20.903;94607;1213.7;22.07;0.1359;0.08061;0.08783;0.3928;933.37;2.447;27812.5;544.8;34394.1;342.12;287.35;402.86;389.22;376.72;389.04;333.62;10.332;43.10;53.43;287;1.00;0
30;11;0.852;0.7843;38.2;850.21;34.7111;20.893;94642;1215.0;22.00;0.1360;0.08783;0.09199;0.4179;1624.26;4.379;35750.9;547.5;34528.0;343.46;288.47;400.84;387.17;374.63;386.98;331.36;8.069;43.27;51.34;285;0.99;0
31;0;0.902;-0.7843;38.2;843.28;34.7106;20.764;95085;1202.7;21.81;0.1365;0.00000;0.00415;0.0164;1593.61;2.462;29038.1;542.6;33771.1;335.93;282.14;400.97;387.59;375.33;387.41;333.01;9.716;42.32;52.04;313;1.11;0
31;1;0.902;-0.6417;66.6;843.57;34.7106;20.770;95067;1202.3;21.84;0.1365;0.00415;0.01137;0.0566;915.76;1.483;26729.4;541.6;33729.5;335.51;281.80;401.73;388.36;376.10;388.17;333.83;10.543;42.27;52.81;311;1.10;0
31;2;0.902;-0.4991;82.0;843.53;34.7106;20.769;95070;1202.5;21.83;0.1365;0.01137;0.02027;0.1068;743.25;1.282;27677.2;542.1;33753.5;335.75;282.00;401.42;388.04;375.78;387.85;333.48;10.189;42.30;52.49;308;1.09;0
31;3;0.902;-0.3565;91.9;843.46;34.7106;20.768;95074;1202.7;21.82;0.1365;0.02027;0.03024;0.1583;663.46;1.227;28686.8;542.5;33775.3;335.97;282.18;401.11;387.72;375.45;387.54;333.13;9.837;42.33;52.16;305;1.08;0
31;4;0.902;-0.2139;76.9;843.56;34.7106;20.770;95068;1202.4;21.83;0.1365;0.03024;0.03858;0.2072;792.32;1.560;27100.8;541.8;33739.4;335.61;281.88;401.60;388.23;375.97;388.05;333.69;10.401;42.28;52.68;302;1.07;0
31;5;0.902;-0.0713;68.4;843.57;34.7106;20.770;95067;1202.2;21.84;0.1365;0.03858;0.04600;0.2452;890.77;1.846;26643.6;541.6;33726.4;335.48;281.77;401.75;388.38;376.13;388.20;333.87;10.576;42.27;52.84;300;1.06;0
31;6;0.902;0.0713;68.4;843.55;34.7106;20.769;95068;1202.2;21.84;0.1365;0.04600;0.05342;0.2761;890.77;1.932;26662.4;541.6;33726.0;335.48;281.77;401.74;388.38;376.12;388.19;333.86;10.568;42.27;52.83;297;1.06;0
31;7;0.902;0.2139;76.9;843.57;34.7106;20.770;95067;1202.2;21.84;0.1365;0.05342;0.06176;0.3038;792.32;1.800;26645.5;541.6;33726.5;335.48;281.77;401.75;388.38;376.13;388.20;333.87;10.575;42.27;52.84;295;1.05;0
31;8;0.902;0.3565;91.9;843.57;34.7106;20.770;95067;1202.3;21.84;0.1365;0.06176;0.07172;0.3312;663.46;1.587;26860.8;541.7;33733.2;335.55;281.83;401.68;388.31;376.06;388.13;333.78;10.492;42.27;52.77;292;1.03;0
31;9;0.902;0.4991;82.0;843.56;34.7106;20.770;95068;1202.2;21.84;0.1365;0.07172;0.08061;0.3640;743.25;1.870;26653.8;541.6;33725.9;335.48;281.77;401.75;388.38;376.13;388.19;333.86;10.571;42.26;52.84;289;1.02;0
31;10;0.902;0.6417;66.6;843.43;34.7106;20.767;95076;1202.4;21.82;0.1365;0.08061;0.08783;0.3924;915.76;2.401;27578.6;542.0;33743.1;335.65;281.91;401.43;388.06;375.80;387.87;333.51;10.222;42.29;52.51;287;1.02;0
31;11;0.902;0.7843;38.2;842.85;34.7106;20.756;95113;1203.6;21.75;0.1365;0.08783;0.09199;0.4176;1593.61;4.296;35308.8;544.6;33869.2;336.90;282.96;399.45;386.04;373.75;385.86;331.30;8.014;42.44;50.46;285;1.01;0
32;0;0.953;-0.7843;38.2;835.77;34.7102;20.625;95572;1191.5;21.55;0.1371;0.00000;0.00415;0.0164;1562.76;2.415;28747.5;539.8;33113.0;329.38;276.65;399.55;386.43;374.41;386.25;332.91;9.623;41.50;51.12;313;1.13;0
32;1;0.953;-0.6417;66.6;836.07;34.7102;20.631;95553;1191.2;21.58;0.1371;0.00415;0.01137;0.0565;898.03;1.454;26598.7;538.9;33077.3;329.03;276.35;400.25;387.14;375.13;386.96;333.68;10.390;41.45;51.84;311;1.12;0
32;2;0.953;-0.4991;82.0;836.02;34.7102;20.630;95556;1191.4;21.57;0.1371;0.01137;0.02027;0.1065;728.86;1.257;27596.6;539.4;33101.5;329.27;276.55;399.93;386.81;374.79;386.63;333.31;10.021;41.48;51.50;308;1.11;0
32;3;0.953;-0.3565;91.9;835.94;34.7102;20.628;95561;1191.6;21.56;0.1371;0.02027;0.03024;0.1580;650.62;1.203;28631.9;539.8;33123.4;329.48;276.73;399.61;386.49;374.47;386.31;332.96;9.665;41.51;51.18;305;1.10;0
32;4;0.953;-0.2139;76.9;836.05;34.7102;20.630;95553;1191.3;21.58;0.1371;0.03024;0.03858;0.2069;776.98;1.530;26997.5;539.1;33087.6;329.13;276.43;400.12;387.01;375.00;386.83;333.53;10.239;41.47;51.70;302;1.09;0
32;5;0.953;-0.0713;68.4;836.06;34.7102;20.631;95553;1191.1;21.58;0.1371;0.03858;0.04600;0.2448;873.52;1.810;26493.9;538.9;33073.8;328.99;276.32;400.28;387.18;375.17;386.99;333.72;10.429;41.45;51.88;300;1.08;0
32;6;0.953;0.0713;68.4;836.05;34.7102;20.630;95554;1191.1;21.58;0.1371;0.04600;0.05342;0.2758;873.52;1.895;26497.5;538.9;33072.9;328.98;276.31;400.28;387.17;375.17;386.99;333.72;10.428;41.45;51.87;297;1.08;0
32;7;0.953;0.2139;76.9;836.06;34.7102;20.631;95553;1191.1;21.58;0.1371;0.05342;0.06176;0.3034;776.98;1.766;26497.1;538.9;33073.9;328.99;276.32;400.28;387.18;375.17;386.99;333.72;10.428;41.45;51.88;295;1.07;0
32;8;0.953;0.3565;91.9;836.06;34.7102;20.631;95553;1191.2;21.58;0.1371;0.06176;0.07172;0.3307;650.62;1.557;26742.7;539.0;33081.2;329.07;276.38;400.20;387.09;375.08;386.91;333.63;10.335;41.46;51.79;292;1.06;0
32;9;0.953;0.4991;82.0;836.05;34.7102;20.630;95554;1191.1;21.58;0.1371;0.07172;0.08061;0.3635;728.86;1.834;26491.6;538.9;33072.9;328.98;276.31;400.28;387.18;375.17;386.99;333.72;10.430;41.45;51.88;289;1.05;0
32;10;0.953;0.6417;66.6;835.92;34.7102;20.628;95562;1191.2;21.57;0.1371;0.08061;0.08783;0.3920;898.03;2.354;27343.2;539.2;33087.1;329.12;276.43;399.99;386.88;374.86;386.70;333.40;10.110;41.46;51.57;287;1.04;0
32;11;0.953;0.7843;38.2;835.31;34.7102;20.617;95602;1192.4;21.50;0.1372;0.08783;0.09199;0.4174;1562.76;4.213;34862.7;541.8;33205.8;330.30;277.42;398.05;384.91;372.86;384.73;331.25;7.958;41.61;49.57;285;1.03;0
33;0;1.007;-0.7843;38.2;828.09;34.7097;20.483;96076;1180.5;21.30;0.1377;0.00000;0.00415;0.0164;1531.66;2.367;28454.6;537.1;32450.0;322.79;271.11;398.11;385.26;373.48;385.08;332.82;9.528;40.67;50.19;313;1.15;0
33;1;1.007;-0.6417;66.6;828.39;34.7097;20.488;96056;1180.2;21.32;0.1377;0.00415;0.01137;0.0564;880.16;1.426;26467.9;536.2;32419.8;322.49;270.85;398.76;385.92;374.15;385.74;333.52;10.233;40.63;50.86;311;1.15;0
33;2;1.007;-0.4991;82.0;828.34;34.7097;20.487;96060;1180.5;21.31;0.1377;0.01137;0.02027;0.1063;714.36;1.232;27516.9;536.7;32444.8;322.73;271.06;398.42;385.57;373.80;385.40;333.14;9.851;40.66;50.51;308;1.14;0
33;3;1.007;-0.3565;91.9;828.26;34.7097;20.486;96065;1180.7;21.30;0.1377;0.02027;0.03024;0.1577;637.67;1.179;28577.8;537.1;32466.2;322.95;271.24;398.10;385.25;373.47;385.07;332.78;9.491;40.69;50.18;305;1.12;0
33;4;1.007;-0.2139;76.9;828.38;34.7097;20.488;96057;1180.3;21.32;0.1377;0.03024;0.03858;0.2065;761.52;1.499;26894.5;536.4;32430.6;322.59;270.94;398.62;385.78;374.01;385.60;333.37;10.074;40.64;50.72;302;1.11;0
33;5;1.007;-0.0713;68.4;828.39;34.7097;20.488;96056;1180.2;21.33;0.1377;0.03858;0.04600;0.2445;856.14;1.774;26343.9;536.2;32415.9;322.45;270.82;398.80;385.96;374.19;385.78;333.57;10.280;40.62;50.90;300;1.11;0
33;6;1.007;0.0713;68.4;828.38;34.7097;20.488;96057;1180.2;21.33;0.1377;0.04600;0.05342;0.2754;856.14;1.857;26332.0;536.2;32414.6;322.43;270.81;398.80;385.96;374.20;385.78;333.58;10.284;40.62;50.91;297;1.10;0
33;7;1.007;0.2139;76.9;828.39;34.7097;20.488;96056;1180.2;21.33;0.1377;0.05342;0.06176;0.3029;761.52;1.731;26348.4;536.2;32416.1;322.45;270.82;398.79;385.96;374.19;385.78;333.57;10.279;40.62;50.90;295;1.09;0
33;8;1.007;0.3565;91.9;828.39;34.7097;20.488;96056;1180.3;21.32;0.1377;0.06176;0.07172;0.3301;637.67;1.526;26624.6;536.3;32424.0;322.53;270.89;398.71;385.87;374.10;385.69;333.47;10.174;40.63;50.81;292;1.08;0
33;9;1.007;0.4991;82.0;828.38;34.7097;20.488;96057;1180.2;21.33;0.1377;0.07172;0.08061;0.3629;714.36;1.797;26328.8;536.2;32414.7;322.43;270.81;398.80;385.96;374.20;385.78;333.58;10.286;40.62;50.91;289;1.07;0
33;10;1.007;0.6417;66.6;828.24;34.7097;20.486;96066;1180.3;21.31;0.1377;0.08061;0.08783;0.3915;880.16;2.307;27106.5;536.5;32426.6;322.55;270.91;398.53;385.69;373.92;385.51;333.29;9.994;40.64;50.63;287;1.06;0
33;11;1.007;0.7843;38.2;827.60;34.7097;20.474;96108;1181.4;21.24;0.1378;0.08783;0.09199;0.4171;1531.66;4.129;34412.1;539.0;32537.7;323.66;271.84;396.64;383.77;371.97;383.59;331.19;7.900;40.78;48.68;285;1.05;0
34;0;1.063;-0.7843;38.2;820.23;34.7092;20.337;96599;1169.7;21.04;0.1384;0.00000;0.00415;0.0164;1500.33;2.318;28159.6;534.3;31782.4;316.15;265.53;396.65;384.08;372.55;383.90;332.72;9.429;39.83;49.26;313;1.18;0
34;1;1.063;-0.6417;66.6;820.55;34.7092;20.343;96578;1169.4;21.06;0.1383;0.00415;0.01137;0.0562;862.16;1.396;26337.3;533.6;31757.6;315.90;265.32;397.25;384.68;373.16;384.51;333.36;10.074;39.80;49.87;311;1.17;0
34;2;1.063;-0.4991;82.0;820.49;34.7092;20.342;96582;1169.7;21.05;0.1383;0.01137;0.02027;0.1061;699.75;1.207;27437.7;534.1;31782.7;316.15;265.53;396.91;384.33;372.80;384.15;332.97;9.678;39.83;49.51;308;1.16;0
34;3;1.063;-0.3565;91.9;820.40;34.7092;20.340;96588;1169.9;21.04;0.1383;0.02027;0.03024;0.1573;624.63;1.155;28524.7;534.5;31804.1;316.36;265.71;396.58;384.00;372.46;383.82;332.61;9.315;39.86;49.17;305;1.15;0
34;4;1.063;-0.2139;76.9;820.53;34.7092;20.343;96579;1169.6;21.06;0.1383;0.03024;0.03859;0.2062;745.94;1.469;26792.0;533.8;31768.8;316.01;265.42;397.11;384.53;373.01;384.36;333.20;9.907;39.81;49.72;302;1.14;0
34;5;1.063;-0.0713;68.4;820.55;34.7092;20.343;96578;1169.4;21.06;0.1383;0.03859;0.04600;0.2441;838.63;1.738;26193.8;533.5;31752.9;315.85;265.28;397.30;384.73;373.21;384.56;333.42;10.128;39.79;49.92;300;1.13;0
34;6;1.063;0.0713;68.4;820.53;34.7092;20.343;96579;1169.4;21.06;0.1383;0.04600;0.05342;0.2750;838.63;1.819;26166.3;533.5;31751.2;315.84;265.27;397.31;384.74;373.22;384.56;333.43;10.138;39.79;49.93;297;1.12;0
34;7;1.063;0.2139;76.9;820.55;34.7092;20.343;96578;1169.4;21.06;0.1383;0.05342;0.06176;0.3025;745.94;1.695;26199.6;533.5;31753.1;315.85;265.28;397.30;384.73;373.21;384.55;333.42;10.126;39.79;49.92;295;1.11;0
34;8;1.063;0.3565;91.9;820.54;34.7092;20.343;96578;1169.5;21.06;0.1383;0.06176;0.07172;0.3295;624.63;1.494;26506.9;533.6;31762.0;315.94;265.36;397.20;384.63;373.11;384.45;333.30;10.011;39.80;49.81;292;1.10;0
34;9;1.063;0.4991;82.0;820.54;34.7092;20.343;96579;1169.4;21.06;0.1383;0.07172;0.08061;0.3624;699.75;1.760;26165.8;533.5;31751.4;315.84;265.27;397.31;384.74;373.22;384.56;333.43;10.138;39.79;49.93;289;1.09;0
34;10;1.063;0.6417;66.6;820.40;34.7092;20.340;96588;1169.5;21.05;0.1383;0.08061;0.08783;0.3910;862.16;2.260;26868.4;533.8;31760.8;315.93;265.35;397.06;384.49;372.97;384.32;333.17;9.876;39.80;49.68;287;1.08;0
34;11;1.063;0.7843;38.2;819.73;34.7092;20.328;96633;1170.5;20.98;0.1384;0.08783;0.09199;0.4168;1500.33;4.045;33957.2;536.3;31864.9;316.97;266.22;395.21;382.61;371.06;382.44;331.13;7.840;39.93;47.77;285;1.07;0
35;0;1.122;-0.7843;38.2;812.22;34.7086;20.188;97141;1159.0;20.77;0.1390;0.00000;0.00415;0.0163;1468.76;2.269;27862.4;531.6;31109.3;309.45;259.91;395.19;382.88;371.60;382.71;332.62;9.328;38.99;48.31;313;1.20;0
35;1;1.122;-0.6417;66.6;812.54;34.7086;20.194;97119;1158.8;20.80;0.1390;0.00415;0.01137;0.0561;844.01;1.367;26206.8;530.9;31089.9;309.26;259.74;395.74;383.44;372.16;383.27;333.20;9.911;38.96;48.87;311;1.20;0
35;2;1.122;-0.4991;82.0;812.47;34.7086;20.193;97124;1159.0;20.78;0.1390;0.01137;0.02027;0.1059;685.02;1.182;27359.3;531.4;31115.7;309.51;259.96;395.37;383.07;371.79;382.90;332.79;9.502;38.99;48.50;308;1.18;0
35;3;1.122;-0.3565;91.9;812.38;34.7086;20.191;97130;1159.3;20.77;0.1390;0.02027;0.03024;0.1570;611.48;1.131;28472.5;531.9;31136.7;309.72;260.13;395.05;382.73;371.45;382.56;332.43;9.136;39.02;48.16;305;1.17;0
35;4;1.122;-0.2139;76.9;812.51;34.7086;20.194;97120;1158.9;20.79;0.1390;0.03024;0.03859;0.2058;730.24;1.438;26689.9;531.1;31101.4;309.37;259.84;395.58;383.28;372.00;383.11;333.03;9.736;38.98;48.71;302;1.16;0
35;5;1.122;-0.0713;68.4;812.53;34.7086;20.194;97119;1158.8;20.80;0.1390;0.03859;0.04600;0.2437;820.98;1.701;26043.7;530.8;31085.2;309.21;259.70;395.79;383.49;372.22;383.32;333.26;9.972;38.96;48.93;300;1.15;0
35;6;1.122;0.0713;68.4;812.52;34.7086;20.194;97120;1158.7;20.80;0.1390;0.04600;0.05342;0.2745;820.98;1.781;26000.2;530.8;31083.0;309.19;259.69;395.80;383.50;372.23;383.33;333.28;9.988;38.95;48.94;297;1.15;0
35;7;1.122;0.2139;76.9;812.54;34.7086;20.194;97119;1158.8;20.80;0.1390;0.05342;0.06176;0.3020;730.24;1.659;26050.8;530.8;31085.4;309.21;259.71;395.79;383.49;372.22;383.32;333.26;9.969;38.96;48.93;295;1.13;0
35;8;1.122;0.3565;91.9;812.53;34.7086;20.194;97119;1158.8;20.79;0.1390;0.06176;0.07173;0.3289;611.48;1.463;26389.5;531.0;31094.5;309.30;259.78;395.68;383.38;372.10;383.21;333.13;9.844;38.97;48.81;292;1.12;0
35;9;1.122;0.4991;82.0;812.53;34.7086;20.194;97120;1158.7;20.80;0.1390;0.07173;0.08062;0.3618;685.02;1.723;26002.5;530.8;31083.3;309.19;259.69;395.80;383.50;372.23;383.33;333.28;9.987;38.95;48.94;289;1.11;0
35;10;1.122;0.6417;66.6;812.38;34.7086;20.191;97129;1158.8;20.79;0.1390;0.08062;0.08783;0.3905;844.01;2.213;26628.9;531.1;31089.9;309.26;259.74;395.58;383.28;372.01;383.11;333.05;9.754;38.96;48.72;287;1.10;0
35;11;1.122;0.7843;38.2;811.69;34.7086;20.179;97177;1159.7;20.72;0.1390;0.08783;0.09199;0.4165;1468.76;3.960;33497.7;533.5;31186.7;310.22;260.55;393.78;381.45;370.15;381.28;331.07;7.778;39.08;46.86;285;1.09;0
36;0;1.182;-0.7843;38.2;804.03;34.7081;20.036;97702;1148.4;20.50;0.1396;0.00000;0.00415;0.0163;1436.94;2.220;27562.9;528.9;30431.6;302.71;254.24;393.71;381.68;370.65;381.51;332.51;9.224;38.14;47.36;313;1.23;0
36;1;1.182;-0.6417;66.6;804.36;34.7081;20.043;97679;1148.3;20.53;0.1396;0.00415;0.01137;0.0560;825.73;1.337;26076.6;528.3;30417.4;302.57;254.12;394.20;382.18;371.15;382.01;333.04;9.745;38.12;47.86;311;1.22;0
36;2;1.182;-0.4991;82.0;804.28;34.7081;20.041;97685;1148.5;20.51;0.1396;0.01137;0.02027;0.1056;670.18;1.156;27281.6;528.8;30443.0;302.82;254.34;393.83;381.80;370.76;381.63;332.61;9.323;38.15;47.47;308;1.21;0
36;3;1.182;-0.3565;91.9;804.19;34.7081;20.039;97691;1148.7;20.50;0.1396;0.02027;0.03024;0.1566;598.24;1.106;28421.1;529.2;30463.7;303.03;254.51;393.50;381.46;370.42;381.29;332.25;8.955;38.18;47.13;305;1.20;0
36;4;1.182;-0.2139;76.9;804.33;34.7081;20.042;97681;1148.4;20.52;0.1396;0.03024;0.03859;0.2054;714.42;1.407;26588.4;528.5;30429.1;302.68;254.22;394.04;382.01;370.99;381.85;332.85;9.561;38.13;47.69;302;1.19;0
36;5;1.182;-0.0713;68.4;804.36;34.7081;20.042;97680;1148.2;20.53;0.1396;0.03859;0.04601;0.2433;803.20;1.664;25893.5;528.2;30412.2;302.52;254.08;394.26;382.24;371.22;382.07;333.10;9.813;38.11;47.92;300;1.18;0
36;6;1.182;0.0713;68.4;804.34;34.7081;20.042;97680;1148.2;20.53;0.1396;0.04601;0.05342;0.2741;803.20;1.742;25833.9;528.1;30409.4;302.49;254.06;394.28;382.26;371.23;382.09;333.13;9.834;38.11;47.94;297;1.17;0
36;7;1.182;0.2139;76.9;804.36;34.7081;20.042;97680;1148.2;20.53;0.1396;0.05342;0.06176;0.3015;714.42;1.624;25901.9;528.2;30412.5;302.52;254.08;394.26;382.23;371.21;382.07;333.10;9.809;38.11;47.92;295;1.16;0
36;8;1.182;0.3565;91.9;804.35;34.7081;20.042;97680;1148.3;20.52;0.1396;0.06176;0.07173;0.3283;598.24;1.431;26272.5;528.3;30422.1;302.61;254.16;394.14;382.11;371.09;381.95;332.96;9.674;38.12;47.80;292;1.15;0
36;9;1.182;0.4991;82.0;804.35;34.7081;20.042;97680;1148.2;20.53;0.1396;0.07173;0.08062;0.3612;670.18;1.686;25839.0;528.1;30409.7;302.49;254.06;394.28;382.25;371.23;382.09;333.12;9.832;38.11;47.94;289;1.14;0
36;10;1.182;0.6417;66.6;804.20;34.7081;20.040;97690;1148.2;20.52;0.1396;0.08062;0.08783;0.3900;825.73;2.165;26388.1;528.4;30414.2;302.54;254.10;394.08;382.06;371.03;381.89;332.92;9.629;38.11;47.74;287;1.13;0
36;11;1.182;0.7843;38.2;803.48;34.7081;20.026;97740;1149.1;20.45;0.1397;0.08783;0.09199;0.4162;1436.94;3.874;33033.6;530.7;30503.4;303.42;254.84;392.33;380.28;369.23;380.11;331.01;7.715;38.23;45.94;285;1.12;0
37;0;1.246;-0.7843;38.2;796.08;34.7075;19.889;98255;1139.3;20.24;0.1403;0.00000;0.00415;0.0163;1406.96;2.174;27280.9;526.5;29792.9;296.36;248.91;392.31;380.54;369.75;380.38;332.41;9.124;37.34;46.46;313;1.26;0
37;1;1.246;-0.6417;66.6;796.41;34.7075;19.895;98232;1139.2;20.27;0.1402;0.00415;0.01137;0.0559;808.50;1.309;25955.0;525.9;29783.3;296.26;248.83;392.76;380.99;370.20;380.83;332.88;9.587;37.32;46.91;311;1.25;0
37;2;1.246;-0.4991;82.0;796.33;34.7075;19.893;98238;1139.4;20.25;0.1403;0.01137;0.02027;0.1054;656.20;1.132;27209.8;526.5;29809.5;296.52;249.05;392.38;380.60;369.80;380.43;332.44;9.153;37.36;46.51;308;1.24;0
37;3;1.246;-0.3565;91.9;796.23;34.7075;19.892;98245;1139.6;20.24;0.1403;0.02027;0.03024;0.1562;585.75;1.083;28374.1;527.0;29829.7;296.72;249.22;392.04;380.26;369.46;380.09;332.07;8.783;37.38;46.17;305;1.22;0
37;4;1.246;-0.2139;76.9;796.38;34.7075;19.894;98234;1139.3;20.26;0.1402;0.03024;0.03859;0.2050;699.52;1.377;26494.0;526.2;29795.3;296.38;248.93;392.60;380.82;370.03;380.66;332.69;9.396;37.34;46.73;302;1.21;0
37;5;1.246;-0.0713;68.4;796.41;34.7075;19.895;98232;1139.1;20.27;0.1402;0.03859;0.04601;0.2429;786.44;1.630;25752.9;525.8;29777.9;296.21;248.78;392.83;381.06;370.27;380.89;332.95;9.660;37.32;46.98;300;1.20;0
37;6;1.246;0.0713;68.4;796.40;34.7075;19.895;98233;1139.1;20.27;0.1402;0.04601;0.05342;0.2737;786.44;1.706;25678.2;525.8;29775.0;296.18;248.76;392.85;381.08;370.29;380.91;332.98;9.688;37.31;47.00;297;1.20;0
37;7;1.246;0.2139;76.9;796.41;34.7075;19.895;98232;1139.1;20.27;0.1402;0.05342;0.06176;0.3009;699.52;1.590;25762.7;525.8;29778.2;296.21;248.78;392.82;381.05;370.27;380.89;332.95;9.657;37.32;46.97;295;1.18;0
37;8;1.246;0.3565;91.9;796.40;34.7075;19.895;98233;1139.2;20.26;0.1402;0.06176;0.07173;0.3277;585.75;1.401;26163.3;526.0;29788.2;296.31;248.87;392.70;380.92;370.13;380.76;332.80;9.512;37.33;46.84;292;1.17;0
37;9;1.246;0.4991;82.0;796.40;34.7075;19.895;98233;1139.1;20.27;0.1402;0.07173;0.08062;0.3606;656.20;1.651;25685.9;525.8;29775.4;296.18;248.76;392.84;381.08;370.29;380.91;332.98;9.685;37.31;47.00;289;1.16;0
37;10;1.246;0.6417;66.6;796.26;34.7075;19.892;98243;1139.1;20.26;0.1403;0.08062;0.08783;0.3895;808.50;2.119;26161.6;526.0;29777.4;296.20;248.78;392.67;380.90;370.12;380.74;332.80;9.509;37.32;46.83;287;1.15;0
37;11;1.246;0.7843;38.2;795.51;34.7075;19.878;98295;1139.9;20.19;0.1403;0.08783;0.09199;0.4159;1406.96;3.793;32595.4;528.3;29860.2;297.02;249.47;390.97;379.17;368.36;379.01;330.94;7.654;37.42;45.07;285;1.14;0
38;0;1.311;-0.7843;38.2;787.57;34.7069;19.731;98857;1128.9;19.97;0.1409;0.00000;0.00415;0.0163;1374.66;2.124;26977.1;523.7;29104.9;289.51;243.16;390.81;379.32;368.78;379.16;332.30;9.014;36.47;45.49;313;1.29;0
38;1;1.311;-0.6417;66.6;787.90;34.7069;19.737;98833;1128.9;19.99;0.1409;0.00415;0.01137;0.0558;789.94;1.279;25825.4;523.3;29100.6;289.47;243.12;391.20;379.71;369.17;379.55;332.70;9.414;36.47;45.88;311;1.28;0
38;2;1.311;-0.4991;82.0;787.81;34.7069;19.735;98840;1129.1;19.97;0.1409;0.01137;0.02027;0.1051;641.13;1.106;27133.8;523.9;29126.6;289.73;243.34;390.81;379.31;368.76;379.15;332.26;8.968;36.50;45.47;308;1.26;0
38;3;1.311;-0.3565;91.9;787.70;34.7069;19.733;98847;1129.3;19.96;0.1409;0.02027;0.03024;0.1558;572.31;1.058;28324.7;524.3;29146.4;289.92;243.51;390.48;378.96;368.41;378.80;331.89;8.597;36.53;45.12;305;1.25;0
38;4;1.311;-0.2139;76.9;787.87;34.7069;19.736;98836;1129.0;19.98;0.1409;0.03024;0.03859;0.2045;683.46;1.346;26393.8;523.5;29112.8;289.59;243.23;391.03;379.53;368.99;379.37;332.51;9.215;36.48;45.70;302;1.24;0
38;5;1.311;-0.0713;68.4;787.90;34.7069;19.737;98833;1128.8;19.99;0.1409;0.03859;0.04601;0.2424;768.38;1.592;25602.8;523.2;29094.5;289.41;243.07;391.28;379.78;369.25;379.62;332.78;9.494;36.46;45.95;300;1.23;0
38;6;1.311;0.0713;68.4;787.89;34.7069;19.737;98834;1128.8;19.99;0.1409;0.04601;0.05343;0.2732;768.38;1.667;25511.5;523.1;29091.3;289.38;243.05;391.30;379.81;369.27;379.65;332.82;9.527;36.46;45.98;297;1.22;0
38;7;1.311;0.2139;76.9;787.90;34.7069;19.737;98833;1128.8;19.99;0.1409;0.05343;0.06177;0.3004;683.46;1.553;25613.9;523.2;29094.8;289.41;243.08;391.27;379.78;369.24;379.62;332.78;9.490;36.46;45.95;295;1.21;0
38;8;1.311;0.3565;91.9;787.89;34.7069;19.737;98834;1128.9;19.98;0.1409;0.06177;0.07173;0.3270;572.31;1.369;26047.3;523.4;29105.6;289.52;243.17;391.14;379.64;369.10;379.48;332.63;9.336;36.47;45.81;292;1.20;0
38;9;1.311;0.4991;82.0;787.89;34.7069;19.737;98834;1128.8;19.99;0.1409;0.07173;0.08062;0.3599;641.13;1.613;25522.1;523.1;29091.8;289.38;243.05;391.30;379.81;369.27;379.65;332.81;9.523;36.46;45.98;289;1.19;0
38;10;1.311;0.6417;66.6;787.75;34.7069;19.734;98844;1128.8;19.98;0.1409;0.08062;0.08784;0.3889;789.94;2.071;25918.3;523.3;29091.8;289.38;243.05;391.15;379.66;369.13;379.50;332.67;9.378;36.46;45.84;287;1.18;0
38;11;1.311;0.7843;38.2;786.98;34.7069;19.720;98899;1129.5;19.91;0.1410;0.08784;0.09199;0.4155;1374.66;3.706;32122.3;525.5;29167.1;290.13;243.68;389.50;377.98;367.43;377.82;330.88;7.586;36.55;44.14;285;1.17;0
39;0;1.380;-0.7843;38.2;778.89;34.7063;19.569;99480;1118.6;19.69;0.1416;0.00000;0.00415;0.0162;1342.13;2.074;26671.6;521.0;28412.5;282.62;237.37;389.29;378.08;367.80;377.92;332.19;8.900;35.61;44.51;313;1.32;0
39;1;1.380;-0.6417;66.6;779.23;34.7063;19.576;99456;1118.6;19.71;0.1416;0.00415;0.01137;0.0556;771.25;1.249;25696.2;520.6;28412.7;282.63;237.38;389.64;378.42;368.14;378.26;332.53;9.238;35.61;44.84;311;1.31;0
39;2;1.380;-0.4991;82.0;779.13;34.7063;19.574;99463;1118.9;19.69;0.1416;0.01137;0.02027;0.1048;625.96;1.080;27058.9;521.2;28439.0;282.89;237.60;389.23;378.00;367.71;377.85;332.07;8.781;35.64;44.42;308;1.30;0
39;3;1.380;-0.3565;91.9;779.02;34.7063;19.572;99471;1119.1;19.68;0.1416;0.02027;0.03024;0.1553;558.77;1.033;28276.4;521.7;28458.3;283.08;237.76;388.89;377.66;367.36;377.50;331.70;8.408;35.66;44.07;305;1.28;0
39;4;1.380;-0.2139;76.9;779.19;34.7063;19.575;99459;1118.8;19.70;0.1416;0.03024;0.03859;0.2040;667.29;1.314;26294.5;520.9;28425.4;282.75;237.48;389.45;378.23;367.94;378.07;332.32;9.032;35.62;44.65;302;1.27;0
39;5;1.380;-0.0713;68.4;779.23;34.7063;19.576;99456;1118.6;19.71;0.1416;0.03859;0.04601;0.2419;750.20;1.555;25453.0;520.5;28406.6;282.57;237.33;389.71;378.49;368.21;378.34;332.61;9.324;35.60;44.92;300;1.26;0
39;6;1.380;0.0713;68.4;779.22;34.7063;19.576;99456;1118.5;19.71;0.1416;0.04601;0.05343;0.2727;750.20;1.627;25344.9;520.5;28403.1;282.53;237.30;389.74;378.53;368.25;378.37;332.65;9.363;35.59;44.96;297;1.25;0
39;7;1.380;0.2139;76.9;779.23;34.7063;19.576;99456;1118.6;19.71;0.1416;0.05343;0.06177;0.2998;667.29;1.516;25465.5;520.5;28406.9;282.57;237.33;389.71;378.49;368.21;378.33;332.61;9.320;35.60;44.92;295;1.24;0
39;8;1.380;0.3565;91.9;779.22;34.7063;19.575;99457;1118.7;19.70;0.1416;0.06177;0.07173;0.3262;558.77;1.337;25931.7;520.7;28417.8;282.68;237.42;389.57;378.34;368.06;378.19;332.45;9.156;35.61;44.77;292;1.23;0
39;9;1.380;0.4991;82.0;779.23;34.7063;19.576;99456;1118.5;19.71;0.1416;0.07173;0.08062;0.3592;625.96;1.575;25358.5;520.5;28403.6;282.54;237.30;389.74;378.52;368.24;378.37;332.65;9.358;35.60;44.95;289;1.22;0
39;10;1.380;0.6417;66.6;779.08;34.7063;19.573;99467;1118.5;19.70;0.1416;0.08062;0.08784;0.3883;771.25;2.022;25674.0;520.6;28401.1;282.51;237.28;389.62;378.40;368.12;378.25;332.53;9.242;35.59;44.83;287;1.21;0
39;11;1.380;0.7843;38.2;778.29;34.7063;19.558;99524;1119.2;19.63;0.1417;0.08784;0.09199;0.4151;1342.13;3.618;31644.8;522.8;28469.5;283.19;237.85;388.01;376.78;366.48;376.62;330.81;7.516;35.68;43.19;285;1.20;0
40;0;1.452;-0.7843;38.2;770.06;34.7057;19.405;100126;1108.4;19.40;0.1423;0.00000;0.00415;0.0162;1309.39;2.023;26364.1;518.3;27715.3;275.69;231.55;387.77;376.83;366.81;376.68;332.07;8.783;34.73;43.52;313;1.35;0
40;1;1.452;-0.6417;66.6;770.40;34.7057;19.411;100101;1108.5;19.42;0.1423;0.00415;0.01136;0.0555;752.43;1.219;25567.8;518.0;27720.4;275.74;231.59;388.05;377.11;367.09;376.96;332.35;9.058;34.74;43.80;311;1.34;0
40;2;1.452;-0.4991;82.0;770.29;34.7057;19.409;100109;1108.7;19.41;0.1423;0.01136;0.02027;0.1045;610.69;1.054;26985.0;518.6;27746.7;276.00;231.81;387.64;376.69;366.65;376.54;331.88;8.590;34.77;43.36;308;1.33;0
40;3;1.452;-0.3565;91.9;770.17;34.7057;19.407;100117;1108.9;19.39;0.1423;0.02027;0.03025;0.1549;545.13;1.008;28229.1;519.1;27765.1;276.18;231.97;387.30;376.34;366.30;376.19;331.51;8.217;34.79;43.01;305;1.31;0
40;4;1.452;-0.2139;76.9;770.36;34.7057;19.411;100104;1108.6;19.41;0.1423;0.03025;0.03859;0.2036;651.01;1.282;26195.9;518.3;27732.9;275.86;231.70;387.87;376.92;366.89;376.77;332.14;8.845;34.75;43.60;302;1.30;0
40;5;1.452;-0.0713;68.4;770.40;34.7057;19.412;100100;1108.4;19.42;0.1423;0.03859;0.04601;0.2414;731.90;1.517;25303.5;517.9;27714.0;275.68;231.54;388.13;377.20;367.17;377.04;332.44;9.150;34.73;43.88;300;1.29;0
40;6;1.452;0.0713;68.4;770.40;34.7057;19.411;100101;1108.4;19.42;0.1423;0.04601;0.05343;0.2721;731.90;1.588;25178.6;517.8;27710.2;275.64;231.51;388.17;377.23;367.21;377.08;332.49;9.195;34.73;43.92;297;1.28;0
40;7;1.452;0.2139;76.9;770.40;34.7057;19.412;100100;1108.4;19.42;0.1423;0.05343;0.06177;0.2991;651.01;1.479;25317.5;517.9;27714.4;275.68;231.54;388.13;377.19;367.17;377.04;332.44;9.146;34.73;43.88;295;1.27;0
40;8;1.452;0.3565;91.9;770.38;34.7057;19.411;100102;1108.5;19.42;0.1423;0.06177;0.07173;0.3254;545.13;1.304;25817.1;518.1;27725.6;275.79;231.64;387.98;377.04;367.01;376.88;332.26;8.972;34.75;43.72;292;1.26;0
40;9;1.452;0.4991;82.0;770.40;34.7057;19.411;100101;1108.4;19.42;0.1423;0.07173;0.08062;0.3585;610.69;1.536;25195.1;517.8;27710.8;275.64;231.51;388.17;377.23;367.21;377.08;332.48;9.189;34.73;43.92;289;1.25;0
40;10;1.452;0.6417;66.6;770.25;34.7057;19.409;100111;1108.3;19.42;0.1423;0.08062;0.08784;0.3877;752.43;1.972;25428.8;517.9;27706.2;275.60;231.47;388.07;377.14;367.11;376.98;332.39;9.103;34.72;43.82;287;1.24;0
40;11;1.452;0.7843;38.2;769.44;34.7057;19.394;100172;1108.9;19.35;0.1424;0.08784;0.09199;0.4148;1309.39;3.530;31163.1;520.0;27767.2;276.21;231.98;386.52;375.57;365.53;375.42;330.74;7.444;34.80;42.24;285;1.23;0
41;0;1.526;-0.7843;38.2;761.08;34.7051;19.238;100793;1098.2;19.12;0.1430;0.00000;0.00415;0.0162;1276.43;1.972;26055.1;515.5;27014.2;268.72;225.69;386.23;375.57;365.81;375.42;331.95;8.662;33.85;42.52;313;1.39;0
41;1;1.526;-0.6417;66.6;761.41;34.7051;19.244;100768;1098.4;19.13;0.1430;0.00415;0.01136;0.0553;733.50;1.188;25440.1;515.3;27023.7;268.81;225.77;386.46;375.80;366.03;375.65;332.17;8.875;33.87;42.74;311;1.38;0
41;2;1.526;-0.4991;82.0;761.30;34.7051;19.242;100777;1098.6;19.12;0.1430;0.01136;0.02027;0.1042;595.32;1.027;26912.2;515.9;27049.6;269.07;225.99;386.03;375.36;365.59;375.22;331.69;8.397;33.90;42.30;308;1.36;0
41;3;1.526;-0.3565;91.9;761.17;34.7051;19.240;100786;1098.8;19.10;0.1430;0.02027;0.03025;0.1544;531.41;0.983;28183.2;516.4;27067.7;269.25;226.14;385.69;375.02;365.24;374.87;331.31;8.024;33.92;41.94;305;1.35;0
41;4;1.526;-0.2139;76.9;761.37;34.7051;19.244;100771;1098.5;19.13;0.1430;0.03025;0.03859;0.2030;634.62;1.250;26098.5;515.6;27036.3;268.94;225.88;386.26;375.60;365.83;375.45;331.95;8.655;33.88;42.54;302;1.34;0
41;5;1.526;-0.0713;68.4;761.42;34.7051;19.244;100767;1098.3;19.13;0.1430;0.03859;0.04601;0.2409;713.48;1.478;25154.6;515.2;27016.8;268.74;225.71;386.55;375.89;366.12;375.74;332.26;8.973;33.86;42.83;300;1.33;0
41;6;1.526;0.0713;68.4;761.41;34.7051;19.244;100768;1098.2;19.14;0.1430;0.04601;0.05343;0.2715;713.48;1.548;25012.4;515.1;27012.8;268.70;225.68;386.59;375.93;366.17;375.78;332.31;9.023;33.85;42.87;297;1.32;0
41;7;1.526;0.2139;76.9;761.42;34.7051;19.244;100767;1098.3;19.13;0.1430;0.05343;0.06177;0.2984;634.62;1.442;25170.0;515.2;27017.2;268.75;225.72;386.54;375.88;366.12;375.74;332.26;8.968;33.86;42.83;295;1.31;0
41;8;1.526;0.3565;91.9;761.40;34.7051;19.244;100769;1098.4;19.13;0.1430;0.06177;0.07173;0.3246;531.41;1.271;25703.4;515.4;27029.0;268.86;225.82;386.38;375.72;365.95;375.57;332.08;8.785;33.87;42.66;292;1.29;0
41;9;1.526;0.4991;82.0;761.41;34.7051;19.244;100768;1098.3;19.14;0.1430;0.07173;0.08063;0.3577;595.32;1.498;25032.0;515.1;27013.4;268.71;225.69;386.58;375.93;366.16;375.78;332.31;9.016;33.85;42.87;289;1.28;0
41;10;1.526;0.6417;66.6;761.27;34.7051;19.242;100779;1098.2;19.13;0.1430;0.08063;0.08784;0.3870;733.50;1.923;25182.7;515.2;27006.8;268.64;225.63;386.51;375.86;366.10;375.71;332.25;8.960;33.84;42.80;287;1.27;0
41;11;1.526;0.7843;38.2;760.43;34.7051;19.226;100841;1098.7;19.07;0.1431;0.08784;0.09199;0.4143;1276.43;3.441;30677.1;517.2;27060.8;269.18;226.08;385.02;374.35;364.57;374.20;330.66;7.370;33.91;41.28;285;1.26;0
42;0;1.603;-0.7843;38.2;751.94;34.7044;19.068;101484;1088.1;18.83;0.1438;0.00000;0.00415;0.0162;1243.29;1.921;25744.7;512.8;26309.2;261.70;219.80;384.68;374.30;364.80;374.16;331.83;8.538;32.97;41.51;313;1.42;0
42;1;1.603;-0.6417;66.6;752.28;34.7044;19.074;101458;1088.3;18.84;0.1437;0.00415;0.01136;0.0552;714.45;1.157;25313.3;512.6;26322.7;261.84;219.92;384.86;374.48;364.97;374.33;331.98;8.688;32.99;41.68;311;1.41;0
42;2;1.603;-0.4991;82.0;752.15;34.7044;19.072;101468;1088.5;18.83;0.1438;0.01136;0.02027;0.1038;579.86;1.000;26840.7;513.3;26348.7;262.10;220.13;384.42;374.03;364.51;373.89;331.49;8.201;33.02;41.22;308;1.40;0
42;3;1.603;-0.3565;91.9;752.02;34.7044;19.070;101478;1088.7;18.81;0.1438;0.02027;0.03025;0.1539;517.62;0.957;28138.3;513.8;26366.2;262.27;220.28;384.08;373.68;364.16;373.54;331.12;7.828;33.04;40.87;305;1.38;0
42;4;1.603;-0.2139;76.9;752.23;34.7044;19.074;101462;1088.4;18.83;0.1437;0.03025;0.03859;0.2025;618.14;1.217;26002.2;513.0;26335.6;261.97;220.02;384.65;374.27;364.76;374.13;331.75;8.462;33.00;41.47;302;1.37;0
42;5;1.603;-0.0713;68.4;752.29;34.7044;19.075;101458;1088.2;18.84;0.1437;0.03859;0.04601;0.2404;694.95;1.440;25006.4;512.5;26315.9;261.77;219.86;384.95;374.57;365.06;374.43;332.08;8.792;32.98;41.77;300;1.36;0
42;6;1.603;0.0713;68.4;752.28;34.7044;19.075;101458;1088.2;18.85;0.1437;0.04601;0.05343;0.2709;694.95;1.508;24846.9;512.4;26311.6;261.73;219.82;384.99;374.62;365.11;374.48;332.14;8.847;32.97;41.82;297;1.35;0
42;7;1.603;0.2139;76.9;752.29;34.7044;19.075;101458;1088.2;18.84;0.1437;0.05343;0.06177;0.2977;618.14;1.405;25023.3;512.5;26316.3;261.77;219.86;384.94;374.57;365.06;374.42;332.08;8.786;32.98;41.77;295;1.34;0
42;8;1.603;0.3565;91.9;752.26;34.7044;19.074;101460;1088.3;18.84;0.1437;0.06177;0.07174;0.3238;517.62;1.238;25590.5;512.8;26328.1;261.89;219.96;384.77;374.39;364.88;374.25;331.89;8.595;32.99;41.59;292;1.33;0
42;9;1.603;0.4991;82.0;752.28;34.7044;19.075;101458;1088.2;18.84;0.1437;0.07174;0.08063;0.3569;579.86;1.459;24869.5;512.4;26312.3;261.73;219.83;384.99;374.61;365.10;374.47;332.13;8.839;32.97;41.81;289;1.31;0
42;10;1.603;0.6417;66.6;752.14;34.7044;19.072;101469;1088.1;18.84;0.1438;0.08063;0.08784;0.3863;714.45;1.873;24936.3;512.4;26303.7;261.65;219.76;384.94;374.57;365.07;374.43;332.10;8.813;32.96;41.78;287;1.30;0
42;11;1.603;0.7843;38.2;751.28;34.7044;19.056;101534;1088.5;18.78;0.1438;0.08784;0.09199;0.4139;1243.29;3.352;30187.3;514.4;26350.8;262.12;220.15;383.51;373.12;363.61;372.98;330.58;7.293;33.02;40.32;285;1.30;0
43;0;1.684;-0.7843;38.2;742.66;34.7037;18.896;102198;1078.1;18.54;0.1445;0.00000;0.00415;0.0161;1209.98;1.870;25433.1;510.0;25600.5;254.65;213.88;383.12;373.03;363.78;372.89;331.70;8.410;32.08;40.49;313;1.46;0
43;1;1.684;-0.6417;66.6;742.99;34.7037;18.902;102173;1078.3;18.55;0.1445;0.00415;0.01136;0.0550;695.31;1.126;25187.6;510.0;25618.3;254.83;214.03;383.24;373.14;363.89;373.00;331.79;8.497;32.10;40.60;311;1.45;0
43;2;1.684;-0.4991;82.0;742.86;34.7037;18.899;102183;1078.5;18.53;0.1445;0.01136;0.02027;0.1035;564.33;0.974;26770.6;510.6;25644.0;255.09;214.25;382.79;372.69;363.43;372.55;331.29;8.003;32.14;40.14;308;1.44;0
43;3;1.684;-0.3565;91.9;742.72;34.7037;18.897;102194;1078.7;18.52;0.1445;0.02027;0.03025;0.1533;503.75;0.931;28094.5;511.1;25660.6;255.25;214.38;382.45;372.34;363.08;372.20;330.92;7.631;32.16;39.79;305;1.42;0
43;4;1.684;-0.2139;76.9;742.94;34.7037;18.901;102177;1078.4;18.54;0.1445;0.03025;0.03859;0.2019;601.58;1.184;25907.0;510.3;25631.0;254.96;214.14;383.03;372.93;363.68;372.79;331.56;8.266;32.12;40.39;302;1.41;0
43;5;1.684;-0.0713;68.4;743.01;34.7037;18.902;102172;1078.2;18.55;0.1445;0.03859;0.04601;0.2398;676.33;1.402;24859.1;509.8;25611.4;254.76;213.97;383.34;373.24;363.99;373.10;331.90;8.607;32.10;40.70;300;1.40;0
43;6;1.684;0.0713;68.4;743.00;34.7037;18.902;102172;1078.1;18.55;0.1445;0.04601;0.05343;0.2703;676.33;1.467;24682.1;509.7;25606.8;254.72;213.93;383.39;373.30;364.05;373.16;331.96;8.668;32.09;40.76;297;1.39;0
43;7;1.684;0.2139;76.9;743.01;34.7037;18.902;102172;1078.2;18.55;0.1445;0.05343;0.06177;0.2970;601.58;1.367;24877.5;509.8;25611.8;254.77;213.98;383.33;373.24;363.99;373.10;331.89;8.601;32.10;40.70;295;1.38;0
43;8;1.684;0.3565;91.9;742.97;34.7037;18.901;102174;1078.3;18.54;0.1445;0.06177;0.07174;0.3228;503.75;1.205;25479.0;510.1;25623.8;254.88;214.08;383.16;373.06;363.80;372.92;331.69;8.402;32.11;40.51;292;1.36;0
43;9;1.684;0.4991;82.0;743.00;34.7037;18.902;102172;1078.1;18.55;0.1445;0.07174;0.08063;0.3560;564.33;1.420;24707.8;509.7;25607.5;254.72;213.94;383.38;373.29;364.04;373.15;331.95;8.659;32.09;40.75;289;1.35;0
43;10;1.684;0.6417;66.6;742.86;34.7037;18.899;102183;1078.0;18.55;0.1445;0.08063;0.08784;0.3856;695.31;1.823;24689.5;509.7;25597.1;254.62;213.85;383.36;373.27;364.03;373.13;331.95;8.662;32.08;40.74;287;1.34;0
43;11;1.684;0.7843;38.2;741.99;34.7037;18.883;102251;1078.4;18.49;0.1446;0.08784;0.09199;0.4134;1209.98;3.262;29693.9;511.6;25637.2;255.02;214.19;381.99;371.89;362.63;371.75;330.50;7.213;32.13;39.34;285;1.33;0
44;0;1.768;-0.7843;38.2;733.25;34.7030;18.720;102937;1068.0;18.24;0.1452;0.00000;0.00414;0.0161;1176.51;1.818;25120.6;507.2;24889.1;247.58;207.94;381.54;371.74;362.76;371.61;331.57;8.278;31.19;39.47;313;1.50;0
44;1;1.768;-0.6417;66.6;733.57;34.7030;18.726;102911;1068.3;18.25;0.1452;0.00414;0.01136;0.0548;676.08;1.095;25063.2;507.3;24910.7;247.79;208.12;381.61;371.80;362.81;371.67;331.59;8.304;31.22;39.52;311;1.49;0
44;2;1.768;-0.4991;82.0;733.43;34.7030;18.724;102923;1068.5;18.24;0.1452;0.01136;0.02027;0.1031;548.72;0.947;26701.7;507.9;24935.8;248.04;208.33;381.16;371.34;362.34;371.21;331.09;7.802;31.25;39.05;308;1.48;0
44;3;1.768;-0.3565;91.9;733.28;34.7030;18.721;102934;1068.7;18.22;0.1452;0.02027;0.03025;0.1527;489.81;0.906;28052.1;508.5;24951.9;248.20;208.46;380.82;371.00;361.99;370.86;330.72;7.431;31.27;38.70;305;1.46;0
44;4;1.768;-0.2139;76.9;733.51;34.7030;18.725;102916;1068.4;18.24;0.1452;0.03025;0.03860;0.2013;584.94;1.152;25813.4;507.6;24923.3;247.92;208.22;381.40;371.59;362.59;371.45;331.36;8.067;31.23;39.30;302;1.45;0
44;5;1.768;-0.0713;68.4;733.59;34.7030;18.727;102910;1068.2;18.26;0.1452;0.03860;0.04601;0.2391;657.63;1.363;24712.8;507.1;24903.4;247.72;208.06;381.72;371.91;362.92;371.77;331.71;8.419;31.21;39.63;300;1.44;0
44;6;1.768;0.0713;68.4;733.58;34.7030;18.727;102910;1068.1;18.26;0.1452;0.04601;0.05343;0.2696;657.63;1.427;24518.2;507.0;24898.6;247.67;208.02;381.77;371.97;362.98;371.83;331.78;8.484;31.20;39.69;297;1.43;0
44;7;1.768;0.2139;76.9;733.59;34.7030;18.727;102910;1068.2;18.25;0.1452;0.05343;0.06177;0.2962;584.94;1.329;24732.7;507.1;24903.8;247.72;208.06;381.71;371.90;362.91;371.77;331.70;8.412;31.21;39.62;295;1.42;0
44;8;1.768;0.3565;91.9;733.55;34.7030;18.726;102913;1068.3;18.25;0.1452;0.06177;0.07174;0.3219;489.81;1.172;25368.8;507.4;24916.2;247.85;208.16;381.53;371.71;362.72;371.58;331.50;8.206;31.22;39.43;292;1.40;0
44;9;1.768;0.4991;82.0;733.58;34.7030;18.727;102910;1068.1;18.26;0.1452;0.07174;0.08063;0.3551;548.72;1.381;24546.9;507.0;24899.4;247.68;208.02;381.77;371.96;362.97;371.82;331.77;8.475;31.20;39.68;289;1.39;0
44;10;1.768;0.6417;66.6;733.45;34.7030;18.724;102921;1068.0;18.25;0.1452;0.08063;0.08784;0.3848;676.08;1.772;24442.7;506.9;24887.2;247.56;207.92;381.77;371.97;362.99;371.83;331.80;8.507;31.19;39.69;287;1.38;0
44;11;1.768;0.7843;38.2;732.56;34.7030;18.708;102992;1068.3;18.19;0.1453;0.08784;0.09199;0.4130;1176.51;3.172;29197.1;508.7;24920.9;247.89;208.20;380.45;370.64;361.65;370.51;330.42;7.131;31.23;38.36;285;1.37;0
45;0;1.855;-0.7843;38.2;723.70;34.7023;18.543;103700;1058.0;17.95;0.1460;0.00000;0.00414;0.0161;1142.92;1.766;24807.5;504.4;24175.0;240.47;201.97;379.97;370.45;361.73;370.32;331.43;8.142;30.30;38.44;313;1.55;0
45;1;1.855;-0.6417;66.6;724.01;34.7023;18.549;103675;1058.3;17.95;0.1460;0.00414;0.01136;0.0546;656.77;1.064;24940.1;504.5;24200.2;240.72;202.18;379.98;370.46;361.72;370.32;331.40;8.107;30.33;38.43;311;1.54;0
45;2;1.855;-0.4991;82.0;723.86;34.7023;18.546;103687;1058.5;17.94;0.1460;0.01136;0.02027;0.1027;533.05;0.920;26634.3;505.3;24225.0;240.97;202.39;379.52;369.99;361.25;369.85;330.89;7.599;30.36;37.96;308;1.52;0
45;3;1.855;-0.3565;91.9;723.71;34.7023;18.543;103699;1058.7;17.92;0.1460;0.02027;0.03025;0.1521;475.83;0.880;28010.7;505.8;24240.4;241.12;202.52;379.18;369.64;360.90;369.51;330.52;7.230;30.38;37.61;305;1.50;0
45;4;1.855;-0.2139;76.9;723.95;34.7023;18.547;103680;1058.4;17.95;0.1460;0.03025;0.03860;0.2007;568.24;1.119;25721.3;504.9;24212.9;240.85;202.29;379.76;370.23;361.50;370.10;331.16;7.865;30.34;38.21;302;1.49;0
45;5;1.855;-0.0713;68.4;724.03;34.7023;18.549;103674;1058.2;17.96;0.1460;0.03860;0.04602;0.2385;638.85;1.324;24567.9;504.4;24193.0;240.65;202.12;380.09;370.57;361.84;370.43;331.52;8.227;30.32;38.55;300;1.48;0
45;6;1.855;0.0713;68.4;724.03;34.7023;18.549;103674;1058.2;17.96;0.1460;0.04602;0.05343;0.2689;638.85;1.386;24355.4;504.3;24188.0;240.60;202.08;380.15;370.63;361.90;370.50;331.59;8.297;30.31;38.61;297;1.47;0
45;7;1.855;0.2139;76.9;724.03;34.7023;18.549;103674;1058.2;17.96;0.1460;0.05343;0.06177;0.2954;568.24;1.291;24589.2;504.4;24193.4;240.66;202.13;380.08;370.56;361.83;370.43;331.51;8.220;30.32;38.54;295;1.46;0
45;8;1.855;0.3565;91.9;723.99;34.7023;18.548;103677;1058.3;17.95;0.1460;0.06177;0.07174;0.3209;475.83;1.138;25259.9;504.7;24205.6;240.78;202.23;379.89;370.36;361.63;370.23;331.30;8.006;30.33;38.34;292;1.44;0
45;9;1.855;0.4991;82.0;724.03;34.7023;18.549;103674;1058.2;17.96;0.1460;0.07174;0.08063;0.3542;533.05;1.341;24387.2;504.3;24188.8;240.61;202.09;380.14;370.62;361.89;370.49;331.58;8.287;30.31;38.60;289;1.43;0
45;10;1.855;0.6417;66.6;723.90;34.7023;18.547;103684;1058.0;17.96;0.1460;0.08063;0.08784;0.3840;656.77;1.722;24196.1;504.2;24175.1;240.47;201.97;380.17;370.66;361.93;370.52;331.64;8.347;30.30;38.64;287;1.42;0
45;11;1.855;0.7843;38.2;723.00;34.7023;18.530;103757;1058.2;17.90;0.1461;0.08784;0.09199;0.4124;1142.92;3.081;28697.4;505.9;24201.9;240.74;202.20;378.92;369.40;360.67;369.26;330.34;7.046;30.33;37.38;285;1.41;0
46;0;1.947;-0.7843;38.2;714.02;34.7016;18.363;104489;1048.1;17.65;0.1468;0.00000;0.00414;0.0160;1109.23;1.714;24494.2;501.6;23459.2;233.35;195.99;378.38;369.15;360.69;369.02;331.29;8.002;29.40;37.40;313;1.60;0
46;1;1.947;-0.6417;66.6;714.33;34.7016;18.368;104464;1048.4;17.65;0.1467;0.00414;0.01136;0.0544;637.41;1.032;24818.6;501.8;23487.7;233.64;196.23;378.34;369.10;360.63;368.97;331.20;7.907;29.43;37.34;311;1.58;0
46;2;1.947;-0.4991;82.0;714.17;34.7016;18.365;104477;1048.6;17.64;0.1468;0.01136;0.02027;0.1023;517.34;0.893;26568.4;502.5;23512.0;233.88;196.43;377.87;368.63;360.15;368.50;330.68;7.393;29.46;36.86;308;1.57;0
46;3;1.947;-0.3565;91.9;714.01;34.7016;18.362;104490;1048.7;17.62;0.1468;0.02027;0.03025;0.1515;461.80;0.854;27970.4;503.1;23526.6;234.02;196.56;377.53;368.28;359.80;368.15;330.32;7.027;29.48;36.51;305;1.55;0
46;4;1.947;-0.2139;76.9;714.26;34.7016;18.367;104469;1048.5;17.65;0.1467;0.03025;0.03860;0.2000;551.49;1.086;25630.6;502.2;23500.0;233.76;196.33;378.12;368.87;360.40;368.75;330.95;7.660;29.45;37.11;302;1.54;0
46;5;1.947;-0.0713;68.4;714.35;34.7016;18.369;104462;1048.3;17.66;0.1467;0.03860;0.04602;0.2378;620.02;1.285;24424.4;501.6;23480.4;233.56;196.17;378.45;369.21;360.75;369.09;331.32;8.032;29.43;37.46;300;1.53;0
46;6;1.947;0.0713;68.4;714.35;34.7016;18.369;104462;1048.2;17.66;0.1467;0.04602;0.05343;0.2682;620.02;1.345;24194.0;501.5;23475.3;233.51;196.13;378.52;369.28;360.82;369.15;331.40;8.106;29.42;37.53;297;1.52;0
46;7;1.947;0.2139;76.9;714.35;34.7016;18.369;104462;1048.3;17.66;0.1467;0.05343;0.06178;0.2945;551.49;1.253;24447.2;501.6;23480.9;233.57;196.17;378.45;369.21;360.74;369.08;331.32;8.024;29.43;37.45;295;1.50;0
46;8;1.947;0.3565;91.9;714.31;34.7016;18.368;104466;1048.4;17.65;0.1467;0.06178;0.07174;0.3198;461.80;1.105;25152.7;502.0;23493.1;233.69;196.28;378.25;369.01;360.54;368.88;331.09;7.803;29.44;37.24;292;1.49;0
46;9;1.947;0.4991;82.0;714.35;34.7016;18.369;104462;1048.2;17.66;0.1467;0.07174;0.08063;0.3531;517.34;1.302;24228.9;501.5;23476.2;233.52;196.13;378.51;369.27;360.81;369.14;331.39;8.095;29.42;37.52;289;1.47;0
46;10;1.947;0.6417;66.6;714.23;34.7016;18.366;104472;1048.1;17.66;0.1467;0.08063;0.08784;0.3831;637.41;1.671;23950.1;501.4;23460.9;233.37;196.01;378.57;369.34;360.88;369.21;331.47;8.184;29.40;37.58;287;1.46;0
46;11;1.947;0.7843;38.2;713.31;34.7016;18.349;104548;1048.2;17.60;0.1468;0.08784;0.09199;0.4119;1109.23;2.991;28195.2;503.0;23481.4;233.57;196.18;377.37;368.14;359.68;368.01;330.25;6.958;29.43;36.38;285;1.45;0
47;0;2.041;-0.7843;38.2;704.23;34.7008;18.180;105303;1038.1;17.35;0.1475;0.00000;0.00414;0.0160;1075.47;1.662;24181.0;498.8;22742.1;226.22;190.00;376.79;367.84;359.65;367.72;331.15;7.857;28.50;36.36;313;1.65;0
47;1;2.041;-0.6417;66.6;704.53;34.7008;18.186;105278;1038.4;17.35;0.1475;0.00414;0.01136;0.0542;618.01;1.001;24698.9;499.1;22773.7;226.53;190.26;376.70;367.74;359.53;367.62;330.99;7.703;28.54;36.24;311;1.63;0
47;2;2.041;-0.4991;82.0;704.35;34.7008;18.183;105293;1038.7;17.34;0.1475;0.01136;0.02027;0.1018;501.59;0.865;26504.0;499.8;22797.3;226.77;190.46;376.22;367.26;359.05;367.14;330.48;7.186;28.57;35.76;308;1.62;0
47;3;2.041;-0.3565;91.9;704.19;34.7008;18.180;105307;1038.8;17.32;0.1475;0.02027;0.03025;0.1508;447.75;0.828;27931.0;500.3;22810.9;226.90;190.58;375.89;366.92;358.70;366.80;330.11;6.823;28.59;35.41;305;1.60;0
47;4;2.041;-0.2139;76.9;704.45;34.7008;18.185;105285;1038.6;17.35;0.1475;0.03025;0.03860;0.1992;534.70;1.053;25541.7;499.4;22785.8;226.65;190.37;376.47;367.51;359.30;367.39;330.74;7.453;28.55;36.01;302;1.59;0
47;5;2.041;-0.0713;68.4;704.55;34.7008;18.186;105277;1038.4;17.36;0.1475;0.03860;0.04602;0.2370;601.15;1.246;24282.6;498.9;22766.4;226.46;190.20;376.81;367.86;359.65;367.73;331.12;7.833;28.53;36.36;300;1.58;0
47;6;2.041;0.0713;68.4;704.55;34.7008;18.186;105276;1038.3;17.36;0.1475;0.04602;0.05344;0.2674;601.15;1.304;24034.0;498.8;22760.9;226.41;190.16;376.88;367.93;359.73;367.81;331.20;7.912;28.52;36.44;297;1.56;0
47;7;2.041;0.2139;76.9;704.55;34.7008;18.186;105277;1038.4;17.36;0.1475;0.05344;0.06178;0.2935;534.70;1.215;24306.9;498.9;22766.8;226.47;190.21;376.80;367.85;359.65;367.73;331.12;7.825;28.53;36.36;295;1.55;0
47;8;2.041;0.3565;91.9;704.50;34.7008;18.185;105281;1038.5;17.35;0.1475;0.06178;0.07174;0.3187;447.75;1.071;25047.2;499.2;22779.0;226.59;190.31;376.60;367.64;359.44;367.52;330.89;7.598;28.55;36.14;292;1.53;0
47;9;2.041;0.4991;82.0;704.55;34.7008;18.186;105276;1038.3;17.36;0.1475;0.07174;0.08064;0.3520;501.59;1.262;24072.1;498.8;22761.8;226.42;190.17;376.87;367.92;359.72;367.80;331.19;7.900;28.52;36.42;289;1.52;0
47;10;2.041;0.6417;66.6;704.43;34.7008;18.184;105286;1038.1;17.36;0.1475;0.08064;0.08785;0.3821;618.01;1.620;23704.8;498.6;22745.2;226.25;190.03;376.96;368.01;359.81;367.89;331.31;8.016;28.50;36.52;287;1.51;0
47;11;2.041;0.7843;38.2;703.51;34.7008;18.167;105364;1038.2;17.30;0.1476;0.08785;0.09199;0.4113;1075.47;2.899;27690.8;500.1;22759.4;226.39;190.15;375.83;366.88;358.68;366.76;330.16;6.867;28.52;35.39;285;1.50;0
48;0;2.140;-0.7843;38.2;694.33;34.7000;17.996;106144;1028.2;17.05;0.1483;0.00000;0.00414;0.0159;1041.66;1.609;23868.2;495.9;22024.1;219.08;184.00;375.19;366.53;358.60;366.41;331.00;7.709;27.60;35.31;313;1.70;0
48;1;2.140;-0.6417;66.6;694.61;34.7000;18.001;106119;1028.5;17.05;0.1483;0.00414;0.01136;0.0540;598.59;0.969;24581.0;496.3;22058.7;219.42;184.29;375.05;366.38;358.43;366.26;330.79;7.497;27.64;35.14;311;1.69;0
48;2;2.140;-0.4991;82.0;694.43;34.7000;17.998;106135;1028.8;17.03;0.1483;0.01136;0.02027;0.1014;485.83;0.838;26440.9;497.1;22081.4;219.65;184.48;374.57;365.89;357.94;365.77;330.27;6.977;27.67;34.65;308;1.67;0
48;3;2.140;-0.3565;91.9;694.26;34.7000;17.995;106150;1028.9;17.02;0.1483;0.02027;0.03025;0.1501;433.67;0.802;27892.7;497.6;22094.4;219.78;184.59;374.24;365.55;357.60;365.43;329.91;6.618;27.69;34.31;305;1.65;0
48;4;2.140;-0.2139;76.9;694.53;34.7000;18.000;106126;1028.7;17.04;0.1483;0.03025;0.03860;0.1985;517.90;1.020;25454.6;496.7;22070.6;219.54;184.39;374.82;366.14;358.19;366.02;330.53;7.244;27.66;34.90;302;1.64;0
48;5;2.140;-0.0713;68.4;694.64;34.7000;18.002;106117;1028.5;17.06;0.1483;0.03860;0.04602;0.2363;582.25;1.207;24142.5;496.1;22051.2;219.35;184.23;375.17;366.50;358.56;366.38;330.92;7.631;27.63;35.27;300;1.63;0
48;6;2.140;0.0713;68.4;694.64;34.7000;18.002;106117;1028.4;17.06;0.1483;0.04602;0.05344;0.2665;582.25;1.263;23876.0;496.0;22045.9;219.29;184.18;375.24;366.57;358.63;366.45;331.01;7.714;27.63;35.34;297;1.61;0
48;7;2.140;0.2139;76.9;694.64;34.7000;18.002;106117;1028.5;17.06;0.1483;0.05344;0.06178;0.2926;517.90;1.177;24168.4;496.1;22051.7;219.35;184.23;375.16;366.49;358.55;366.37;330.91;7.623;27.63;35.26;295;1.60;0
48;8;2.140;0.3565;91.9;694.58;34.7000;18.001;106122;1028.6;17.05;0.1483;0.06178;0.07175;0.3175;433.67;1.038;24943.6;496.5;22064.0;219.47;184.34;374.95;366.28;358.33;366.16;330.68;7.390;27.65;35.04;292;1.58;0
48;9;2.140;0.4991;82.0;694.64;34.7000;18.002;106117;1028.4;17.06;0.1483;0.07175;0.08064;0.3509;485.83;1.222;23917.2;496.0;22046.8;219.30;184.19;375.23;366.56;358.62;366.44;330.99;7.701;27.63;35.33;289;1.57;0
48;10;2.140;0.6417;66.6;694.53;34.7000;18.000;106126;1028.2;17.06;0.1483;0.08064;0.08785;0.3812;598.59;1.569;23460.8;495.8;22028.9;219.13;184.04;375.34;366.68;358.74;366.56;331.14;7.845;27.61;35.45;287;1.56;0
48;11;2.140;0.7843;38.2;693.60;34.7000;17.982;106206;1028.3;17.01;0.1484;0.08785;0.09199;0.4107;1041.66;2.808;27184.8;497.2;22037.2;219.21;184.11;374.28;365.62;357.68;365.50;330.06;6.773;27.62;34.39;285;1.55;0
49;0;2.243;-0.7843;38.2;684.33;34.6992;17.810;107010;1018.3;16.75;0.1491;0.00000;0.00414;0.0159;1007.84;1.557;23556.4;493.0;21306.4;211.94;178.01;373.59;365.22;357.55;365.10;330.85;7.557;26.70;34.26;313;1.76;0
49;1;2.243;-0.6417;66.6;684.59;34.6992;17.815;106987;1018.7;16.75;0.1491;0.00414;0.01136;0.0538;579.15;0.938;24465.2;493.5;21343.3;212.31;178.31;373.40;365.01;357.33;364.89;330.58;7.289;26.75;34.04;311;1.74;0
49;2;2.243;-0.4991;82.0;684.40;34.6992;17.811;107004;1018.9;16.73;0.1491;0.01136;0.02027;0.1009;470.05;0.811;26379.5;494.3;21365.4;212.53;178.50;372.92;364.52;356.83;364.41;330.06;6.767;26.77;33.54;308;1.72;0
49;3;2.243;-0.3565;91.9;684.22;34.6992;17.808;107019;1019.0;16.72;0.1491;0.02027;0.03025;0.1493;419.59;0.776;27855.1;494.8;21377.6;212.65;178.60;372.58;364.19;356.49;364.07;329.70;6.412;26.79;33.20;305;1.71;0
49;4;2.243;-0.2139;76.9;684.51;34.6992;17.813;106994;1018.8;16.74;0.1491;0.03025;0.03860;0.1977;501.08;0.987;25369.4;493.9;21355.1;212.42;178.41;373.16;364.77;357.09;364.66;330.32;7.033;26.76;33.79;302;1.69;0
49;5;2.243;-0.0713;68.4;684.62;34.6992;17.815;106984;1018.6;16.75;0.1491;0.03860;0.04602;0.2354;563.34;1.167;24004.7;493.3;21336.1;212.23;178.25;373.52;365.14;357.45;365.02;330.72;7.426;26.74;34.16;300;1.68;0
49;6;2.243;0.0713;68.4;684.63;34.6992;17.815;106983;1018.5;16.76;0.1491;0.04602;0.05344;0.2656;563.34;1.222;23720.0;493.2;21330.7;212.18;178.21;373.60;365.22;357.54;365.10;330.80;7.513;26.73;34.24;297;1.67;0
49;7;2.243;0.2139;76.9;684.62;34.6992;17.815;106984;1018.6;16.75;0.1491;0.05344;0.06178;0.2915;501.08;1.139;24032.0;493.3;21336.5;212.24;178.26;373.51;365.13;357.45;365.01;330.71;7.418;26.74;34.16;295;1.65;0
49;8;2.243;0.3565;91.9;684.56;34.6992;17.814;106990;1018.7;16.75;0.1491;0.06178;0.07175;0.3162;419.59;1.004;24729.1;493.6;21346.3;212.34;178.34;373.33;364.94;357.25;364.82;330.50;7.212;26.75;33.96;292;1.64;0
49;9;2.243;0.4991;82.0;684.63;34.6992;17.815;106983;1018.6;16.76;0.1491;0.07175;0.08064;0.3497;470.05;1.183;23764.4;493.2;21331.6;212.19;178.22;373.58;365.20;357.52;365.09;330.79;7.499;26.73;34.23;289;1.62;0
49;10;2.243;0.6417;66.6;684.52;34.6992;17.813;106993;1018.4;16.76;0.1491;0.08064;0.08785;0.3801;579.15;1.518;23218.3;492.9;21312.7;212.00;178.06;373.71;365.34;357.67;365.23;330.96;7.669;26.71;34.38;287;1.61;0
49;11;2.243;0.7843;38.2;683.58;34.6992;17.796;107075;1018.3;16.71;0.1492;0.08785;0.09199;0.4100;1007.84;2.717;26677.6;494.3;21315.1;212.03;178.08;372.72;364.35;356.68;364.23;329.97;6.675;26.71;33.39;285;1.60;0
50;0;2.350;-0.7843;38.2;674.23;34.6983;17.622;107903;1008.4;16.45;0.1499;0.00000;0.00414;0.0158;974.05;1.505;23245.9;490.2;20589.5;204.81;172.02;371.99;363.90;356.49;363.79;330.69;7.400;25.80;33.20;313;1.82;0
50;1;2.350;-0.6417;66.6;674.48;34.6983;17.626;107881;1008.8;16.45;0.1499;0.00414;0.01136;0.0535;559.73;0.907;24351.5;490.7;20628.7;205.20;172.34;371.74;363.64;356.22;363.53;330.37;7.077;25.85;32.93;311;1.80;0
50;2;2.350;-0.4991;82.0;674.27;34.6983;17.622;107900;1009.0;16.43;0.1499;0.01136;0.02027;0.1004;454.29;0.784;26319.4;491.5;20649.8;205.41;172.52;371.26;363.15;355.72;363.04;329.85;6.555;25.88;32.43;308;1.78;0
50;3;2.350;-0.3565;91.9;674.09;34.6983;17.619;107916;1009.1;16.42;0.1499;0.02027;0.03025;0.1485;405.52;0.750;27717.2;492.0;20659.6;205.51;172.60;370.95;362.84;355.41;362.73;329.52;6.227;25.89;32.12;305;1.76;0
50;4;2.350;-0.2139;76.9;674.39;34.6983;17.625;107889;1008.9;16.44;0.1499;0.03025;0.03860;0.1968;484.28;0.954;25286.0;491.1;20640.0;205.31;172.44;371.50;363.40;355.98;363.29;330.11;6.820;25.87;32.69;302;1.75;0
50;5;2.350;-0.0713;68.4;674.51;34.6983;17.627;107878;1008.8;16.45;0.1499;0.03860;0.04602;0.2346;544.46;1.128;23869.1;490.5;20621.5;205.13;172.28;371.87;363.77;356.35;363.66;330.51;7.218;25.84;33.06;300;1.74;0
50;6;2.350;0.0713;68.4;674.52;34.6983;17.627;107877;1008.7;16.45;0.1499;0.04602;0.05344;0.2647;544.46;1.181;23566.2;490.4;20616.1;205.07;172.24;371.95;363.85;356.44;363.74;330.60;7.309;25.84;33.14;297;1.73;0
50;7;2.350;0.2139;76.9;674.51;34.6983;17.627;107878;1008.8;16.45;0.1499;0.05344;0.06178;0.2904;484.28;1.101;23897.9;490.5;20621.9;205.13;172.29;371.86;363.76;356.34;363.65;330.50;7.209;25.84;33.05;295;1.71;0
50;8;2.350;0.3565;91.9;674.45;34.6983;17.626;107884;1008.9;16.45;0.1499;0.06178;0.07175;0.3148;405.52;0.970;24695.5;490.9;20632.9;205.24;172.38;371.65;363.55;356.13;363.44;330.27;6.980;25.86;32.84;292;1.69;0
50;9;2.350;0.4991;82.0;674.52;34.6983;17.627;107877;1008.7;16.45;0.1499;0.07175;0.08064;0.3484;454.29;1.143;23613.8;490.4;20617.0;205.08;172.25;371.94;363.84;356.42;363.73;330.59;7.294;25.84;33.13;289;1.68;0
50;10;2.350;0.6417;66.6;674.43;34.6983;17.625;107886;1008.5;16.46;0.1499;0.08064;0.08785;0.3790;559.73;1.467;22977.6;490.1;20596.9;204.88;172.08;372.09;364.00;356.59;363.89;330.78;7.489;25.81;33.30;287;1.67;0
50;11;2.350;0.7843;38.2;673.48;34.6983;17.608;107970;1008.4;16.41;0.1500;0.08785;0.09199;0.4093;974.05;2.626;26170.0;491.3;20593.8;204.85;172.05;371.17;363.08;355.67;362.97;329.87;6.574;25.81;32.38;285;1.66;0
51;0;2.461;-0.7843;38.2;664.05;34.6975;17.432;108824;998.6;16.15;0.1507;0.00000;0.00414;0.0158;940.34;1.453;22937.2;487.3;19874.1;197.69;166.04;370.38;362.58;355.44;362.48;330.53;7.239;24.91;32.14;313;1.88;0
51;1;2.461;-0.6417;66.6;664.28;34.6975;17.436;108803;999.0;16.15;0.1507;0.00414;0.01136;0.0533;540.36;0.875;24240.0;487.9;19915.3;198.10;166.38;370.09;362.27;355.11;362.17;330.15;6.864;24.96;31.82;311;1.87;0
51;2;2.461;-0.4991;82.0;664.07;34.6975;17.432;108822;999.2;16.13;0.1507;0.01136;0.02027;0.0998;438.57;0.757;26260.4;488.7;19935.4;198.30;166.55;369.61;361.78;354.62;361.68;329.63;6.342;24.98;31.33;308;1.85;0
51;3;2.461;-0.3565;91.9;663.88;34.6975;17.429;108839;999.3;16.12;0.1507;0.02027;0.03025;0.1477;391.49;0.724;27733.0;489.2;19945.0;198.40;166.63;369.29;361.47;354.29;361.36;329.30;6.008;24.99;31.00;305;1.83;0
51;4;2.461;-0.2139;76.9;664.19;34.6975;17.434;108811;999.1;16.14;0.1507;0.03025;0.03860;0.1959;467.52;0.921;25204.2;488.3;19926.0;198.21;166.47;369.85;362.03;354.87;361.92;329.90;6.605;24.97;31.58;302;1.81;0
51;5;2.461;-0.0713;68.4;664.32;34.6975;17.437;108799;998.9;16.15;0.1507;0.03860;0.04602;0.2336;525.61;1.089;23735.8;487.7;19908.2;198.03;166.32;370.22;362.41;355.25;362.30;330.30;7.007;24.95;31.96;300;1.80;0
51;6;2.461;0.0713;68.4;664.34;34.6975;17.437;108798;998.9;16.15;0.1507;0.04602;0.05344;0.2636;525.61;1.140;23414.8;487.6;19902.7;197.98;166.28;370.30;362.49;355.33;362.38;330.39;7.101;24.94;32.04;297;1.79;0
51;7;2.461;0.2139;76.9;664.32;34.6975;17.437;108799;998.9;16.15;0.1507;0.05344;0.06178;0.2892;467.52;1.063;23766.1;487.7;19908.7;198.04;166.33;370.21;362.40;355.24;362.29;330.29;6.999;24.95;31.95;295;1.77;0
51;8;2.461;0.3565;91.9;664.25;34.6975;17.436;108806;999.0;16.14;0.1507;0.06178;0.07175;0.3134;391.49;0.937;24662.9;488.1;19920.5;198.15;166.43;369.98;362.17;355.00;362.06;330.04;6.748;24.96;31.71;292;1.75;0
51;9;2.461;0.4991;82.0;664.33;34.6975;17.437;108798;998.9;16.15;0.1507;0.07175;0.08064;0.3470;438.57;1.104;23465.5;487.6;19903.6;197.98;166.29;370.29;362.48;355.32;362.37;330.38;7.086;24.94;32.03;289;1.74;0
51;10;2.461;0.6417;66.6;664.25;34.6975;17.436;108806;998.7;16.16;0.1507;0.08064;0.08785;0.3778;540.36;1.417;22739.3;487.2;19882.9;197.78;166.11;370.47;362.67;355.51;362.56;330.60;7.305;24.92;32.22;287;1.72;0
51;11;2.461;0.7843;38.2;663.30;34.6975;17.418;108892;998.5;16.11;0.1507;0.08785;0.09199;0.4086;940.34;2.535;25662.5;488.3;19874.4;197.69;166.04;369.61;361.81;354.67;361.71;329.76;6.470;24.91;31.38;285;1.72;0
52;0;2.578;-0.7843;38.2;653.81;34.6966;17.241;109771;988.8;15.85;0.1515;0.00000;0.00414;0.0157;906.71;1.401;22630.7;484.3;19161.2;190.60;160.08;368.78;361.27;354.38;361.16;330.36;7.074;24.01;31.09;313;1.95;0
52;1;2.578;-0.6417;66.6;654.02;34.6966;17.245;109751;989.2;15.85;0.1515;0.00414;0.01136;0.0530;521.04;0.844;24130.9;485.1;19203.9;191.03;160.44;368.44;360.91;354.01;360.80;329.94;6.649;24.07;30.71;311;1.94;0
52;2;2.578;-0.4991;82.0;653.79;34.6966;17.241;109773;989.4;15.83;0.1515;0.01136;0.02027;0.0992;422.88;0.730;26202.5;485.9;19223.0;191.22;160.60;367.96;360.42;353.51;360.31;329.42;6.129;24.09;30.22;308;1.92;0
52;3;2.578;-0.3565;91.9;653.60;34.6966;17.237;109790;989.5;15.81;0.1515;0.02027;0.03025;0.1468;377.49;0.698;27748.0;486.5;19232.5;191.31;160.68;367.64;360.09;353.18;359.99;329.08;5.791;24.10;29.89;305;1.90;0
52;4;2.578;-0.2139;76.9;653.92;34.6966;17.243;109761;989.3;15.84;0.1515;0.03025;0.03860;0.1949;450.80;0.888;25124.3;485.5;19214.2;191.13;160.53;368.20;360.67;353.76;360.56;329.68;6.389;24.08;30.47;302;1.88;0
52;5;2.578;-0.0713;68.4;654.06;34.6966;17.246;109747;989.1;15.85;0.1515;0.03860;0.04602;0.2326;506.82;1.050;23605.0;484.9;19196.9;190.95;160.38;368.57;361.04;354.14;360.94;330.09;6.794;24.06;30.85;300;1.87;0
52;6;2.578;0.0713;68.4;654.08;34.6966;17.246;109746;989.1;15.85;0.1515;0.04602;0.05344;0.2626;506.82;1.100;23266.1;484.7;19191.5;190.90;160.34;368.66;361.13;354.23;361.03;330.18;6.891;24.05;30.94;297;1.85;0
52;7;2.578;0.2139;76.9;654.06;34.6966;17.246;109748;989.1;15.85;0.1515;0.05344;0.06178;0.2879;450.80;1.025;23636.8;484.9;19197.3;190.96;160.39;368.57;361.04;354.13;360.93;330.08;6.785;24.06;30.84;295;1.84;0
52;8;2.578;0.3565;91.9;653.98;34.6966;17.244;109755;989.3;15.84;0.1515;0.06178;0.07175;0.3119;377.49;0.903;24631.3;485.3;19210.1;191.09;160.49;368.32;360.79;353.88;360.68;329.81;6.516;24.07;30.59;292;1.82;0
52;9;2.578;0.4991;82.0;654.07;34.6966;17.246;109746;989.1;15.85;0.1515;0.07175;0.08064;0.3456;422.88;1.064;23206.5;484.7;19190.3;190.89;160.33;368.67;361.15;354.25;361.04;330.20;6.909;24.05;30.96;289;1.80;0
52;10;2.578;0.6417;66.6;654.00;34.6966;17.244;109753;988.9;15.86;0.1515;0.08064;0.08785;0.3765;521.04;1.366;22503.5;484.3;19171.2;190.70;160.17;368.85;361.33;354.43;361.22;330.41;7.117;24.03;31.14;287;1.79;0
52;11;2.578;0.7843;38.2;653.06;34.6966;17.227;109841;988.6;15.81;0.1516;0.08785;0.09199;0.4078;906.71;2.445;25155.6;485.3;19157.3;190.56;160.05;368.06;360.55;353.66;360.44;329.65;6.362;24.01;30.37;285;1.78;0
53;0;2.698;-0.7843;38.2;643.50;34.6957;17.049;110745;979.0;15.55;0.1523;0.00000;0.00414;0.0157;873.23;1.349;22326.9;481.4;18451.4;183.54;154.15;367.18;359.95;353.32;359.85;330.20;6.904;23.12;30.03;313;2.03;0
53;1;2.698;-0.6417;66.6;643.69;34.6957;17.052;110727;979.4;15.55;0.1523;0.00414;0.01136;0.0527;501.80;0.813;24024.0;482.3;18495.3;183.98;154.52;366.80;359.55;352.90;359.45;329.72;6.432;23.18;29.61;311;2.01;0
53;2;2.698;-0.4991;82.0;643.45;34.6957;17.048;110750;979.6;15.53;0.1523;0.01136;0.02027;0.0986;407.27;0.703;26023.8;483.1;18511.6;184.14;154.66;366.34;359.08;352.43;358.98;329.23;5.943;23.20;29.14;308;1.99;0
53;3;2.698;-0.3565;91.9;643.25;34.6957;17.044;110769;979.7;15.51;0.1523;0.02027;0.03025;0.1459;363.55;0.672;27761.3;483.6;18522.7;184.25;154.75;365.99;358.73;352.08;358.63;328.87;5.574;23.21;28.79;305;1.97;0
53;4;2.698;-0.2139;76.9;643.58;34.6957;17.050;110737;979.5;15.54;0.1523;0.03025;0.03860;0.1939;434.16;0.855;25046.2;482.7;18505.3;184.08;154.60;366.56;359.30;352.65;359.20;329.46;6.173;23.19;29.36;302;1.95;0
53;5;2.698;-0.0713;68.4;643.73;34.6957;17.053;110723;979.4;15.55;0.1523;0.03860;0.04602;0.2316;488.10;1.011;23477.0;482.0;18488.6;183.91;154.47;366.93;359.68;353.04;359.58;329.87;6.579;23.17;29.75;300;1.94;0
53;6;2.698;0.0713;68.4;643.75;34.6957;17.053;110721;979.3;15.55;0.1523;0.04602;0.05344;0.2614;488.10;1.059;23120.4;481.9;18483.4;183.86;154.42;367.02;359.77;353.13;359.67;329.97;6.679;23.16;29.84;297;1.93;0
53;7;2.698;0.2139;76.9;643.73;34.6957;17.053;110723;979.4;15.55;0.1523;0.05344;0.06178;0.2866;434.16;0.987;23510.2;482.1;18489.1;183.91;154.47;366.92;359.67;353.03;359.57;329.86;6.570;23.17;29.74;295;1.91;0
53;8;2.698;0.3565;91.9;643.65;34.6957;17.051;110731;979.5;15.54;0.1523;0.06178;0.07175;0.3103;363.55;0.870;24600.5;482.5;18502.4;184.05;154.58;366.66;359.41;352.76;359.31;329.57;6.284;23.19;29.47;292;1.89;0
53;9;2.698;0.4991;82.0;643.75;34.6957;17.053;110721;979.3;15.55;0.1523;0.07175;0.08065;0.3440;407.27;1.025;23140.4;481.9;18483.7;183.86;154.42;367.02;359.77;353.13;359.67;329.96;6.673;23.16;29.84;289;1.87;0
53;10;2.698;0.6417;66.6;643.69;34.6957;17.052;110728;979.1;15.56;0.1523;0.08065;0.08785;0.3752;501.80;1.316;22270.7;481.4;18462.4;183.65;154.25;367.23;359.99;353.35;359.89;330.22;6.926;23.14;30.06;287;1.86;0
53;11;2.698;0.7843;38.2;642.75;34.6957;17.035;110817;978.8;15.51;0.1524;0.08785;0.09199;0.4069;873.23;2.354;24650.3;482.3;18443.9;183.47;154.09;366.51;359.28;352.66;359.18;329.54;6.251;23.11;29.36;285;1.85;0
54;0;2.824;-0.7843;38.2;633.15;34.6947;16.856;111746;969.2;15.25;0.1531;0.00000;0.00414;0.0156;839.94;1.298;22026.4;478.5;17745.8;176.52;148.26;365.59;358.63;352.26;358.54;330.02;6.731;22.24;28.97;313;2.11;0
54;1;2.824;-0.6417;66.6;633.31;34.6947;16.859;111730;969.7;15.25;0.1531;0.00414;0.01136;0.0524;482.67;0.782;23919.6;479.4;17790.7;176.97;148.63;365.16;358.19;351.80;358.09;329.50;6.214;22.30;28.51;311;2.09;0
54;2;2.824;-0.4991;82.0;633.06;34.6947;16.854;111755;969.8;15.23;0.1531;0.01136;0.02027;0.0980;391.74;0.676;26026.6;480.2;17806.7;177.13;148.77;364.69;357.72;351.32;357.62;329.01;5.716;22.32;28.03;308;2.07;0
54;3;2.824;-0.3565;91.9;632.86;34.6947;16.850;111775;969.9;15.21;0.1531;0.02027;0.03025;0.1449;349.69;0.647;27772.5;480.8;17816.5;177.22;148.85;364.35;357.37;350.98;357.28;328.65;5.360;22.33;27.69;305;2.05;0
54;4;2.824;-0.2139;76.9;633.20;34.6947;16.857;111742;969.8;15.24;0.1531;0.03025;0.03860;0.1928;417.60;0.822;24969.4;479.9;17800.2;177.06;148.71;364.92;357.94;351.55;357.85;329.25;5.956;22.31;28.26;302;2.03;0
54;5;2.824;-0.0713;68.4;633.36;34.6947;16.860;111726;969.6;15.25;0.1531;0.03860;0.04602;0.2304;469.49;0.973;23351.6;479.2;17784.2;176.90;148.58;365.29;358.33;351.94;358.23;329.65;6.363;22.29;28.65;300;2.02;0
54;6;2.824;0.0713;68.4;633.38;34.6947;16.860;111723;969.6;15.25;0.1531;0.04602;0.05344;0.2602;469.49;1.019;22977.5;479.0;17779.1;176.85;148.54;365.39;358.42;352.04;358.32;329.76;6.464;22.28;28.75;297;2.00;0
54;7;2.824;0.2139;76.9;633.36;34.6947;16.860;111726;969.6;15.25;0.1531;0.05344;0.06178;0.2852;417.60;0.949;23271.5;479.1;17782.7;176.89;148.57;365.31;358.35;351.96;358.25;329.67;6.384;22.29;28.67;295;1.98;0
54;8;2.824;0.3565;91.9;633.27;34.6947;16.858;111735;969.8;15.24;0.1531;0.06178;0.07175;0.3085;349.69;0.837;24570.2;479.7;17798.2;177.04;148.70;365.01;358.04;351.65;357.94;329.34;6.052;22.30;28.36;292;1.96;0
54;9;2.824;0.4991;82.0;633.38;34.6947;16.860;111724;969.6;15.25;0.1531;0.07175;0.08065;0.3424;391.74;0.986;23075.7;479.1;17780.8;176.87;148.55;365.36;358.40;352.01;358.30;329.73;6.438;22.28;28.72;289;1.94;0
54;10;2.824;0.6417;66.6;633.33;34.6947;16.859;111729;969.4;15.26;0.1531;0.08065;0.08786;0.3737;482.67;1.265;22041.3;478.5;17757.8;176.64;148.36;365.61;358.65;352.28;358.56;330.02;6.731;22.25;28.98;287;1.93;0
54;11;2.824;0.7843;38.2;632.40;34.6947;16.842;111820;969.0;15.22;0.1532;0.08786;0.09199;0.4060;839.94;2.265;24147.0;479.3;17734.7;176.41;148.17;364.97;358.02;351.65;357.92;329.43;6.136;22.22;28.36;285;1.93;0
55;0;2.955;-0.7843;38.2;622.76;34.6937;16.662;112774;959.5;14.96;0.1539;0.00000;0.00414;0.0156;806.87;1.247;21729.6;475.5;17045.3;169.55;142.41;364.00;357.32;351.21;357.23;329.84;6.554;21.36;27.91;313;2.20;0
55;1;2.955;-0.6417;66.6;622.90;34.6937;16.664;112761;960.0;14.95;0.1539;0.00414;0.01136;0.0520;463.66;0.751;23817.4;476.6;17090.8;170.00;142.79;363.53;356.84;350.70;356.74;329.29;5.995;21.42;27.41;311;2.18;0
55;2;2.955;-0.4991;82.0;622.64;34.6937;16.660;112787;960.2;14.93;0.1539;0.01136;0.02027;0.0973;376.32;0.649;26028.2;477.4;17106.3;170.16;142.92;363.05;356.36;350.22;356.26;328.78;5.491;21.44;26.93;308;2.15;0
55;3;2.955;-0.3565;91.9;622.43;34.6937;16.656;112808;960.2;14.92;0.1539;0.02027;0.03025;0.1438;335.92;0.621;27780.5;478.0;17114.7;170.24;142.99;362.73;356.03;349.89;355.93;328.44;5.147;21.45;26.59;305;2.13;0
55;4;2.955;-0.2139;76.9;622.78;34.6937;16.662;112773;960.1;14.94;0.1539;0.03025;0.03860;0.1917;401.16;0.790;24821.9;477.0;17098.4;170.08;142.85;363.31;356.61;350.47;356.52;329.05;5.755;21.43;27.18;302;2.11;0
55;5;2.955;-0.0713;68.4;622.95;34.6937;16.665;112756;960.0;14.96;0.1539;0.03860;0.04602;0.2292;451.01;0.935;23229.0;476.3;17084.4;169.94;142.73;363.67;356.98;350.85;356.89;329.44;6.145;21.41;27.55;300;2.10;0
55;6;2.955;0.0713;68.4;622.98;34.6937;16.666;112753;959.9;14.96;0.1539;0.04602;0.05344;0.2589;451.01;0.978;22837.6;476.1;17079.4;169.89;142.69;363.76;357.07;350.94;356.98;329.54;6.248;21.40;27.65;297;2.08;0
55;7;2.955;0.2139;76.9;622.95;34.6937;16.665;112756;960.0;14.96;0.1539;0.05344;0.06178;0.2837;401.16;0.912;23224.2;476.3;17084.2;169.94;142.73;363.67;356.98;350.85;356.89;329.44;6.146;21.41;27.56;295;2.06;0
55;8;2.955;0.3565;91.9;622.85;34.6937;16.663;112766;960.1;14.95;0.1539;0.06178;0.07176;0.3067;335.92;0.804;24540.3;476.9;17098.6;170.08;142.85;363.37;356.68;350.54;356.58;329.11;5.821;21.43;27.25;292;2.04;0
55;9;2.955;0.4991;82.0;622.98;34.6937;16.666;112753;959.9;14.96;0.1539;0.07176;0.08065;0.3406;376.32;0.947;23012.1;476.2;17082.2;169.92;142.72;363.72;357.03;350.90;356.94;329.49;6.202;21.41;27.61;289;2.02;0
55;10;2.955;0.6417;66.6;622.94;34.6937;16.665;112757;959.7;14.96;0.1539;0.08065;0.08786;0.3722;463.66;1.216;21815.7;475.6;17058.1;169.68;142.51;364.00;357.32;351.20;357.23;329.82;6.533;21.38;27.91;287;2.01;0
55;11;2.955;0.7843;38.2;622.02;34.6938;16.648;112849;959.3;14.93;0.1540;0.08786;0.09199;0.4050;806.87;2.175;23646.6;476.3;17030.8;169.41;142.29;363.43;356.76;350.65;356.67;329.31;6.017;21.34;27.36;285;2.00;0
56;0;3.092;-0.7843;38.2;612.36;34.6927;16.468;113829;949.9;14.67;0.1547;0.00000;0.00414;0.0155;774.08;1.196;21437.0;472.6;16350.5;162.64;136.60;362.42;356.02;350.15;355.93;329.66;6.372;20.49;26.86;313;2.29;0
56;1;3.092;-0.6417;66.6;612.47;34.6927;16.470;113818;950.4;14.66;0.1547;0.00414;0.01136;0.0517;444.82;0.720;23717.1;473.7;16396.2;163.10;136.98;361.91;355.50;349.61;355.41;329.07;5.776;20.55;26.32;311;2.27;0
56;2;3.092;-0.4991;82.0;612.20;34.6927;16.465;113846;950.5;14.64;0.1547;0.01136;0.02027;0.0965;361.03;0.623;26027.6;474.6;16411.2;163.25;137.11;361.43;355.01;349.13;354.92;328.56;5.268;20.57;25.83;308;2.24;0
56;3;3.092;-0.3565;91.9;611.98;34.6927;16.461;113868;950.5;14.62;0.1548;0.02027;0.03025;0.1427;322.27;0.596;27784.7;475.1;16418.4;163.32;137.17;361.12;354.69;348.80;354.60;328.23;4.937;20.58;25.51;305;2.22;0
56;4;3.092;-0.2139;76.9;612.34;34.6927;16.467;113831;950.4;14.65;0.1547;0.03025;0.03860;0.1904;384.86;0.758;24810.5;474.1;16404.3;163.18;137.05;361.68;355.26;349.37;355.17;328.81;5.524;20.56;26.08;302;2.20;0
56;5;3.092;-0.0713;68.4;612.52;34.6927;16.471;113812;950.3;14.66;0.1547;0.03860;0.04602;0.2280;432.68;0.897;23109.2;473.4;16390.3;163.04;136.93;362.05;355.64;349.76;355.55;329.22;5.926;20.54;26.47;300;2.19;0
56;6;3.092;0.0713;68.4;612.55;34.6927;16.471;113809;950.3;14.66;0.1547;0.04602;0.05344;0.2575;432.68;0.939;22700.9;473.3;16385.5;162.99;136.89;362.15;355.73;349.86;355.64;329.32;6.030;20.53;26.56;297;2.17;0
56;7;3.092;0.2139;76.9;612.52;34.6927;16.471;113812;950.3;14.66;0.1547;0.05344;0.06178;0.2821;384.86;0.875;23177.8;473.5;16391.3;163.05;136.94;362.04;355.62;349.74;355.53;329.20;5.908;20.54;26.45;295;2.15;0
56;8;3.092;0.3565;91.9;612.41;34.6927;16.469;113824;950.5;14.65;0.1547;0.06178;0.07176;0.3048;322.27;0.771;24510.2;474.0;16404.5;163.18;137.05;361.74;355.32;349.44;355.24;328.88;5.592;20.56;26.15;292;2.13;0
56;9;3.092;0.4991;82.0;612.55;34.6927;16.471;113810;950.3;14.66;0.1547;0.07176;0.08065;0.3387;361.03;0.908;22949.7;473.4;16389.3;163.03;136.93;362.09;355.68;349.80;355.59;329.26;5.966;20.54;26.51;289;2.11;0
56;10;3.092;0.6417;66.6;612.52;34.6927;16.471;113812;950.1;14.67;0.1547;0.08065;0.08786;0.3705;444.82;1.166;21594.0;472.7;16364.0;162.78;136.71;362.41;356.00;350.13;355.91;329.62;6.331;20.51;26.84;287;2.10;0
56;11;3.092;0.7843;38.2;611.62;34.6928;16.454;113905;949.6;14.64;0.1548;0.08786;0.09199;0.4040;774.08;2.087;23149.8;473.3;16332.8;162.47;136.45;361.91;355.51;349.65;355.42;329.19;5.894;20.47;26.36;285;2.09;0
57;0;3.234;-0.7843;38.2;601.95;34.6917;16.273;114910;940.3;14.38;0.1555;0.00000;0.00414;0.0154;741.57;1.146;21149.1;469.6;15662.7;155.80;130.86;360.85;354.72;349.11;354.64;329.48;6.187;19.63;25.82;313;2.39;0
57;1;3.234;-0.6417;66.6;602.03;34.6917;16.275;114902;940.8;14.37;0.1555;0.00414;0.01136;0.0513;426.14;0.690;23619.2;470.8;15708.3;156.25;131.24;360.31;354.16;348.53;354.08;328.85;5.556;19.69;25.24;311;2.37;0
57;2;3.234;-0.4991;82.0;601.75;34.6917;16.269;114931;940.9;14.35;0.1556;0.01136;0.02027;0.0957;345.86;0.597;26025.1;471.7;15722.6;156.40;131.36;359.83;353.68;348.04;353.59;328.34;5.047;19.70;24.75;308;2.34;0
57;3;3.234;-0.3565;91.9;601.53;34.6917;16.265;114954;940.9;14.33;0.1556;0.02027;0.03025;0.1415;308.74;0.571;27784.7;472.3;15728.6;156.46;131.41;359.52;353.37;347.73;353.28;328.02;4.729;19.71;24.44;305;2.32;0
57;4;3.234;-0.2139;76.9;601.90;34.6917;16.272;114915;940.9;14.36;0.1555;0.03025;0.03860;0.1891;368.70;0.726;24798.3;471.3;15716.6;156.34;131.31;360.06;353.92;348.28;353.83;328.59;5.295;19.70;24.99;302;2.30;0
57;5;3.234;-0.0713;68.4;602.09;34.6917;16.276;114895;940.7;14.37;0.1555;0.03860;0.04602;0.2266;414.51;0.859;22874.5;470.5;15700.9;156.18;131.17;360.47;354.33;348.70;354.25;329.03;5.735;19.68;25.41;300;2.28;0
57;6;3.234;0.0713;68.4;602.12;34.6917;16.276;114892;940.7;14.37;0.1555;0.04602;0.05344;0.2560;414.51;0.899;22457.6;470.3;15696.3;156.13;131.14;360.57;354.43;348.80;354.34;329.13;5.839;19.67;25.51;297;2.27;0
57;7;3.234;0.2139;76.9;602.08;34.6917;16.276;114896;940.8;14.37;0.1555;0.05344;0.06178;0.2803;368.70;0.838;23132.5;470.6;15704.7;156.22;131.21;360.42;354.27;348.64;354.19;328.96;5.672;19.68;25.35;295;2.25;0
57;8;3.234;0.3565;91.9;601.97;34.6917;16.274;114908;940.9;14.36;0.1555;0.06178;0.07176;0.3027;308.74;0.739;24480.0;471.2;15716.7;156.34;131.31;360.13;353.98;348.35;353.90;328.65;5.364;19.70;25.06;292;2.22;0
57;9;3.234;0.4991;82.0;602.11;34.6917;16.276;114893;940.7;14.37;0.1555;0.07176;0.08065;0.3367;345.86;0.870;22888.7;470.5;15702.7;156.20;131.19;360.47;354.33;348.70;354.25;329.02;5.732;19.68;25.41;289;2.20;0
57;10;3.234;0.6417;66.6;602.10;34.6917;16.276;114894;940.5;14.38;0.1555;0.08065;0.08786;0.3688;426.14;1.117;21262.1;469.7;15674.7;155.92;130.96;360.85;354.71;349.09;354.63;329.45;6.159;19.64;25.80;287;2.19;0
57;11;3.234;0.7843;38.2;601.22;34.6917;16.260;114986;940.0;14.35;0.1556;0.08786;0.09199;0.4028;741.57;1.999;22657.2;470.2;15642.1;155.60;130.68;360.39;354.27;348.66;354.18;329.06;5.768;19.60;25.37;285;2.18;0
58;0;3.382;-0.7843;38.2;591.54;34.6907;16.079;116017;930.8;14.09;0.1564;0.00000;0.00414;0.0153;709.45;1.096;20866.3;466.6;14982.7;149.04;125.17;359.30;353.44;348.07;353.35;329.29;5.999;18.78;24.77;313;2.50;0
58;1;3.382;-0.6417;66.6;591.59;34.6907;16.080;116011;931.3;14.08;0.1564;0.00414;0.01136;0.0509;407.68;0.660;23522.5;467.9;15027.8;149.48;125.55;358.72;352.85;347.46;352.76;328.63;5.337;18.83;24.17;311;2.47;0
58;2;3.382;-0.4991;82.0;591.30;34.6907;16.074;116042;931.4;14.06;0.1564;0.01136;0.02027;0.0949;330.88;0.571;26018.7;468.9;15041.2;149.62;125.66;358.24;352.36;346.97;352.28;328.12;4.830;18.85;23.68;308;2.45;0
58;3;3.382;-0.3565;91.9;591.08;34.6907;16.070;116066;931.4;14.05;0.1564;0.02027;0.03025;0.1402;295.36;0.546;27778.2;469.4;15045.9;149.66;125.70;357.94;352.06;346.67;351.98;327.82;4.525;18.86;23.38;305;2.42;0
58;4;3.382;-0.2139;76.9;591.46;34.6907;16.077;116026;931.3;14.07;0.1564;0.03025;0.03860;0.1877;352.73;0.694;24783.9;468.4;15036.0;149.57;125.62;358.47;352.59;347.20;352.51;328.36;5.069;18.84;23.91;302;2.40;0
58;5;3.382;-0.0713;68.4;591.66;34.6907;16.081;116004;931.2;14.08;0.1563;0.03860;0.04602;0.2251;396.55;0.822;22834.0;467.7;15022.0;149.43;125.50;358.87;353.00;347.61;352.91;328.79;5.496;18.83;24.32;300;2.39;0
58;6;3.382;0.0713;68.4;591.69;34.6907;16.082;116000;931.2;14.09;0.1563;0.04602;0.05344;0.2545;396.55;0.860;22404.4;467.5;15017.6;149.38;125.47;358.97;353.09;347.71;353.01;328.89;5.600;18.82;24.42;297;2.37;0
58;7;3.382;0.2139;76.9;591.65;34.6907;16.081;116005;931.2;14.08;0.1563;0.05344;0.06178;0.2785;352.73;0.802;23087.1;467.8;15025.4;149.46;125.53;358.82;352.94;347.56;352.86;328.73;5.437;18.83;24.27;295;2.35;0
58;8;3.382;0.3565;91.9;591.52;34.6907;16.079;116018;931.3;14.07;0.1564;0.06178;0.07176;0.3005;295.36;0.707;24448.3;468.3;15036.0;149.57;125.62;358.54;352.66;347.27;352.58;328.43;5.138;18.84;23.98;292;2.32;0
58;9;3.382;0.4991;82.0;591.68;34.6907;16.081;116002;931.2;14.08;0.1563;0.07176;0.08065;0.3346;330.88;0.833;22828.1;467.7;15023.4;149.44;125.51;358.87;353.00;347.62;352.92;328.79;5.498;18.83;24.33;289;2.30;0
58;10;3.382;0.6417;66.6;591.69;34.6907;16.082;116001;931.0;14.09;0.1563;0.08065;0.08786;0.3669;407.68;1.069;21143.3;466.8;14996.8;149.18;125.29;359.25;353.39;348.01;353.30;329.22;5.926;18.79;24.72;287;2.29;0
58;11;3.382;0.7843;38.2;590.83;34.6907;16.065;116093;930.5;14.06;0.1564;0.08786;0.09199;0.4016;709.45;1.913;22170.1;467.1;14959.3;148.80;124.98;358.89;353.04;347.67;352.96;328.93;5.637;18.75;24.38;285;2.28;0
59;0;3.536;-0.7843;38.2;581.16;34.6896;15.885;117148;921.3;13.81;0.1572;0.00000;0.00414;0.0152;677.71;1.047;20589.0;463.7;14311.1;142.36;119.56;357.75;352.16;347.03;352.08;329.10;5.807;17.93;23.74;313;2.62;0
59;1;3.536;-0.6417;66.6;581.18;34.6896;15.885;117146;921.8;13.79;0.1572;0.00414;0.01136;0.0505;389.44;0.631;23363.0;465.0;14354.6;142.79;119.93;357.17;351.56;346.41;351.48;328.42;5.133;17.99;23.12;311;2.59;0
59;2;3.536;-0.4991;82.0;580.88;34.6896;15.880;117179;921.9;13.78;0.1572;0.01136;0.02026;0.0940;316.08;0.545;26007.9;466.0;14367.9;142.92;120.04;356.67;351.06;345.91;350.98;327.91;4.615;18.01;22.62;308;2.56;0
59;3;3.536;-0.3565;91.9;580.65;34.6896;15.875;117204;921.9;13.76;0.1572;0.02026;0.03024;0.1388;282.15;0.522;27764.9;466.5;14371.6;142.96;120.07;356.39;350.77;345.63;350.69;327.62;4.324;18.01;22.33;305;2.54;0
59;4;3.536;-0.2139;76.9;581.04;34.6896;15.883;117162;921.9;13.78;0.1572;0.03024;0.03860;0.1862;336.95;0.663;24767.3;465.6;14363.7;142.88;120.00;356.89;351.28;346.14;351.20;328.14;4.845;18.00;22.85;302;2.52;0
59;5;3.536;-0.0713;68.4;581.25;34.6896;15.886;117138;921.8;13.80;0.1572;0.03860;0.04602;0.2236;378.82;0.785;22793.7;464.8;14351.1;142.75;119.90;357.29;351.68;346.54;351.60;328.55;5.260;17.98;23.24;300;2.50;0
59;6;3.536;0.0713;68.4;581.29;34.6896;15.887;117134;921.7;13.80;0.1572;0.04602;0.05344;0.2528;378.82;0.822;22352.0;464.6;14347.2;142.71;119.86;357.38;351.77;346.63;351.69;328.65;5.363;17.98;23.34;297;2.48;0
59;7;3.536;0.2139;76.9;581.24;34.6896;15.886;117139;921.8;13.80;0.1572;0.05344;0.06178;0.2766;336.95;0.766;23041.7;464.9;14354.1;142.78;119.92;357.24;351.63;346.48;351.55;328.50;5.205;17.99;23.19;295;2.46;0
59;8;3.536;0.3565;91.9;581.11;34.6896;15.884;117154;921.9;13.79;0.1572;0.06178;0.07176;0.2982;282.15;0.675;24415.3;465.5;14363.7;142.88;120.00;356.96;351.35;346.21;351.27;328.21;4.915;18.00;22.92;292;2.43;0
59;9;3.536;0.4991;82.0;581.27;34.6896;15.887;117136;921.8;13.80;0.1572;0.07176;0.08065;0.3323;316.08;0.795;22768.0;464.8;14352.2;142.76;119.91;357.29;351.68;346.54;351.61;328.56;5.266;17.99;23.25;289;2.41;0
59;10;3.536;0.6417;66.6;581.30;34.6896;15.887;117133;921.5;13.81;0.1572;0.08065;0.08786;0.3649;389.44;1.021;21026.6;463.9;14327.2;142.51;119.70;357.67;352.07;346.94;351.99;328.98;5.693;17.95;23.65;287;2.39;0
59;11;3.536;0.7843;38.2;580.46;34.6896;15.872;117225;921.0;13.78;0.1572;0.08786;0.09199;0.4003;677.71;1.827;21688.8;464.1;14285.4;142.10;119.35;357.40;351.81;346.70;351.74;328.79;5.503;17.90;23.41;285;2.39;0
60;0;3.697;-0.7843;38.2;570.81;34.6885;15.691;118304;912.0;13.53;0.1580;0.00000;0.00414;0.0152;646.42;0.999;20317.8;460.7;13649.3;135.77;114.03;356.23;350.90;346.01;350.82;328.90;5.613;17.11;22.72;313;2.74;0
60;1;3.697;-0.6417;66.6;570.80;34.6885;15.691;118305;912.4;13.51;0.1580;0.00414;0.01136;0.0501;371.46;0.602;23336.6;462.2;13692.6;136.20;114.40;355.60;350.25;345.35;350.18;328.19;4.902;17.16;22.06;311;2.71;0
60;2;3.697;-0.4991;82.0;570.49;34.6885;15.685;118340;912.5;13.50;0.1580;0.01136;0.02026;0.0931;301.49;0.520;25991.7;463.1;13703.9;136.31;114.49;355.13;349.77;344.87;349.70;327.70;4.405;17.17;21.58;308;2.69;0
60;3;3.697;-0.3565;91.9;570.26;34.6885;15.681;118366;912.5;13.48;0.1580;0.02026;0.03024;0.1374;269.12;0.498;27743.2;463.7;13706.4;136.34;114.51;354.85;349.50;344.60;349.43;327.42;4.128;17.18;21.30;305;2.66;0
60;4;3.697;-0.2139;76.9;570.65;34.6885;15.688;118322;912.5;13.51;0.1580;0.03024;0.03859;0.1846;321.39;0.633;24747.2;462.7;13700.5;136.28;114.46;355.34;349.99;345.09;349.92;327.92;4.625;17.17;21.79;302;2.64;0
60;5;3.697;-0.0713;68.4;570.87;34.6885;15.693;118297;912.4;13.52;0.1580;0.03859;0.04602;0.2219;361.32;0.749;22752.8;461.9;13689.5;136.17;114.37;355.72;350.37;345.47;350.30;328.32;5.027;17.16;22.18;300;2.62;0
60;6;3.697;0.0713;68.4;570.92;34.6885;15.693;118292;912.4;13.52;0.1580;0.04602;0.05344;0.2510;361.32;0.784;22299.8;461.7;13685.9;136.14;114.34;355.81;350.47;345.57;350.39;328.42;5.127;17.15;22.28;297;2.60;0
60;7;3.697;0.2139;76.9;570.86;34.6885;15.692;118298;912.4;13.52;0.1580;0.05344;0.06179;0.2745;321.39;0.730;22995.8;462.1;13692.1;136.20;114.39;355.67;350.33;345.42;350.25;328.27;4.974;17.16;22.13;295;2.58;0
60;8;3.697;0.3565;91.9;570.72;34.6885;15.690;118314;912.5;13.51;0.1580;0.06179;0.07176;0.2957;269.12;0.644;24379.7;462.6;13700.4;136.28;114.46;355.41;350.06;345.15;349.99;327.99;4.695;17.17;21.86;292;2.55;0
60;9;3.697;0.4991;82.0;570.90;34.6885;15.693;118294;912.4;13.52;0.1580;0.07176;0.08066;0.3299;301.49;0.759;22707.9;461.9;13690.3;136.18;114.38;355.73;350.39;345.48;350.31;328.33;5.037;17.16;22.19;289;2.52;0
60;10;3.697;0.6417;66.6;570.94;34.6885;15.694;118289;912.2;13.53;0.1580;0.08066;0.08786;0.3628;371.46;0.974;20912.0;461.1;13666.8;135.95;114.18;356.11;350.77;345.88;350.70;328.75;5.460;17.13;22.59;287;2.51;0
60;11;3.697;0.7843;38.2;570.13;34.6885;15.679;118381;911.6;13.51;0.1580;0.08786;0.09199;0.3989;646.42;1.743;21214.3;461.0;13621.3;135.49;113.80;355.92;350.60;345.73;350.53;328.66;5.364;17.07;22.43;285;2.51;0
61;0;3.864;-0.7843;38.2;560.52;34.6873;15.499;119482;902.7;13.26;0.1588;0.00000;0.00414;0.0151;615.60;0.951;20052.9;457.7;12997.8;129.29;108.59;354.72;349.65;344.99;349.58;328.71;5.415;16.29;21.70;313;2.88;0
61;1;3.864;-0.6417;66.6;560.48;34.6873;15.498;119487;903.1;13.24;0.1588;0.00414;0.01136;0.0496;353.75;0.573;23308.1;459.3;13040.6;129.72;108.95;354.06;348.97;344.31;348.90;327.97;4.674;16.34;21.02;311;2.85;0
61;2;3.864;-0.4991;82.0;560.16;34.6873;15.492;119524;903.2;13.22;0.1588;0.01136;0.02026;0.0921;287.11;0.495;25969.0;460.3;13049.9;129.81;109.03;353.61;348.51;343.84;348.44;327.49;4.198;16.35;20.55;308;2.82;0
61;3;3.864;-0.3565;91.9;559.93;34.6873;15.488;119551;903.2;13.21;0.1588;0.02026;0.03024;0.1359;256.29;0.474;27711.6;460.8;13051.4;129.82;109.04;353.34;348.25;343.58;348.18;327.23;3.935;16.36;20.29;305;2.79;0
61;4;3.864;-0.2139;76.9;560.32;34.6873;15.495;119505;903.2;13.23;0.1588;0.03024;0.03859;0.1829;306.07;0.603;24722.6;459.9;13047.2;129.78;109.00;353.81;348.72;344.05;348.65;327.70;4.409;16.35;20.76;302;2.77;0
61;5;3.864;-0.0713;68.4;560.55;34.6873;15.500;119479;903.1;13.24;0.1588;0.03859;0.04602;0.2202;344.10;0.713;22711.0;459.1;13037.7;129.69;108.93;354.18;349.09;344.43;349.02;328.09;4.796;16.34;21.13;300;2.75;0
61;6;3.864;0.0713;68.4;560.60;34.6873;15.500;119474;903.1;13.25;0.1588;0.04602;0.05344;0.2491;344.10;0.747;22247.2;458.9;13034.5;129.66;108.90;354.27;349.19;344.52;349.11;328.19;4.895;16.33;21.23;297;2.73;0
61;7;3.864;0.2139;76.9;560.54;34.6873;15.499;119480;903.1;13.24;0.1588;0.05344;0.06179;0.2722;306.07;0.696;22948.7;459.2;13040.0;129.71;108.94;354.14;349.05;344.38;348.98;328.04;4.747;16.34;21.09;295;2.71;0
61;8;3.864;0.3565;91.9;560.39;34.6873;15.497;119497;903.2;13.23;0.1588;0.06179;0.07176;0.2930;256.29;0.613;24341.2;459.7;13047.3;129.78;109.00;353.88;348.79;344.12;348.72;327.77;4.478;16.35;20.83;292;2.68;0
61;9;3.864;0.4991;82.0;560.57;34.6873;15.500;119476;903.1;13.25;0.1588;0.07176;0.08066;0.3273;287.11;0.722;22647.4;459.1;13038.3;129.69;108.93;354.20;349.11;344.44;349.04;328.10;4.810;16.34;21.15;289;2.65;0
61;10;3.864;0.6417;66.6;560.64;34.6873;15.501;119469;902.9;13.26;0.1588;0.08066;0.08787;0.3605;353.75;0.927;20799.4;458.2;13016.5;129.48;108.75;354.57;349.49;344.83;349.42;328.52;5.228;16.31;21.54;287;2.63;0
61;11;3.864;0.7843;38.2;559.86;34.6873;15.487;119559;902.3;13.24;0.1588;0.08787;0.09199;0.3974;615.60;1.660;20747.4;458.0;12968.1;129.00;108.34;354.47;349.41;344.76;349.34;328.51;5.222;16.25;21.47;285;2.63;0
62;0;4.038;-0.7843;38.2;550.30;34.6861;15.308;120682;893.5;12.99;0.1596;0.00000;0.00414;0.0150;585.31;0.904;19794.7;454.8;12357.8;122.93;103.24;353.24;348.41;343.99;348.35;328.51;5.216;15.49;20.70;313;3.03;0
62;1;4.038;-0.6417;66.6;550.22;34.6861;15.306;120692;893.9;12.97;0.1596;0.00414;0.01136;0.0491;336.34;0.545;23276.3;456.5;12399.5;123.34;103.59;352.55;347.72;343.28;347.65;327.74;4.451;15.54;19.99;311;3.00;0
62;2;4.038;-0.4991;82.0;549.90;34.6861;15.300;120731;894.0;12.95;0.1596;0.01136;0.02026;0.0911;272.98;0.471;25938.1;457.4;12406.8;123.41;103.65;352.11;347.27;342.84;347.20;327.29;3.996;15.55;19.54;308;2.97;0
62;3;4.038;-0.3565;91.9;549.66;34.6861;15.296;120759;893.9;12.94;0.1596;0.02026;0.03024;0.1343;243.68;0.451;27668.5;457.9;12407.4;123.42;103.66;351.86;347.02;342.59;346.96;327.04;3.746;15.55;19.30;305;2.94;0
62;4;4.038;-0.2139;76.9;550.06;34.6861;15.303;120711;894.0;12.96;0.1596;0.03024;0.03859;0.1811;291.00;0.573;24692.7;457.0;12405.0;123.39;103.64;352.31;347.47;343.03;347.40;327.49;4.197;15.55;19.74;302;2.91;0
62;5;4.038;-0.0713;68.4;550.30;34.6861;15.308;120683;893.9;12.97;0.1596;0.03859;0.04602;0.2183;327.16;0.678;22667.4;456.2;12397.0;123.32;103.57;352.67;347.83;343.40;347.76;327.86;4.569;15.54;20.11;300;2.89;0
62;6;4.038;0.0713;68.4;550.35;34.6861;15.309;120677;893.9;12.98;0.1596;0.04602;0.05344;0.2470;327.16;0.710;22193.9;456.0;12394.1;123.29;103.55;352.76;347.92;343.49;347.85;327.96;4.666;15.53;20.20;297;2.87;0
62;7;4.038;0.2139;76.9;550.29;34.6861;15.307;120684;893.9;12.97;0.1596;0.05344;0.06178;0.2699;291.00;0.661;22899.8;456.3;12399.0;123.34;103.59;352.63;347.79;343.35;347.72;327.81;4.524;15.54;20.06;295;2.85;0
62;8;4.038;0.3565;91.9;550.13;34.6861;15.305;120703;894.0;12.96;0.1596;0.06178;0.07176;0.2902;243.68;0.583;24298.4;456.9;12405.2;123.40;103.64;352.38;347.54;343.10;347.47;327.56;4.265;15.55;19.81;292;2.81;0
62;9;4.038;0.4991;82.0;550.32;34.6861;15.308;120680;893.9;12.98;0.1596;0.07176;0.08066;0.3246;272.98;0.687;22585.9;456.2;12397.4;123.32;103.57;352.69;347.85;343.41;347.78;327.88;4.586;15.54;20.12;289;2.79;0
62;10;4.038;0.6417;66.6;550.40;34.6861;15.310;120671;893.7;12.99;0.1595;0.08066;0.08787;0.3580;336.34;0.882;20688.6;455.3;12377.2;123.12;103.41;353.06;348.23;343.80;348.16;328.29;4.998;15.51;20.51;287;2.77;0
62;11;4.038;0.7843;38.2;549.66;34.6861;15.296;120758;893.1;12.97;0.1596;0.08787;0.09199;0.3958;585.31;1.578;20288.8;454.9;12326.4;122.61;102.98;353.03;348.22;343.81;348.16;328.37;5.076;15.45;20.52;285;2.77;0
63;0;4.219;-0.7843;38.2;540.17;34.6849;15.118;121903;884.5;12.72;0.1603;0.00000;0.00414;0.0149;555.57;0.858;19543.3;451.9;11729.8;116.68;98.00;351.78;347.20;343.00;347.14;328.31;5.014;14.70;19.71;313;3.19;0
63;1;4.219;-0.6417;66.6;540.05;34.6849;15.116;121917;884.9;12.71;0.1604;0.00414;0.01136;0.0485;319.26;0.517;23240.4;453.7;11770.2;117.08;98.34;351.07;346.48;342.27;346.42;327.52;4.231;14.75;18.98;311;3.16;0
63;2;4.219;-0.4991;82.0;539.72;34.6849;15.110;121958;884.9;12.69;0.1604;0.01136;0.02026;0.0899;259.11;0.447;25897.6;454.6;11775.8;117.14;98.38;350.65;346.06;341.85;345.99;327.09;3.799;14.76;18.56;308;3.13;0
63;3;4.219;-0.3565;91.9;539.49;34.6849;15.105;121986;884.8;12.68;0.1604;0.02026;0.03024;0.1326;231.30;0.428;27611.8;455.0;11775.4;117.13;98.38;350.41;345.82;341.61;345.76;326.85;3.563;14.76;18.32;305;3.10;0
63;4;4.219;-0.2139;76.9;539.89;34.6849;15.113;121937;884.9;12.70;0.1604;0.03024;0.03859;0.1792;276.22;0.544;24655.7;454.2;11774.6;117.12;98.37;350.84;346.25;342.04;346.18;327.28;3.990;14.76;18.75;302;3.07;0
63;5;4.219;-0.0713;68.4;540.13;34.6849;15.117;121907;884.8;12.71;0.1603;0.03859;0.04601;0.2163;310.54;0.644;22621.0;453.4;11768.0;117.06;98.32;351.18;346.59;342.38;346.53;327.64;4.346;14.75;19.09;300;3.05;0
63;6;4.219;0.0713;68.4;540.18;34.6849;15.118;121901;884.8;12.71;0.1603;0.04601;0.05344;0.2448;310.54;0.674;22138.8;453.2;11765.4;117.03;98.30;351.27;346.68;342.48;346.62;327.73;4.440;14.74;19.18;297;3.03;0
63;7;4.219;0.2139;76.9;540.12;34.6849;15.117;121909;884.9;12.71;0.1603;0.05344;0.06178;0.2673;276.22;0.628;22848.1;453.5;11769.8;117.08;98.33;351.14;346.55;342.34;346.49;327.59;4.304;14.75;19.05;295;3.00;0
63;8;4.219;0.3565;91.9;539.96;34.6849;15.114;121929;884.9;12.70;0.1604;0.06178;0.07176;0.2872;231.30;0.553;24250.1;454.0;11774.8;117.13;98.37;350.91;346.31;342.10;346.25;327.35;4.057;14.76;18.81;292;2.96;0
63;9;4.219;0.4991;82.0;540.15;34.6849;15.118;121905;884.9;12.71;0.1603;0.07176;0.08066;0.3216;259.11;0.652;22522.5;453.4;11768.2;117.06;98.32;351.20;346.61;342.40;346.55;327.66;4.365;14.75;19.11;289;2.94;0
63;10;4.219;0.6417;66.6;540.25;34.6849;15.120;121893;884.7;12.72;0.1603;0.08066;0.08787;0.3554;319.26;0.837;20579.4;452.5;11749.8;116.88;98.16;351.57;346.99;342.79;346.92;328.06;4.770;14.72;19.49;287;2.92;0
63;11;4.219;0.7843;38.2;539.55;34.6849;15.106;121978;884.0;12.71;0.1604;0.08787;0.09199;0.3941;555.57;1.498;19839.4;451.9;11697.3;116.36;97.73;351.62;347.06;342.88;346.99;328.22;4.926;14.66;19.58;285;2.92;0
64;0;4.407;-0.7843;38.2;530.13;34.6837;14.930;123143;875.5;12.47;0.1611;0.00000;0.00414;0.0147;526.44;0.813;19299.0;449.0;11115.0;110.56;92.86;350.34;346.00;342.03;345.94;328.10;4.812;13.93;18.74;313;3.37;0
64;1;4.407;-0.6417;66.6;529.98;34.6837;14.927;123161;875.9;12.45;0.1611;0.00414;0.01136;0.0480;302.51;0.490;23198.9;450.8;11153.5;110.95;93.18;349.62;345.27;341.28;345.21;327.31;4.017;13.98;17.99;311;3.33;0
64;2;4.407;-0.4991;82.0;529.65;34.6837;14.921;123203;875.9;12.43;0.1612;0.01136;0.02026;0.0888;245.53;0.424;25845.5;451.7;11157.3;110.98;93.22;349.22;344.87;340.88;344.81;326.90;3.607;13.98;17.59;308;3.30;0
64;3;4.407;-0.3565;91.9;529.41;34.6837;14.916;123233;875.8;12.42;0.1612;0.02026;0.03024;0.1308;219.17;0.405;27539.6;452.2;11156.2;110.97;93.21;348.99;344.64;340.66;344.58;326.68;3.384;13.98;17.37;305;3.27;0
64;4;4.407;-0.2139;76.9;529.82;34.6837;14.924;123182;875.9;12.44;0.1611;0.03024;0.03859;0.1772;261.74;0.515;24610.4;451.3;11156.9;110.98;93.21;349.40;345.05;341.06;344.99;327.08;3.787;13.98;17.77;302;3.24;0
64;5;4.407;-0.0713;68.4;530.06;34.6837;14.929;123151;875.9;12.45;0.1611;0.03859;0.04601;0.2141;294.26;0.610;22570.9;450.6;11151.8;110.93;93.17;349.73;345.38;341.39;345.32;327.42;4.128;13.98;18.10;300;3.22;0
64;6;4.407;0.0713;68.4;530.12;34.6837;14.930;123145;875.9;12.45;0.1611;0.04601;0.05344;0.2425;294.26;0.638;22081.3;450.4;11149.6;110.91;93.15;349.81;345.47;341.48;345.41;327.51;4.219;13.97;18.19;297;3.19;0
64;7;4.407;0.2139;76.9;530.05;34.6837;14.928;123153;875.9;12.45;0.1611;0.05344;0.06178;0.2646;261.74;0.595;22792.5;450.7;11153.2;110.94;93.18;349.69;345.34;341.36;345.28;327.38;4.088;13.98;18.07;295;3.16;0
64;8;4.407;0.3565;91.9;529.88;34.6837;14.925;123174;875.9;12.44;0.1611;0.06178;0.07176;0.2840;219.17;0.524;24195.1;451.2;11157.2;110.98;93.21;349.46;345.11;341.13;345.05;327.14;3.853;13.98;17.83;292;3.13;0
64;9;4.407;0.4991;82.0;530.09;34.6837;14.929;123148;875.9;12.45;0.1611;0.07176;0.08066;0.3185;245.53;0.618;22456.4;450.5;11151.9;110.93;93.17;349.75;345.40;341.42;345.34;327.44;4.149;13.98;18.12;289;3.10;0
64;10;4.407;0.6417;66.6;530.20;34.6837;14.931;123134;875.7;12.46;0.1611;0.08066;0.08787;0.3525;302.51;0.793;20471.4;449.6;11135.1;110.76;93.03;350.11;345.77;341.79;345.71;327.84;4.544;13.95;18.50;287;3.08;0
64;11;4.407;0.7843;38.2;529.55;34.6837;14.919;123216;875.1;12.45;0.1612;0.08787;0.09199;0.3922;526.44;1.419;19399.8;448.9;11081.5;110.23;92.58;350.23;345.91;341.95;345.85;328.06;4.772;13.89;18.66;285;3.08;0
65;0;4.604;-0.7843;38.2;520.21;34.6824;14.744;124399;866.7;12.22;0.1619;0.00000;0.00414;0.0146;497.95;0.769;19061.8;446.1;10514.0;104.58;87.84;348.93;344.83;341.07;344.77;327.90;4.608;13.18;17.78;313;3.56;0
65;1;4.604;-0.6417;66.6;520.03;34.6824;14.741;124423;867.0;12.19;0.1619;0.00414;0.01136;0.0474;286.14;0.463;23150.5;448.0;10550.3;104.95;88.14;348.20;344.09;340.32;344.03;327.10;3.807;13.22;17.03;311;3.52;0
65;2;4.604;-0.4991;82.0;519.69;34.6824;14.734;124466;867.0;12.18;0.1619;0.01136;0.02026;0.0875;232.24;0.401;25779.9;448.9;10552.5;104.97;88.16;347.82;343.70;339.93;343.65;326.71;3.420;13.22;16.64;308;3.49;0
65;3;4.604;-0.3565;91.9;519.46;34.6824;14.730;124497;867.0;12.17;0.1619;0.02026;0.03023;0.1288;207.31;0.383;27449.6;449.3;10550.7;104.95;88.15;347.60;343.49;339.72;343.43;326.50;3.211;13.22;16.43;305;3.46;0
65;4;4.604;-0.2139;76.9;519.86;34.6824;14.737;124445;867.0;12.19;0.1619;0.03023;0.03859;0.1750;247.57;0.487;24554.7;448.5;10552.8;104.97;88.16;347.99;343.87;340.11;343.82;326.88;3.591;13.22;16.82;302;3.43;0
65;5;4.604;-0.0713;68.4;520.11;34.6824;14.742;124412;867.0;12.20;0.1619;0.03859;0.04601;0.2118;278.33;0.577;22515.8;447.8;10549.0;104.93;88.13;348.30;344.19;340.42;344.14;327.21;3.914;13.22;17.13;300;3.40;0
65;6;4.604;0.0713;68.4;520.17;34.6824;14.743;124405;867.0;12.20;0.1619;0.04601;0.05343;0.2400;278.33;0.604;22019.9;447.6;10547.1;104.91;88.12;348.39;344.28;340.51;344.22;327.29;4.002;13.22;17.22;297;3.37;0
65;7;4.604;0.2139;76.9;520.10;34.6824;14.742;124414;867.1;12.20;0.1619;0.05343;0.06178;0.2617;247.57;0.563;22731.6;447.9;10550.1;104.94;88.14;348.27;344.16;340.39;344.10;327.17;3.877;13.22;17.10;295;3.34;0
65;8;4.604;0.3565;91.9;519.93;34.6824;14.739;124436;867.1;12.19;0.1619;0.06178;0.07176;0.2805;207.31;0.496;24131.8;448.4;10553.2;104.97;88.17;348.05;343.94;340.17;343.88;326.94;3.654;13.23;16.88;292;3.31;0
65;9;4.604;0.4991;82.0;520.14;34.6824;14.743;124409;867.1;12.20;0.1619;0.07176;0.08066;0.3151;232.24;0.584;22386.3;447.7;10548.9;104.93;88.13;348.33;344.22;340.45;344.16;327.23;3.937;13.22;17.16;289;3.28;0
65;10;4.604;0.6417;66.6;520.26;34.6824;14.745;124393;866.9;12.21;0.1619;0.08066;0.08787;0.3495;286.14;0.750;20364.1;446.8;10533.9;104.78;88.01;348.68;344.58;340.81;344.52;327.61;4.322;13.20;17.52;287;3.26;0
65;11;4.604;0.7843;38.2;519.66;34.6824;14.734;124471;866.3;12.20;0.1619;0.08787;0.09199;0.3902;497.95;1.343;18970.8;445.9;10479.7;104.24;87.55;348.87;344.78;341.04;344.73;327.91;4.615;13.13;17.75;285;3.26;0
66;0;4.809;-0.7843;38.2;510.43;34.6811;14.561;125670;858.0;11.97;0.1626;0.00000;0.00414;0.0145;470.14;0.726;18831.5;443.2;9927.5;98.75;82.94;347.55;343.68;340.14;343.63;327.70;4.404;12.44;16.85;313;3.77;0
66;1;4.809;-0.6417;66.6;510.21;34.6811;14.557;125699;858.3;11.95;0.1627;0.00414;0.01136;0.0467;270.16;0.438;23093.6;445.2;9961.5;99.09;83.22;346.81;342.93;339.38;342.88;326.89;3.604;12.48;16.09;311;3.73;0
66;2;4.809;-0.4991;82.0;509.87;34.6811;14.550;125744;858.3;11.93;0.1627;0.01136;0.02026;0.0862;219.27;0.378;25698.6;446.1;9962.2;99.10;83.23;346.45;342.57;339.01;342.52;326.53;3.239;12.48;15.72;308;3.70;0
66;3;4.809;-0.3565;91.9;509.64;34.6811;14.546;125775;858.2;11.92;0.1627;0.02026;0.03023;0.1268;195.73;0.362;27339.2;446.5;9959.6;99.07;83.21;346.25;342.37;338.82;342.32;326.33;3.044;12.48;15.52;305;3.66;0
66;4;4.809;-0.2139;76.9;510.04;34.6811;14.553;125722;858.3;11.94;0.1627;0.03023;0.03858;0.1727;233.74;0.460;24486.8;445.7;9963.0;99.10;83.24;346.61;342.73;339.18;342.68;326.69;3.399;12.49;15.88;302;3.63;0
66;5;4.809;-0.0713;68.4;510.30;34.6811;14.558;125688;858.4;11.95;0.1627;0.03858;0.04601;0.2094;262.79;0.545;22454.2;445.0;9960.5;99.08;83.22;346.92;343.04;339.48;342.98;327.00;3.706;12.48;16.19;300;3.60;0
66;6;4.809;0.0713;68.4;510.35;34.6811;14.559;125681;858.3;11.96;0.1626;0.04601;0.05343;0.2373;262.79;0.570;21953.6;444.8;9958.9;99.06;83.20;347.00;343.12;339.56;343.06;327.08;3.790;12.48;16.27;297;3.57;0
66;7;4.809;0.2139;76.9;510.28;34.6811;14.558;125690;858.4;11.95;0.1627;0.05343;0.06178;0.2586;233.74;0.531;22664.2;445.1;9961.4;99.09;83.22;346.88;343.00;339.45;342.95;326.96;3.672;12.48;16.16;295;3.54;0
66;8;4.809;0.3565;91.9;510.11;34.6811;14.555;125713;858.4;11.94;0.1627;0.06178;0.07176;0.2769;195.73;0.468;24058.2;445.6;9963.5;99.11;83.24;346.67;342.79;339.24;342.74;326.75;3.460;12.49;15.95;292;3.50;0
66;9;4.809;0.4991;82.0;510.32;34.6811;14.559;125685;858.4;11.95;0.1626;0.07176;0.08066;0.3115;219.27;0.552;22311.0;444.9;9960.4;99.08;83.22;346.94;343.06;339.50;343.00;327.02;3.730;12.48;16.21;289;3.47;0
66;10;4.809;0.6417;66.6;510.46;34.6811;14.561;125666;858.2;11.97;0.1626;0.08066;0.08787;0.3462;270.16;0.708;20256.7;444.0;9947.0;98.94;83.10;347.29;343.41;339.86;343.36;327.39;4.103;12.47;16.57;287;3.45;0
66;11;4.809;0.7843;38.2;509.91;34.6811;14.551;125740;857.6;11.96;0.1627;0.08787;0.09199;0.3880;470.14;1.268;18553.0;442.9;9892.9;98.41;82.65;347.53;343.68;340.14;343.62;327.75;4.455;12.40;16.85;285;3.45;0
67;0;5.022;-0.7843;38.2;500.80;34.6797;14.380;126954;849.5;11.73;0.1634;0.00000;0.00414;0.0143;443.03;0.685;18608.1;440.4;9356.3;93.07;78.17;346.20;342.56;339.22;342.51;327.49;4.201;11.73;15.93;313;4.00;0
67;1;5.022;-0.6417;66.6;500.55;34.6797;14.375;126988;849.8;11.71;0.1634;0.00414;0.01136;0.0460;254.59;0.412;23026.1;442.5;9387.6;93.38;78.43;345.47;341.81;338.46;341.76;326.70;3.406;11.76;15.17;311;3.96;0
67;2;5.022;-0.4991;82.0;500.20;34.6797;14.369;127035;849.7;11.69;0.1634;0.01136;0.02026;0.0847;206.63;0.356;25599.3;443.3;9387.0;93.37;78.42;345.12;341.47;338.12;341.42;326.35;3.064;11.76;14.83;308;3.92;0
67;3;5.022;-0.3565;91.9;499.97;34.6797;14.364;127066;849.7;11.69;0.1634;0.02026;0.03023;0.1247;184.45;0.341;27205.9;443.7;9383.7;93.34;78.40;344.93;341.28;337.93;341.23;326.17;2.882;11.76;14.64;305;3.89;0
67;4;5.022;-0.2139;76.9;500.37;34.6797;14.372;127012;849.8;11.70;0.1634;0.03023;0.03858;0.1702;220.27;0.434;24404.6;442.9;9388.3;93.39;78.44;345.28;341.62;338.27;341.57;326.50;3.214;11.77;14.98;302;3.85;0
67;5;5.022;-0.0713;68.4;500.63;34.6797;14.377;126977;849.8;11.71;0.1634;0.03858;0.04601;0.2067;247.64;0.513;22384.4;442.2;9387.0;93.37;78.42;345.56;341.91;338.56;341.86;326.79;3.504;11.76;15.27;300;3.82;0
67;6;5.022;0.0713;68.4;500.69;34.6797;14.378;126969;849.8;11.72;0.1634;0.04601;0.05343;0.2344;247.64;0.537;21880.9;442.0;9385.7;93.36;78.41;345.64;341.99;338.64;341.94;326.87;3.584;11.76;15.35;297;3.79;0
67;7;5.022;0.2139;76.9;500.61;34.6797;14.377;126979;849.8;11.71;0.1634;0.05343;0.06178;0.2553;220.27;0.501;22588.5;442.3;9387.7;93.38;78.43;345.53;341.88;338.53;341.83;326.76;3.472;11.76;15.24;295;3.76;0
67;8;5.022;0.3565;91.9;500.44;34.6797;14.373;127003;849.8;11.70;0.1634;0.06178;0.07176;0.2730;184.45;0.441;23972.6;442.8;9388.9;93.39;78.44;345.34;341.68;338.33;341.63;326.56;3.272;11.77;15.04;292;3.72;0
67;9;5.022;0.4991;82.0;500.65;34.6797;14.377;126974;849.8;11.71;0.1634;0.07176;0.08066;0.3076;206.63;0.520;22229.0;442.2;9386.8;93.37;78.42;345.59;341.93;338.58;341.88;326.82;3.528;11.76;15.29;289;3.68;0
67;10;5.022;0.6417;66.6;500.81;34.6797;14.380;126953;849.7;11.73;0.1634;0.08066;0.08787;0.3427;254.59;0.668;20148.7;441.2;9375.2;93.26;78.33;345.92;342.27;338.93;342.22;327.18;3.887;11.75;15.64;287;3.66;0
67;11;5.022;0.7843;38.2;500.31;34.6797;14.371;127021;849.0;11.72;0.1634;0.08787;0.09199;0.3856;443.03;1.194;17956.6;439.8;9319.1;92.70;77.86;346.26;342.63;339.31;342.58;327.63;4.336;11.68;16.01;285;3.66;0
68;0;5.243;-0.7843;38.2;491.33;34.6783;14.202;128249;841.2;11.50;0.1641;0.00000;0.00414;0.0142;416.68;0.644;18391.0;437.6;8801.0;87.55;73.53;344.88;341.46;338.32;341.41;327.29;3.998;11.03;15.03;313;4.25;0
68;1;5.243;-0.6417;66.6;491.05;34.6783;14.197;128288;841.4;11.48;0.1641;0.00414;0.01136;0.0453;239.45;0.388;22945.8;439.7;8829.5;87.83;73.77;344.16;340.72;337.57;340.67;326.51;3.215;11.06;14.28;311;4.21;0
68;2;5.243;-0.4991;82.0;490.70;34.6783;14.191;128336;841.3;11.46;0.1642;0.01136;0.02026;0.0832;194.34;0.335;25478.9;440.5;8827.6;87.81;73.75;343.83;340.40;337.25;340.35;326.19;2.895;11.06;13.96;308;4.17;0
68;3;5.243;-0.3565;91.9;490.48;34.6783;14.186;128367;841.2;11.45;0.1642;0.02026;0.03023;0.1224;173.48;0.321;27046.6;440.9;8823.8;87.77;73.72;343.66;340.22;337.07;340.17;326.02;2.726;11.06;13.78;305;4.13;0
68;4;5.243;-0.2139;76.9;490.87;34.6783;14.194;128312;841.4;11.47;0.1641;0.03023;0.03858;0.1676;207.17;0.408;24305.6;440.2;8829.4;87.83;73.77;343.98;340.54;337.39;340.49;326.33;3.035;11.06;14.10;302;4.09;0
68;5;5.243;-0.0713;68.4;491.13;34.6783;14.199;128276;841.4;11.48;0.1641;0.03858;0.04600;0.2039;232.91;0.483;22304.3;439.5;8829.2;87.83;73.76;344.25;340.81;337.66;340.76;326.60;3.307;11.06;14.37;300;4.06;0
68;6;5.243;0.0713;68.4;491.19;34.6783;14.200;128268;841.4;11.48;0.1641;0.04600;0.05343;0.2313;232.91;0.505;21799.7;439.3;8828.3;87.82;73.76;344.32;340.89;337.74;340.84;326.67;3.383;11.06;14.45;297;4.03;0
68;7;5.243;0.2139;76.9;491.11;34.6783;14.198;128279;841.4;11.48;0.1641;0.05343;0.06178;0.2518;207.17;0.471;22502.4;439.6;8829.7;87.83;73.77;344.22;340.78;337.63;340.74;326.57;3.278;11.07;14.34;295;4.00;0
68;8;5.243;0.3565;91.9;490.94;34.6783;14.195;128303;841.4;11.47;0.1641;0.06178;0.07175;0.2688;173.48;0.415;23872.5;440.0;8830.2;87.84;73.77;344.03;340.60;337.45;340.55;326.38;3.090;11.07;14.16;292;3.95;0
68;9;5.243;0.4991;82.0;491.16;34.6783;14.199;128273;841.4;11.48;0.1641;0.07175;0.08065;0.3035;194.34;0.489;22138.2;439.4;8829.0;87.82;73.76;344.27;340.84;337.69;340.79;326.62;3.332;11.06;14.40;289;3.92;0
68;10;5.243;0.6417;66.6;491.32;34.6783;14.202;128250;841.3;11.49;0.1641;0.08065;0.08787;0.3389;239.45;0.628;20038.6;438.5;8819.0;87.72;73.68;344.60;341.17;338.02;341.12;326.97;3.677;11.05;14.73;287;3.89;0
68;11;5.243;0.7843;38.2;490.87;34.6784;14.194;128312;840.7;11.49;0.1641;0.08787;0.09199;0.3830;416.68;1.123;17701.9;437.0;8766.2;87.20;73.24;344.95;341.54;338.41;341.49;327.43;4.137;10.99;15.12;285;3.89;0
69;0;5.474;-0.7843;38.2;482.04;34.6769;14.028;129550;833.0;11.28;0.1648;0.00000;0.00414;0.0140;391.11;0.604;18102.8;434.8;8261.4;82.18;69.02;343.62;340.40;337.46;340.36;327.10;3.813;10.35;14.17;313;4.53;0
69;1;5.474;-0.6417;66.6;481.73;34.6769;14.022;129595;833.2;11.25;0.1649;0.00414;0.01136;0.0445;224.75;0.364;22850.5;437.0;8287.7;82.44;69.24;342.89;339.66;336.71;339.62;326.32;3.030;10.39;13.42;311;4.49;0
69;2;5.474;-0.4991;82.0;481.39;34.6769;14.016;129644;833.1;11.24;0.1649;0.01136;0.02026;0.0817;182.41;0.315;25334.9;437.8;8284.7;82.41;69.22;342.58;339.36;336.41;339.31;326.02;2.732;10.38;13.11;308;4.45;0
69;3;5.474;-0.3565;91.9;481.16;34.6769;14.011;129676;833.0;11.23;0.1649;0.02026;0.03022;0.1199;162.83;0.301;26858.6;438.2;8280.5;82.37;69.18;342.42;339.20;336.24;339.15;325.87;2.576;10.38;12.95;305;4.40;0
69;4;5.474;-0.2139;76.9;481.56;34.6769;14.019;129620;833.2;11.25;0.1649;0.03022;0.03857;0.1648;194.45;0.383;24187.1;437.5;8287.0;82.43;69.23;342.72;339.49;336.54;339.45;326.15;2.862;10.39;13.25;302;4.36;0
69;5;5.474;-0.0713;68.4;481.82;34.6769;14.024;129583;833.2;11.26;0.1648;0.03857;0.04600;0.2009;218.62;0.453;22212.1;436.8;8287.8;82.44;69.24;342.97;339.75;336.79;339.70;326.41;3.117;10.39;13.50;300;4.33;0
69;6;5.474;0.0713;68.4;481.88;34.6769;14.025;129574;833.2;11.26;0.1648;0.04600;0.05343;0.2281;218.62;0.474;21708.2;436.6;8287.1;82.43;69.24;343.05;339.82;336.87;339.78;326.48;3.189;10.39;13.57;297;4.29;0
69;7;5.474;0.2139;76.9;481.80;34.6769;14.023;129585;833.2;11.26;0.1648;0.05343;0.06178;0.2480;194.45;0.442;22404.0;436.8;8288.1;82.44;69.24;342.95;339.72;336.77;339.68;326.38;3.091;10.39;13.48;295;4.26;0
69;8;5.474;0.3565;91.9;481.62;34.6769;14.020;129610;833.2;11.25;0.1649;0.06178;0.07175;0.2644;162.83;0.390;23755.4;437.3;8287.9;82.44;69.24;342.77;339.55;336.59;339.50;326.21;2.915;10.39;13.30;292;4.21;0
69;9;5.474;0.4991;82.0;481.84;34.6769;14.024;129579;833.2;11.26;0.1648;0.07175;0.08065;0.2991;182.41;0.459;22037.0;436.7;8287.6;82.44;69.24;343.00;339.77;336.82;339.73;326.43;3.142;10.39;13.53;289;4.17;0
69;10;5.474;0.6417;66.6;482.02;34.6769;14.027;129554;833.2;11.27;0.1648;0.08065;0.08787;0.3349;224.75;0.589;19925.7;435.8;8279.3;82.36;69.17;343.31;340.09;337.14;340.05;326.76;3.471;10.38;13.85;287;4.14;0
69;11;5.474;0.7843;38.2;481.62;34.6769;14.020;129610;832.6;11.27;0.1649;0.08787;0.09199;0.3802;391.11;1.055;17452.5;434.2;8229.6;81.86;68.76;343.68;340.48;337.54;340.43;327.23;3.940;10.31;14.25;285;4.15;0
70;0;5.715;-0.7843;38.2;472.96;34.6754;13.857;130857;825.0;11.06;0.1655;0.00000;0.00414;0.0138;366.34;0.566;17990.6;432.1;7740.8;77.00;64.67;342.36;339.35;336.59;339.30;326.89;3.595;9.70;13.30;313;4.84;0
70;1;5.715;-0.6417;66.6;472.61;34.6754;13.851;130906;825.2;11.04;0.1656;0.00414;0.01136;0.0437;210.52;0.341;22737.4;434.3;7762.9;77.22;64.86;341.66;338.64;335.87;338.60;326.14;2.852;9.73;12.58;311;4.79;0
70;2;5.715;-0.4991;82.0;472.27;34.6754;13.844;130956;825.1;11.02;0.1656;0.01136;0.02026;0.0800;170.86;0.295;25164.3;435.1;7758.9;77.18;64.82;341.37;338.36;335.59;338.31;325.87;2.576;9.72;12.30;308;4.75;0
70;3;5.715;-0.3565;91.9;472.05;34.6754;13.840;130988;825.0;11.01;0.1656;0.02026;0.03022;0.1174;152.52;0.282;26638.8;435.5;7754.3;77.13;64.78;341.22;338.20;335.44;338.16;325.72;2.432;9.72;12.15;305;4.70;0
70;4;5.715;-0.2139;76.9;472.44;34.6754;13.847;130932;825.1;11.03;0.1656;0.03022;0.03857;0.1618;182.14;0.359;24046.1;434.8;7761.6;77.21;64.84;341.50;338.48;335.71;338.44;325.99;2.697;9.73;12.42;302;4.66;0
70;5;5.715;-0.0713;68.4;472.70;34.6754;13.852;130894;825.2;11.04;0.1655;0.03857;0.04600;0.1977;204.77;0.424;22105.0;434.1;7763.3;77.22;64.86;341.74;338.72;335.95;338.68;326.22;2.934;9.73;12.66;300;4.62;0
70;6;5.715;0.0713;68.4;472.76;34.6754;13.853;130885;825.2;11.04;0.1655;0.04600;0.05343;0.2245;204.77;0.444;21604.2;433.9;7763.0;77.22;64.86;341.81;338.79;336.02;338.75;326.29;3.002;9.73;12.73;297;4.58;0
70;7;5.715;0.2139;76.9;472.68;34.6754;13.852;130897;825.2;11.04;0.1655;0.05343;0.06178;0.2440;182.14;0.414;22290.6;434.2;7763.5;77.22;64.86;341.72;338.70;335.93;338.66;326.20;2.910;9.73;12.64;295;4.54;0
70;8;5.715;0.3565;91.9;472.50;34.6754;13.849;130923;825.1;11.03;0.1656;0.06178;0.07175;0.2597;152.52;0.365;23618.7;434.6;7762.6;77.22;64.85;341.55;338.53;335.76;338.49;326.04;2.746;9.73;12.47;292;4.50;0
70;9;5.715;0.4991;82.0;472.72;34.6754;13.853;130891;825.2;11.04;0.1655;0.07175;0.08065;0.2943;170.86;0.430;21922.8;434.0;7763.2;77.22;64.86;341.76;338.75;335.98;338.70;326.25;2.958;9.73;12.69;289;4.45;0
70;10;5.715;0.6417;66.6;472.91;34.6754;13.856;130863;825.1;11.05;0.1655;0.08065;0.08787;0.3305;210.52;0.552;19808.0;433.1;7756.4;77.15;64.80;342.06;339.05;336.28;339.01;326.56;3.271;9.72;12.99;287;4.42;0
70;11;5.715;0.7843;38.2;472.57;34.6755;13.850;130913;824.6;11.05;0.1656;0.08787;0.09199;0.3772;366.34;0.988;17208.6;431.5;7710.2;76.69;64.42;342.44;339.45;336.70;339.40;327.03;3.743;9.66;13.41;285;4.43;0
71;0;5.965;-0.7843;38.2;464.08;34.6739;13.690;132165;817.2;10.85;0.1662;0.00000;0.00414;0.0137;342.41;0.529;17876.7;429.5;7237.5;71.99;60.47;341.14;338.32;335.74;338.28;326.67;3.382;9.07;12.45;313;5.17;0
71;1;5.965;-0.6417;66.6;463.71;34.6739;13.683;132219;817.3;10.83;0.1662;0.00414;0.01137;0.0428;196.76;0.319;22604.0;431.7;7255.7;72.17;60.62;340.47;337.65;335.07;337.61;325.97;2.682;9.09;11.77;311;5.12;0
71;2;5.965;-0.4991;82.0;463.37;34.6739;13.677;132270;817.2;10.81;0.1663;0.01137;0.02026;0.0782;159.70;0.276;24964.1;432.4;7250.8;72.12;60.58;340.21;337.39;334.80;337.35;325.72;2.427;9.09;11.51;308;5.08;0
71;3;5.965;-0.3565;91.9;463.16;34.6739;13.673;132302;817.1;10.81;0.1663;0.02026;0.03022;0.1147;142.55;0.264;26384.0;432.8;7245.8;72.08;60.54;340.06;337.25;334.67;337.21;325.59;2.294;9.08;11.37;305;5.03;0
71;4;5.965;-0.2139;76.9;463.53;34.6739;13.680;132246;817.3;10.82;0.1662;0.03022;0.03857;0.1587;170.24;0.335;23879.9;432.1;7253.8;72.15;60.60;340.32;337.50;334.92;337.46;325.83;2.538;9.09;11.63;302;4.98;0
71;5;5.965;-0.0713;68.4;463.79;34.6739;13.685;132207;817.3;10.83;0.1662;0.03857;0.04600;0.1943;191.39;0.397;21980.6;431.5;7256.3;72.18;60.62;340.55;337.73;335.14;337.69;326.05;2.758;9.09;11.85;300;4.94;0
71;6;5.965;0.0713;68.4;463.86;34.6739;13.686;132198;817.4;10.83;0.1662;0.04600;0.05342;0.2208;191.39;0.415;21485.2;431.3;7256.3;72.18;60.62;340.61;337.79;335.21;337.75;326.11;2.822;9.09;11.92;297;4.90;0
71;7;5.965;0.2139;76.9;463.77;34.6739;13.684;132210;817.3;10.83;0.1662;0.05342;0.06177;0.2397;170.24;0.387;22159.7;431.5;7256.4;72.18;60.62;340.53;337.71;335.12;337.67;326.03;2.736;9.09;11.83;295;4.86;0
71;8;5.965;0.3565;91.9;463.60;34.6739;13.681;132236;817.3;10.82;0.1662;0.06177;0.07175;0.2547;142.55;0.341;23459.5;432.0;7254.9;72.17;60.61;340.37;337.55;334.97;337.51;325.87;2.584;9.09;11.68;292;4.81;0
71;9;5.965;0.4991;82.0;463.82;34.6739;13.685;132203;817.3;10.83;0.1662;0.07175;0.08065;0.2893;159.70;0.402;21793.4;431.4;7256.3;72.18;60.62;340.57;337.75;335.17;337.71;326.07;2.782;9.09;11.88;289;4.76;0
71;10;5.965;0.6417;66.6;464.01;34.6739;13.689;132174;817.3;10.84;0.1662;0.08065;0.08787;0.3259;196.76;0.516;19684.0;430.5;7250.9;72.13;60.58;340.86;338.04;335.46;338.00;326.37;3.078;9.09;12.16;287;4.73;0
71;11;5.965;0.7843;38.2;463.73;34.6739;13.684;132217;816.8;10.84;0.1662;0.08787;0.09199;0.3739;342.41;0.923;16969.9;428.8;7208.2;71.70;60.22;341.24;338.44;335.87;338.40;326.84;3.549;9.03;12.58;285;4.74;0
72;0;6.226;-0.7843;38.2;455.42;34.6724;13.527;133471;809.6;10.65;0.1669;0.00000;0.00414;0.0135;319.32;0.493;17759.4;426.9;6752.0;67.16;56.41;339.96;337.33;334.93;337.30;326.47;3.176;8.46;11.64;313;5.55;0
72;1;6.226;-0.6417;66.6;455.03;34.6724;13.520;133531;809.7;10.63;0.1669;0.00414;0.01137;0.0419;183.50;0.297;22447.2;429.1;6766.4;67.31;56.53;339.33;336.70;334.29;336.66;325.81;2.518;8.48;11.00;311;5.49;0
72;2;6.226;-0.4991;82.0;454.70;34.6724;13.514;133581;809.6;10.61;0.1669;0.01137;0.02026;0.0763;148.93;0.257;24731.1;429.8;6760.7;67.25;56.48;339.08;336.45;334.05;336.42;325.57;2.284;8.47;10.76;308;5.45;0
72;3;6.226;-0.3565;91.9;454.49;34.6724;13.510;133613;809.5;10.61;0.1669;0.02026;0.03022;0.1119;132.94;0.246;26091.4;430.2;6755.5;67.20;56.44;338.95;336.33;333.92;336.29;325.45;2.163;8.47;10.63;305;5.40;0
72;4;6.226;-0.2139;76.9;454.86;34.6724;13.517;133557;809.6;10.62;0.1669;0.03022;0.03856;0.1553;158.76;0.313;23685.4;429.5;6764.0;67.28;56.51;339.19;336.56;334.15;336.53;325.68;2.386;8.48;10.86;302;5.34;0
72;5;6.226;-0.0713;68.4;455.12;34.6724;13.522;133518;809.7;10.63;0.1669;0.03856;0.04599;0.1906;178.49;0.370;21836.1;428.9;6767.3;67.32;56.54;339.40;336.77;334.36;336.73;325.88;2.589;8.48;11.07;300;5.30;0
72;6;6.226;0.0713;68.4;455.18;34.6724;13.523;133508;809.7;10.63;0.1669;0.04599;0.05342;0.2168;178.49;0.387;21348.4;428.7;6767.5;67.32;56.54;339.46;336.83;334.42;336.79;325.94;2.648;8.48;11.13;297;5.26;0
72;7;6.226;0.2139;76.9;455.10;34.6724;13.521;133521;809.7;10.63;0.1669;0.05342;0.06177;0.2351;158.76;0.361;22008.5;428.9;6767.2;67.32;56.54;339.38;336.75;334.34;336.71;325.86;2.569;8.48;11.05;295;5.21;0
72;8;6.226;0.3565;91.9;454.92;34.6724;13.518;133548;809.7;10.62;0.1669;0.06177;0.07174;0.2494;132.94;0.318;23274.7;429.4;6765.2;67.30;56.52;339.24;336.61;334.20;336.57;325.72;2.428;8.48;10.91;292;5.16;0
72;9;6.226;0.4991;82.0;455.14;34.6724;13.522;133514;809.7;10.63;0.1669;0.07174;0.08065;0.2839;148.93;0.375;21645.9;428.8;6767.3;67.32;56.54;339.42;336.79;334.38;336.76;325.90;2.612;8.48;11.09;289;5.11;0
72;10;6.226;0.6417;66.6;455.34;34.6724;13.526;133483;809.7;10.64;0.1669;0.08065;0.08787;0.3209;183.50;0.481;19551.7;427.9;6763.4;67.28;56.51;339.69;337.07;334.66;337.03;326.18;2.890;8.48;11.37;287;5.07;0
72;11;6.226;0.7843;38.2;455.11;34.6724;13.521;133519;809.3;10.64;0.1669;0.08787;0.09199;0.3703;319.32;0.861;16736.2;426.2;6724.2;66.89;56.18;340.08;337.47;335.07;337.43;326.65;3.357;8.43;11.78;285;5.08;0
73;0;6.498;-0.7843;38.2;447.00;34.6708;13.369;134773;802.2;10.45;0.1675;0.00000;0.00414;0.0132;297.10;0.459;17637.2;424.4;6284.7;62.51;52.51;338.82;336.38;334.14;336.35;326.27;2.977;7.88;10.85;313;5.96;0
73;1;6.498;-0.6417;66.6;446.60;34.6708;13.361;134837;802.3;10.43;0.1675;0.00414;0.01137;0.0409;170.73;0.277;22263.8;426.6;6295.5;62.62;52.60;338.23;335.78;333.54;335.75;325.65;2.362;7.89;10.25;311;5.90;0
73;2;6.498;-0.4991;82.0;446.27;34.6708;13.355;134887;802.1;10.42;0.1676;0.01137;0.02026;0.0743;138.57;0.239;24462.0;427.2;6289.2;62.56;52.54;338.00;335.56;333.32;335.53;325.44;2.148;7.88;10.03;308;5.86;0
73;3;6.498;-0.3565;91.9;446.07;34.6708;13.351;134919;802.1;10.41;0.1676;0.02026;0.03021;0.1089;123.69;0.229;25757.8;427.6;6283.8;62.51;52.50;337.88;335.44;333.20;335.41;325.33;2.038;7.87;9.91;305;5.80;0
73;4;6.498;-0.2139;76.9;446.43;34.6708;13.358;134863;802.2;10.43;0.1676;0.03021;0.03856;0.1517;147.71;0.291;23459.0;427.0;6292.7;62.59;52.57;338.10;335.66;333.42;335.62;325.53;2.241;7.89;10.13;302;5.74;0
73;5;6.498;-0.0713;68.4;446.68;34.6708;13.363;134823;802.3;10.44;0.1675;0.03856;0.04599;0.1867;166.07;0.344;21668.3;426.3;6296.7;62.63;52.61;338.30;335.85;333.61;335.82;325.72;2.428;7.89;10.32;300;5.70;0
73;6;6.498;0.0713;68.4;446.74;34.6708;13.364;134814;802.3;10.44;0.1675;0.04599;0.05342;0.2125;166.07;0.360;21191.0;426.2;6297.1;62.64;52.61;338.35;335.91;333.66;335.87;325.77;2.483;7.89;10.37;297;5.65;0
73;7;6.498;0.2139;76.9;446.66;34.6708;13.362;134827;802.3;10.43;0.1675;0.05342;0.06177;0.2303;147.71;0.336;21834.0;426.4;6296.5;62.63;52.60;338.28;335.83;333.59;335.80;325.70;2.409;7.89;10.30;295;5.60;0
73;8;6.498;0.3565;91.9;446.49;34.6708;13.359;134854;802.2;10.43;0.1676;0.06177;0.07174;0.2438;123.69;0.296;23061.2;426.8;6294.0;62.61;52.58;338.14;335.70;333.46;335.67;325.57;2.280;7.89;10.17;292;5.55;0
73;9;6.498;0.4991;82.0;446.70;34.6708;13.363;134820;802.3;10.44;0.1675;0.07174;0.08064;0.2782;138.57;0.349;21477.5;426.3;6296.7;62.63;52.61;338.32;335.87;333.63;335.84;325.74;2.449;7.89;10.34;289;5.49;0
73;10;6.498;0.6417;66.6;446.91;34.6708;13.367;134788;802.3;10.45;0.1675;0.08064;0.08787;0.3155;170.73;0.448;19408.9;425.4;6294.1;62.61;52.58;338.57;336.13;333.89;336.09;326.00;2.709;7.89;10.60;287;5.45;0
73;11;6.498;0.7843;38.2;446.72;34.6708;13.364;134817;801.9;10.45;0.1675;0.08787;0.09199;0.3664;297.10;0.801;16507.1;423.6;6258.4;62.25;52.29;338.96;336.53;334.30;336.50;326.46;3.168;7.84;11.01;285;5.46;0
74;0;6.780;-0.7843;38.2;438.84;34.6691;13.215;136066;795.1;10.27;0.1681;0.00000;0.00415;0.0130;275.77;0.426;17507.9;422.0;5835.8;58.05;48.76;337.73;335.47;333.39;335.43;326.08;2.785;7.31;10.10;313;6.42;0
74;1;6.780;-0.6417;66.6;438.41;34.6691;13.207;136134;795.1;10.25;0.1682;0.00415;0.01137;0.0399;158.47;0.257;22050.4;424.1;5843.4;58.13;48.82;337.18;334.91;332.83;334.88;325.50;2.214;7.32;9.54;311;6.36;0
74;2;6.780;-0.4991;82.0;438.10;34.6691;13.201;136184;795.0;10.24;0.1682;0.01137;0.02026;0.0723;128.62;0.222;24153.7;424.7;5836.4;58.06;48.76;336.97;334.70;332.62;334.67;325.31;2.019;7.31;9.33;308;6.31;0
74;3;6.780;-0.3565;91.9;437.90;34.6691;13.197;136216;794.9;10.23;0.1682;0.02026;0.03021;0.1057;114.81;0.212;25380.5;425.1;5830.9;58.00;48.72;336.86;334.59;332.52;334.56;325.21;1.919;7.31;9.23;305;6.25;0
74;4;6.780;-0.2139;76.9;438.25;34.6691;13.204;136160;795.0;10.24;0.1682;0.03021;0.03856;0.1480;137.11;0.270;23197.9;424.4;5840.1;58.09;48.79;337.06;334.79;332.71;334.76;325.39;2.103;7.32;9.42;302;6.19;0
74;5;6.780;-0.0713;68.4;438.50;34.6691;13.209;136120;795.1;10.25;0.1682;0.03856;0.04599;0.1826;154.14;0.319;21473.9;423.9;5844.7;58.14;48.83;337.24;334.97;332.89;334.94;325.56;2.274;7.32;9.60;300;6.14;0
74;6;6.780;0.0713;68.4;438.56;34.6691;13.210;136111;795.1;10.25;0.1682;0.04599;0.05342;0.2079;154.14;0.334;21009.7;423.7;5845.3;58.14;48.84;337.29;335.02;332.94;334.99;325.62;2.324;7.33;9.65;297;6.09;0
74;7;6.780;0.2139;76.9;438.48;34.6691;13.208;136124;795.1;10.25;0.1682;0.05342;0.06177;0.2251;137.11;0.312;21632.7;423.9;5844.4;58.14;48.83;337.22;334.95;332.87;334.92;325.55;2.257;7.32;9.58;295;6.04;0
74;8;6.780;0.3565;91.9;438.31;34.6691;13.205;136151;795.1;10.24;0.1682;0.06177;0.07174;0.2378;114.81;0.275;22815.7;424.3;5841.5;58.11;48.80;337.10;334.83;332.75;334.80;325.43;2.139;7.32;9.46;292;5.97;0
74;9;6.780;0.4991;82.0;438.52;34.6691;13.209;136117;795.1;10.25;0.1682;0.07174;0.08064;0.2721;128.62;0.324;21284.7;423.8;5844.8;58.14;48.83;337.26;334.99;332.91;334.96;325.59;2.294;7.32;9.62;289;5.91;0
74;10;6.780;0.6417;66.6;438.73;34.6691;13.213;136083;795.2;10.26;0.1681;0.08064;0.08786;0.3097;158.47;0.415;19252.8;422.9;5843.4;58.13;48.82;337.50;335.23;333.15;335.20;325.83;2.536;7.32;9.86;287;5.87;0
74;11;6.780;0.7843;38.2;438.59;34.6692;13.210;136106;794.8;10.27;0.1682;0.08786;0.09199;0.3622;275.77;0.743;16281.8;421.1;5811.3;57.81;48.55;337.88;335.62;333.56;335.59;326.27;2.982;7.28;10.26;285;5.87;0
75;0;7.075;-0.7843;38.2;430.93;34.6674;13.066;137347;788.2;10.09;0.1687;0.00000;0.00415;0.0128;255.33;0.395;17369.1;419.6;5405.6;53.77;45.16;336.69;334.59;332.67;334.56;325.89;2.600;6.77;9.37;313;6.93;0
75;1;7.075;-0.6417;66.6;430.50;34.6674;13.058;137418;788.1;10.07;0.1688;0.00415;0.01137;0.0388;146.72;0.238;21803.7;421.6;5410.2;53.82;45.20;336.17;334.07;332.14;334.04;325.36;2.073;6.78;8.85;311;6.87;0
75;2;7.075;-0.4991;82.0;430.19;34.6675;13.052;137468;788.0;10.06;0.1688;0.01137;0.02026;0.0701;119.08;0.205;23803.2;422.2;5402.8;53.74;45.14;335.98;333.88;331.96;333.85;325.19;1.896;6.77;8.67;308;6.82;0
75;3;7.075;-0.3565;91.9;430.00;34.6675;13.049;137499;787.9;10.05;0.1688;0.02026;0.03021;0.1024;106.30;0.197;24956.6;422.6;5397.2;53.69;45.09;335.88;333.78;331.86;333.75;325.10;1.807;6.76;8.57;305;6.76;0
75;4;7.075;-0.2139;76.9;430.34;34.6674;13.055;137444;788.1;10.06;0.1688;0.03021;0.03855;0.1440;126.94;0.250;22898.5;422.0;5406.7;53.78;45.17;336.06;333.96;332.04;333.93;325.26;1.973;6.78;8.75;302;6.69;0
75;5;7.075;-0.0713;68.4;430.58;34.6674;13.059;137404;788.2;10.07;0.1688;0.03855;0.04598;0.1782;142.72;0.296;21249.7;421.4;5411.7;53.83;45.21;336.23;334.13;332.20;334.10;325.42;2.128;6.78;8.91;300;6.63;0
75;6;7.075;0.0713;68.4;430.64;34.6674;13.061;137395;788.2;10.08;0.1688;0.04598;0.05341;0.2031;142.72;0.310;20801.0;421.2;5412.4;53.84;45.22;336.28;334.17;332.25;334.14;325.46;2.174;6.78;8.96;297;6.58;0
75;7;7.075;0.2139;76.9;430.56;34.6674;13.059;137408;788.2;10.07;0.1688;0.05341;0.06176;0.2196;126.94;0.288;21401.4;421.5;5411.4;53.83;45.21;336.21;334.11;332.18;334.08;325.40;2.112;6.78;8.89;295;6.52;0
75;8;7.075;0.3565;91.9;430.39;34.6674;13.056;137435;788.1;10.07;0.1688;0.06176;0.07173;0.2314;106.30;0.254;22534.7;421.9;5408.1;53.80;45.18;336.10;334.00;332.07;333.97;325.30;2.005;6.78;8.78;292;6.45;0
75;9;7.075;0.4991;82.0;430.60;34.6674;13.060;137401;788.2;10.07;0.1688;0.07173;0.08064;0.2656;119.08;0.300;21064.5;421.3;5411.9;53.83;45.21;336.25;334.14;332.22;334.12;325.44;2.146;6.78;8.93;289;6.39;0
75;10;7.075;0.6417;66.6;430.81;34.6674;13.064;137366;788.2;10.08;0.1688;0.08064;0.08786;0.3035;146.72;0.385;19080.7;420.5;5411.5;53.83;45.21;336.47;334.37;332.44;334.34;325.66;2.369;6.78;9.15;287;6.34;0
75;11;7.075;0.7843;38.2;430.72;34.6675;13.062;137382;787.9;10.09;0.1688;0.08786;0.09199;0.3576;255.33;0.688;16059.4;418.6;5382.9;53.54;44.97;336.84;334.75;332.84;334.72;326.09;2.800;6.75;9.55;285;6.34;0
76;0;7.381;-0.7843;38.2;423.30;34.6657;12.922;138612;781.5;9.92;0.1693;0.00000;0.00415;0.0125;235.79;0.364;17218.1;417.2;4994.2;49.68;41.72;335.69;333.75;331.97;333.72;325.71;2.423;6.26;8.68;313;7.50;0
76;1;7.381;-0.6417;66.6;422.86;34.6657;12.914;138686;781.4;9.90;0.1694;0.00415;0.01137;0.0376;135.50;0.219;21520.2;419.2;4996.1;49.70;41.74;335.21;333.27;331.49;333.24;325.23;1.940;6.26;8.20;311;7.44;0
76;2;7.381;-0.4991;82.0;422.56;34.6657;12.908;138735;781.3;9.89;0.1694;0.01137;0.02026;0.0678;109.97;0.190;23407.8;419.8;4988.5;49.62;41.68;335.03;333.10;331.32;333.07;325.07;1.780;6.25;8.03;308;7.38;0
76;3;7.381;-0.3565;91.9;422.38;34.6657;12.905;138766;781.2;9.89;0.1694;0.02026;0.03021;0.0990;98.17;0.181;24484.1;420.1;4982.9;49.57;41.63;334.94;333.01;331.24;332.98;324.99;1.700;6.24;7.94;305;7.32;0
76;4;7.381;-0.2139;76.9;422.70;34.6657;12.911;138712;781.4;9.90;0.1694;0.03021;0.03855;0.1398;117.23;0.231;22557.7;419.6;4992.4;49.66;41.71;335.11;333.17;331.40;333.15;325.14;1.849;6.26;8.11;302;7.24;0
76;5;7.381;-0.0713;68.4;422.94;34.6657;12.915;138672;781.5;9.90;0.1694;0.03855;0.04598;0.1735;131.80;0.273;20992.0;419.0;4997.8;49.71;41.75;335.26;333.32;331.54;333.29;325.28;1.989;6.26;8.25;300;7.18;0
76;6;7.381;0.0713;68.4;423.00;34.6657;12.916;138663;781.5;9.91;0.1694;0.04598;0.05341;0.1979;131.80;0.286;20561.7;418.9;4998.7;49.72;41.76;335.30;333.36;331.59;333.34;325.32;2.031;6.26;8.30;297;7.12;0
76;7;7.381;0.2139;76.9;422.92;34.6657;12.915;138676;781.5;9.90;0.1694;0.05341;0.06176;0.2137;117.23;0.266;21136.5;419.1;4997.4;49.71;41.75;335.25;333.31;331.53;333.28;325.27;1.975;6.26;8.24;295;7.06;0
76;8;7.381;0.3565;91.9;422.76;34.6657;12.912;138703;781.4;9.90;0.1694;0.06176;0.07173;0.2247;98.17;0.235;22215.1;419.5;4993.9;49.68;41.72;335.14;333.20;331.43;333.18;325.17;1.878;6.26;8.14;292;6.99;0
76;9;7.381;0.4991;82.0;422.96;34.6657;12.916;138669;781.5;9.90;0.1694;0.07173;0.08063;0.2587;109.97;0.277;20813.1;419.0;4998.0;49.72;41.76;335.28;333.34;331.56;333.31;325.30;2.006;6.26;8.27;289;6.92;0
76;10;7.381;0.6417;66.6;423.17;34.6657;12.920;138633;781.5;9.91;0.1693;0.08063;0.08786;0.2968;135.50;0.355;18889.4;418.1;4998.8;49.72;41.76;335.48;333.54;331.77;333.52;325.50;2.211;6.26;8.48;287;6.86;0
76;11;7.381;0.7843;38.2;423.12;34.6657;12.919;138642;781.3;9.92;0.1693;0.08786;0.09199;0.3526;235.79;0.636;15838.7;416.3;4973.6;49.47;41.55;335.85;333.92;332.15;333.89;325.91;2.623;6.23;8.86;285;6.86;0
77;0;7.701;-0.7843;38.2;415.95;34.6639;12.784;139857;775.1;9.76;0.1699;0.00000;0.00415;0.0122;217.17;0.336;17051.9;414.9;4602.0;45.78;38.45;334.74;332.95;331.31;332.92;325.55;2.255;5.77;8.02;313;8.14;0
77;1;7.701;-0.6417;66.6;415.51;34.6639;12.775;139933;775.0;9.74;0.1699;0.00415;0.01138;0.0364;124.80;0.202;21196.8;416.9;4601.4;45.77;38.44;334.29;332.51;330.87;332.48;325.10;1.814;5.77;7.58;311;8.08;0
77;2;7.701;-0.4991;82.0;415.22;34.6639;12.770;139982;774.8;9.73;0.1699;0.01138;0.02026;0.0654;101.29;0.175;22964.7;417.5;4593.5;45.69;38.38;334.13;332.35;330.72;332.33;324.96;1.671;5.76;7.43;308;8.02;0
77;3;7.701;-0.3565;91.9;415.05;34.6639;12.766;140012;774.7;9.73;0.1700;0.02026;0.03020;0.0954;90.41;0.167;23961.1;417.7;4587.9;45.64;38.33;334.05;332.27;330.64;332.25;324.89;1.600;5.75;7.35;305;7.95;0
77;4;7.701;-0.2139;76.9;415.35;34.6639;12.772;139959;774.9;9.74;0.1699;0.03020;0.03854;0.1353;107.97;0.213;22172.6;417.2;4597.5;45.73;38.41;334.20;332.42;330.78;332.39;325.02;1.732;5.76;7.49;302;7.86;0
77;5;7.701;-0.0713;68.4;415.58;34.6639;12.777;139920;775.0;9.74;0.1699;0.03854;0.04597;0.1685;121.39;0.251;20697.6;416.7;4603.2;45.79;38.46;334.34;332.55;330.92;332.53;325.15;1.858;5.77;7.63;300;7.79;0
77;6;7.701;0.0713;68.4;415.64;34.6639;12.778;139910;775.0;9.75;0.1699;0.04597;0.05341;0.1924;121.39;0.263;20288.2;416.5;4604.3;45.80;38.47;334.38;332.59;330.96;332.57;325.19;1.896;5.77;7.67;297;7.73;0
77;7;7.701;0.2139;76.9;415.56;34.6639;12.776;139923;775.0;9.74;0.1699;0.05341;0.06176;0.2075;107.97;0.245;20834.7;416.8;4602.8;45.78;38.45;334.33;332.54;330.90;332.52;325.14;1.846;5.77;7.61;295;7.66;0
77;8;7.701;0.3565;91.9;415.41;34.6639;12.773;139950;774.9;9.74;0.1699;0.06176;0.07172;0.2177;90.41;0.216;21853.7;417.1;4599.1;45.75;38.42;334.23;332.45;330.81;332.42;325.05;1.758;5.76;7.52;292;7.59;0
77;9;7.701;0.4991;82.0;415.60;34.6639;12.777;139916;775.0;9.74;0.1699;0.07172;0.08063;0.2513;101.29;0.255;20527.3;416.6;4603.5;45.79;38.46;334.36;332.57;330.93;332.55;325.16;1.874;5.77;7.64;289;7.51;0
77;10;7.701;0.6417;66.6;415.82;34.6639;12.781;139880;775.1;9.75;0.1699;0.08063;0.08786;0.2897;124.80;0.327;18675.4;415.8;4605.1;45.81;38.47;334.55;332.76;331.12;332.74;325.35;2.060;5.77;7.83;287;7.45;0
77;11;7.701;0.7843;38.2;415.80;34.6639;12.781;139883;774.9;9.76;0.1699;0.08786;0.09199;0.3471;217.17;0.586;15618.2;413.9;4583.3;45.59;38.29;334.89;333.12;331.49;333.09;325.74;2.452;5.74;8.20;285;7.45;0
78;0;8.033;-0.7843;38.2;408.89;34.6621;12.650;141079;768.9;9.61;0.1704;0.00000;0.00415;0.0119;199.46;0.308;16867.1;412.7;4228.7;42.06;35.33;333.83;332.19;330.68;332.17;325.39;2.095;5.30;7.39;313;8.85;0
78;1;8.033;-0.6417;66.6;408.45;34.6621;12.642;141156;768.8;9.59;0.1705;0.00415;0.01138;0.0351;114.62;0.186;20830.3;414.6;4226.0;42.04;35.31;333.42;331.78;330.28;331.76;324.99;1.695;5.30;6.99;311;8.80;0
78;2;8.033;-0.4991;82.0;408.17;34.6621;12.637;141204;768.6;9.58;0.1705;0.01138;0.02026;0.0629;93.03;0.160;22472.2;415.2;4218.1;41.96;35.24;333.28;331.64;330.15;331.62;324.86;1.568;5.29;6.85;308;8.73;0
78;3;8.033;-0.3565;91.9;408.01;34.6621;12.634;141233;768.5;9.58;0.1705;0.02026;0.03020;0.0916;83.04;0.154;23386.6;415.4;4212.6;41.90;35.19;333.21;331.57;330.07;331.55;324.80;1.505;5.28;6.78;305;8.66;0
78;4;8.033;-0.2139;76.9;408.30;34.6621;12.639;141182;768.7;9.58;0.1705;0.03020;0.03854;0.1307;99.17;0.195;21740.7;414.9;4222.0;42.00;35.27;333.34;331.71;330.20;331.68;324.91;1.622;5.29;6.91;302;8.56;0
78;5;8.033;-0.0713;68.4;408.52;34.6621;12.643;141143;768.8;9.59;0.1705;0.03854;0.04597;0.1633;111.49;0.231;20362.9;414.4;4227.9;42.06;35.32;333.47;331.83;330.32;331.80;325.03;1.735;5.30;7.03;300;8.48;0
78;6;8.033;0.0713;68.4;408.58;34.6621;12.644;141134;768.8;9.59;0.1705;0.04597;0.05340;0.1866;111.49;0.242;19977.0;414.3;4229.1;42.07;35.33;333.50;331.86;330.36;331.84;325.06;1.769;5.30;7.07;297;8.42;0
78;7;8.033;0.2139;76.9;408.50;34.6621;12.643;141147;768.8;9.59;0.1705;0.05340;0.06175;0.2009;99.17;0.225;20492.7;414.5;4227.5;42.05;35.32;333.46;331.82;330.31;331.79;325.01;1.723;5.30;7.02;295;8.34;0
78;8;8.033;0.3565;91.9;408.35;34.6621;12.640;141173;768.7;9.59;0.1705;0.06175;0.07172;0.2103;83.04;0.199;21447.5;414.8;4223.6;42.01;35.29;333.37;331.73;330.23;331.71;324.94;1.645;5.29;6.94;292;8.26;0
78;9;8.033;0.4991;82.0;408.54;34.6621;12.644;141140;768.8;9.59;0.1705;0.07172;0.08062;0.2436;93.03;0.234;20203.5;414.4;4228.3;42.06;35.33;333.48;331.84;330.34;331.82;325.04;1.748;5.30;7.05;289;8.18;0
78;10;8.033;0.6417;66.6;408.75;34.6621;12.648;141103;768.9;9.60;0.1704;0.08062;0.08786;0.2821;114.62;0.300;18435.3;413.6;4230.7;42.08;35.35;333.66;332.01;330.51;331.99;325.21;1.917;5.30;7.22;287;8.11;0
78;11;8.033;0.7843;38.2;408.77;34.6621;12.648;141101;768.7;9.61;0.1704;0.08786;0.09199;0.3412;199.46;0.538;15396.0;411.7;4212.0;41.90;35.19;333.99;332.35;330.85;332.33;325.58;2.286;5.28;7.56;285;8.11;0
79;0;8.379;-0.7843;38.2;402.13;34.6602;12.523;142273;763.0;9.46;0.1709;0.00000;0.00416;0.0116;182.67;0.282;16660.4;410.6;3874.6;38.54;32.37;332.97;331.47;330.09;331.45;325.23;1.943;4.86;6.80;313;9.66;0
79;1;8.379;-0.6417;66.6;401.69;34.6602;12.514;142352;762.9;9.44;0.1710;0.00416;0.01138;0.0338;104.97;0.170;20418.0;412.4;3870.0;38.50;32.33;332.60;331.10;329.72;331.08;324.87;1.584;4.85;6.43;311;9.61;0
79;2;8.379;-0.4991;82.0;401.43;34.6602;12.509;142399;762.7;9.44;0.1710;0.01138;0.02026;0.0603;85.19;0.147;21928.7;412.9;3862.0;38.42;32.27;332.47;330.97;329.60;330.95;324.76;1.471;4.84;6.31;308;9.54;0
79;3;8.379;-0.3565;91.9;401.28;34.6602;12.506;142427;762.6;9.43;0.1710;0.02026;0.03020;0.0877;76.05;0.141;22759.7;413.2;3856.6;38.36;32.22;332.41;330.91;329.54;330.89;324.71;1.416;4.83;6.25;305;9.46;0
79;4;8.379;-0.2139;76.9;401.55;34.6602;12.512;142377;762.8;9.44;0.1710;0.03020;0.03854;0.1258;90.82;0.179;21259.9;412.7;3866.0;38.46;32.30;332.53;331.03;329.65;331.01;324.81;1.519;4.84;6.36;302;9.35;0
79;5;8.379;-0.0713;68.4;401.77;34.6602;12.516;142339;762.9;9.45;0.1710;0.03854;0.04597;0.1577;102.10;0.212;19985.2;412.2;3872.0;38.52;32.35;332.64;331.14;329.76;331.12;324.91;1.619;4.85;6.47;300;9.26;0
79;6;8.379;0.0713;68.4;401.82;34.6602;12.517;142330;762.9;9.45;0.1710;0.04597;0.05340;0.1804;102.10;0.221;19624.9;412.1;3873.2;38.53;32.36;332.67;331.17;329.79;331.15;324.94;1.649;4.85;6.50;297;9.19;0
79;7;8.379;0.2139;76.9;401.75;34.6602;12.515;142343;762.9;9.45;0.1710;0.05340;0.06175;0.1940;90.82;0.206;20107.5;412.3;3871.5;38.51;32.34;332.63;331.13;329.75;331.11;324.90;1.609;4.85;6.46;295;9.11;0
79;8;8.379;0.3565;91.9;401.60;34.6602;12.513;142368;762.8;9.44;0.1710;0.06175;0.07171;0.2025;76.05;0.182;20994.4;412.6;3867.6;38.47;32.31;332.55;331.05;329.68;331.03;324.83;1.539;4.85;6.39;292;9.02;0
79;9;8.379;0.4991;82.0;401.79;34.6602;12.516;142336;762.9;9.45;0.1710;0.07171;0.08062;0.2354;85.19;0.214;19838.6;412.2;3872.4;38.52;32.35;332.65;331.15;329.77;331.13;324.92;1.631;4.85;6.48;289;8.93;0
79;10;8.379;0.6417;66.6;401.99;34.6602;12.520;142299;763.0;9.45;0.1710;0.08062;0.08785;0.2740;104.97;0.275;18165.3;411.4;3875.4;38.55;32.38;332.81;331.31;329.93;331.29;325.07;1.782;4.86;6.64;287;8.85;0
79;11;8.379;0.7843;38.2;402.04;34.6602;12.521;142291;762.8;9.46;0.1709;0.08785;0.09199;0.3348;182.67;0.492;15169.7;409.5;3859.8;38.39;32.25;333.12;331.63;330.25;331.60;325.42;2.126;4.84;6.96;285;8.85;0
80;0;8.740;-0.7843;38.2;395.68;34.6582;12.401;143437;757.4;9.32;0.1714;0.00000;0.00416;0.0112;166.78;0.258;16427.7;408.5;3539.4;35.21;29.57;332.16;330.78;329.53;330.77;325.09;1.800;4.44;6.24;313;10.58;0
80;1;8.740;-0.6417;66.6;395.25;34.6582;12.393;143516;757.2;9.31;0.1715;0.00416;0.01138;0.0324;95.84;0.155;19957.7;410.2;3533.3;35.15;29.52;331.82;330.45;329.20;330.43;324.77;1.479;4.43;5.91;311;10.52;0
80;2;8.740;-0.4991;82.0;395.00;34.6582;12.388;143561;757.0;9.30;0.1715;0.01138;0.02026;0.0576;77.78;0.134;21333.6;410.7;3525.3;35.07;29.45;331.71;330.34;329.09;330.32;324.67;1.381;4.42;5.80;308;10.45;0
80;3;8.740;-0.3565;91.9;394.85;34.6583;12.385;143588;757.0;9.30;0.1715;0.02026;0.03019;0.0837;69.43;0.128;22081.0;411.0;3520.1;35.01;29.41;331.65;330.28;329.03;330.27;324.62;1.332;4.41;5.74;305;10.36;0
80;4;8.740;-0.2139;76.9;395.12;34.6582;12.390;143540;757.1;9.30;0.1715;0.03019;0.03853;0.1207;82.92;0.163;20728.6;410.5;3529.2;35.11;29.49;331.76;330.39;329.14;330.37;324.71;1.422;4.42;5.85;302;10.24;0
80;5;8.740;-0.0713;68.4;395.32;34.6582;12.394;143503;757.2;9.31;0.1715;0.03853;0.04596;0.1519;93.22;0.193;19561.5;410.1;3535.3;35.17;29.54;331.86;330.49;329.23;330.47;324.80;1.510;4.43;5.94;300;10.15;0
80;6;8.740;0.0713;68.4;395.37;34.6582;12.395;143494;757.3;9.31;0.1715;0.04596;0.05339;0.1739;93.22;0.202;19228.9;409.9;3536.6;35.18;29.55;331.89;330.52;329.26;330.50;324.83;1.537;4.43;5.97;297;10.06;0
80;7;8.740;0.2139;76.9;395.30;34.6582;12.394;143507;757.2;9.31;0.1715;0.05339;0.06175;0.1867;82.92;0.188;19676.4;410.1;3534.8;35.16;29.53;331.85;330.48;329.22;330.46;324.79;1.501;4.43;5.93;295;9.98;0
80;8;8.740;0.3565;91.9;395.16;34.6582;12.391;143532;757.1;9.31;0.1715;0.06175;0.07171;0.1944;69.43;0.166;20492.2;410.4;3530.8;35.12;29.50;331.78;330.41;329.16;330.39;324.73;1.439;4.42;5.86;292;9.89;0
80;9;8.740;0.4991;82.0;395.34;34.6582;12.394;143500;757.2;9.31;0.1715;0.07171;0.08061;0.2268;77.78;0.196;19429.6;410.0;3535.7;35.17;29.54;331.87;330.50;329.24;330.48;324.81;1.520;4.43;5.95;289;9.78;0
80;10;8.740;0.6417;66.6;395.54;34.6582;12.398;143463;757.3;9.32;0.1714;0.08061;0.08785;0.2654;95.84;0.251;17861.8;409.3;3539.4;35.21;29.57;332.01;330.64;329.38;330.62;324.95;1.655;4.44;6.09;287;9.69;0
80;11;8.740;0.7843;38.2;395.61;34.6582;12.399;143450;757.2;9.32;0.1714;0.08785;0.09199;0.3278;166.78;0.450;14936.7;407.4;3526.6;35.08;29.46;332.30;330.94;329.68;330.92;325.26;1.973;4.42;6.39;285;9.68;0
81;0;9.115;-0.7843;38.2;389.54;34.6562;12.285;144566;752.0;9.19;0.1719;0.00000;0.00416;0.0108;151.79;0.235;16165.4;406.5;3223.0;32.06;26.93;331.39;330.14;329.00;330.12;324.96;1.666;4.04;5.70;313;11.62;0
81;1;9.115;-0.6417;66.6;389.12;34.6562;12.277;144645;751.8;9.18;0.1719;0.00416;0.01138;0.0309;87.23;0.141;19447.8;408.1;3215.7;31.99;26.87;331.09;329.84;328.70;329.83;324.67;1.381;4.03;5.41;311;11.56;0
81;2;9.115;-0.4991;82.0;388.88;34.6562;12.272;144688;751.7;9.17;0.1719;0.01138;0.02026;0.0548;70.80;0.122;20686.9;408.6;3207.8;31.91;26.80;330.99;329.75;328.61;329.73;324.59;1.296;4.02;5.32;308;11.48;0
81;3;9.115;-0.3565;91.9;388.75;34.6562;12.270;144714;751.6;9.17;0.1720;0.02026;0.03019;0.0796;63.20;0.117;21351.4;408.8;3202.8;31.86;26.76;330.94;329.70;328.56;329.68;324.54;1.253;4.01;5.27;305;11.39;0
81;4;9.115;-0.2139;76.9;388.99;34.6562;12.274;144668;751.7;9.18;0.1719;0.03019;0.03853;0.1153;75.47;0.149;20146.2;408.4;3211.6;31.95;26.83;331.03;329.79;328.65;329.77;324.62;1.332;4.02;5.36;302;11.26;0
81;5;9.115;-0.0713;68.4;389.18;34.6562;12.278;144633;751.8;9.18;0.1719;0.03853;0.04596;0.1458;84.85;0.176;19089.9;408.0;3217.6;32.01;26.88;331.12;329.87;328.73;329.86;324.70;1.408;4.03;5.44;300;11.15;0
81;6;9.115;0.0713;68.4;389.23;34.6562;12.279;144624;751.9;9.18;0.1719;0.04596;0.05339;0.1671;84.85;0.184;18786.5;407.8;3219.0;32.02;26.89;331.15;329.90;328.76;329.88;324.72;1.432;4.03;5.47;297;11.06;0
81;7;9.115;0.2139;76.9;389.17;34.6562;12.278;144636;751.8;9.18;0.1719;0.05339;0.06174;0.1791;75.47;0.171;19197.3;408.0;3217.2;32.00;26.88;331.11;329.87;328.72;329.85;324.69;1.400;4.03;5.43;295;10.97;0
81;8;9.115;0.3565;91.9;389.04;34.6562;12.275;144660;751.7;9.18;0.1719;0.06174;0.07170;0.1859;63.20;0.151;19939.8;408.3;3213.2;31.96;26.84;331.05;329.81;328.66;329.79;324.64;1.346;4.03;5.37;292;10.86;0
81;9;9.115;0.4991;82.0;389.20;34.6562;12.278;144629;751.8;9.18;0.1719;0.07170;0.08061;0.2177;70.80;0.178;18974.2;407.9;3218.2;32.01;26.89;331.13;329.88;328.74;329.87;324.71;1.417;4.03;5.45;289;10.74;0
81;10;9.115;0.6417;66.6;389.40;34.6562;12.282;144593;751.9;9.19;0.1719;0.08061;0.08785;0.2562;87.23;0.229;17521.1;407.2;3222.2;32.05;26.92;331.26;330.01;328.87;329.99;324.83;1.536;4.04;5.57;287;10.64;0
81;11;9.115;0.7843;38.2;389.49;34.6562;12.284;144576;751.8;9.20;0.1719;0.08785;0.09199;0.3202;151.79;0.409;14693.9;405.4;3212.1;31.95;26.84;331.53;330.28;329.14;330.27;325.12;1.826;4.03;5.85;285;10.63;0
82;0;9.506;-0.7843;38.2;383.71;34.6541;12.175;145658;746.9;9.07;0.1723;0.00000;0.00416;0.0104;137.70;0.213;15869.5;404.5;2925.3;29.10;24.44;330.67;329.54;328.50;329.52;324.83;1.540;3.67;5.21;313;12.80;0
82;1;9.506;-0.6417;66.6;383.30;34.6541;12.167;145735;746.7;9.06;0.1724;0.00416;0.01138;0.0294;79.13;0.128;18887.4;406.1;2917.0;29.02;24.37;330.40;329.27;328.24;329.26;324.58;1.290;3.66;4.95;311;12.74;0
82;2;9.506;-0.4991;82.0;383.08;34.6542;12.163;145777;746.5;9.05;0.1724;0.01138;0.02026;0.0519;64.22;0.111;19989.9;406.5;2909.4;28.94;24.31;330.31;329.19;328.15;329.17;324.51;1.216;3.65;4.86;308;12.66;0
82;3;9.506;-0.3565;91.9;382.95;34.6542;12.160;145801;746.5;9.05;0.1724;0.02026;0.03019;0.0754;57.33;0.106;20573.1;406.7;2904.5;28.89;24.27;330.27;329.14;328.11;329.13;324.47;1.180;3.64;4.82;305;12.55;0
82;4;9.506;-0.2139;76.9;383.19;34.6541;12.165;145758;746.6;9.06;0.1724;0.03019;0.03852;0.1098;68.46;0.135;19512.9;406.3;2913.0;28.98;24.34;330.35;329.22;328.19;329.21;324.54;1.247;3.65;4.90;302;12.41;0
82;5;9.506;-0.0713;68.4;383.37;34.6541;12.168;145724;746.7;9.06;0.1724;0.03852;0.04595;0.1394;76.97;0.159;18568.9;405.9;2918.9;29.04;24.39;330.43;329.30;328.26;329.28;324.60;1.313;3.66;4.97;300;12.29;0
82;6;9.506;0.0713;68.4;383.41;34.6541;12.169;145715;746.7;9.06;0.1724;0.04595;0.05339;0.1599;76.97;0.167;18295.9;405.8;2920.3;29.05;24.40;330.45;329.32;328.28;329.31;324.62;1.334;3.66;4.99;297;12.19;0
82;7;9.506;0.2139;76.9;383.35;34.6541;12.168;145727;746.7;9.06;0.1724;0.05339;0.06174;0.1712;68.46;0.156;18668.9;406.0;2918.5;29.03;24.38;330.42;329.29;328.25;329.28;324.60;1.306;3.66;4.96;295;12.09;0
82;8;9.506;0.3565;91.9;383.23;34.6541;12.165;145750;746.6;9.06;0.1724;0.06174;0.07170;0.1771;57.33;0.137;19336.8;406.3;2914.5;28.99;24.35;330.37;329.24;328.20;329.22;324.55;1.259;3.65;4.91;292;11.98;0
82;9;9.506;0.4991;82.0;383.38;34.6541;12.168;145720;746.7;9.06;0.1724;0.07170;0.08060;0.2082;64.22;0.162;18470.6;405.9;2919.5;29.04;24.39;330.44;329.31;328.27;329.29;324.61;1.321;3.66;4.98;289;11.84;0
82;10;9.506;0.6417;66.6;383.57;34.6541;12.172;145685;746.8;9.07;0.1723;0.08060;0.08784;0.2465;79.13;0.207;17140.1;405.2;2923.9;29.08;24.43;330.55;329.42;328.38;329.40;324.72;1.425;3.66;5.09;287;11.73;0
82;11;9.506;0.7843;38.2;383.68;34.6542;12.174;145664;746.8;9.07;0.1723;0.08784;0.09199;0.3119;137.70;0.371;14438.0;403.4;2916.2;29.01;24.36;330.80;329.67;328.63;329.65;324.98;1.687;3.65;5.34;285;11.71;0
83;0;9.913;-0.7843;38.2;378.20;34.6520;12.070;146708;742.0;8.96;0.1728;0.00000;0.00416;0.0100;124.49;0.192;15536.5;402.6;2646.0;26.32;22.11;329.99;328.97;328.03;328.96;324.71;1.423;3.32;4.74;313;14.15;0
83;1;9.913;-0.6417;66.6;377.81;34.6520;12.063;146784;741.8;8.95;0.1728;0.00416;0.01139;0.0279;71.54;0.116;18276.7;404.1;2636.9;26.23;22.03;329.76;328.74;327.80;328.72;324.50;1.205;3.30;4.51;311;14.10;0
83;2;9.913;-0.4991;82.0;377.60;34.6520;12.059;146824;741.7;8.94;0.1728;0.01139;0.02026;0.0490;58.06;0.100;19244.2;404.5;2629.5;26.16;21.97;329.68;328.66;327.73;328.65;324.43;1.142;3.30;4.44;308;14.01;0
83;3;9.913;-0.3565;91.9;377.48;34.6520;12.057;146847;741.6;8.94;0.1728;0.02026;0.03018;0.0710;51.83;0.096;19749.1;404.7;2624.9;26.11;21.93;329.64;328.62;327.69;328.61;324.40;1.110;3.29;4.40;305;13.89;0
83;4;9.913;-0.2139;76.9;377.70;34.6520;12.061;146805;741.8;8.94;0.1728;0.03018;0.03852;0.1041;61.89;0.122;18829.7;404.3;2633.1;26.19;22.00;329.71;328.69;327.76;328.68;324.46;1.168;3.30;4.47;302;13.73;0
83;5;9.913;-0.0713;68.4;377.87;34.6520;12.064;146773;741.9;8.95;0.1728;0.03852;0.04595;0.1327;69.58;0.144;17998.0;403.9;2638.8;26.25;22.05;329.78;328.76;327.82;328.75;324.52;1.225;3.31;4.53;300;13.59;0
83;6;9.913;0.0713;68.4;377.91;34.6520;12.065;146764;741.9;8.95;0.1728;0.04595;0.05338;0.1525;69.58;0.151;17756.1;403.8;2640.2;26.26;22.06;329.80;328.78;327.84;328.77;324.53;1.242;3.31;4.55;297;13.48;0
83;7;9.913;0.2139;76.9;377.85;34.6520;12.064;146776;741.9;8.95;0.1728;0.05338;0.06173;0.1629;61.89;0.141;18090.7;404.0;2638.4;26.24;22.04;329.77;328.75;327.82;328.74;324.51;1.218;3.31;4.52;295;13.37;0
83;8;9.913;0.3565;91.9;377.74;34.6520;12.061;146798;741.8;8.94;0.1728;0.06173;0.07169;0.1680;51.83;0.124;18684.0;404.3;2634.5;26.21;22.01;329.73;328.71;327.77;328.69;324.47;1.178;3.30;4.48;292;13.25;0
83;9;9.913;0.4991;82.0;377.88;34.6520;12.064;146770;741.9;8.95;0.1728;0.07169;0.08060;0.1984;58.06;0.146;17917.8;403.9;2639.4;26.25;22.05;329.79;328.77;327.83;328.75;324.52;1.231;3.31;4.54;289;13.10;0
83;10;9.913;0.6417;66.6;378.06;34.6520;12.068;146735;742.0;8.95;0.1728;0.08060;0.08784;0.2363;71.54;0.188;16716.0;403.3;2644.1;26.30;22.09;329.89;328.86;327.93;328.85;324.61;1.321;3.31;4.63;287;12.97;0
83;11;9.913;0.7843;38.2;378.19;34.6520;12.070;146711;741.9;8.96;0.1728;0.08784;0.09199;0.3030;124.49;0.336;14165.1;401.5;2638.5;26.25;22.04;330.11;329.09;328.15;329.08;324.85;1.556;3.31;4.86;285;12.94;0
84;0;10.337;-0.7843;38.2;373.01;34.6498;11.972;147715;737.4;8.85;0.1731;0.00000;0.00417;0.0096;112.14;0.173;15163.2;400.7;2384.8;23.72;19.92;329.36;328.44;327.59;328.43;324.60;1.314;2.99;4.30;313;15.70;0
84;1;10.337;-0.6417;66.6;372.64;34.6498;11.965;147789;737.3;8.84;0.1732;0.00417;0.01139;0.0263;64.44;0.104;17616.9;402.1;2375.2;23.63;19.84;329.16;328.24;327.39;328.22;324.42;1.126;2.98;4.10;311;15.65;0
84;2;10.337;-0.4991;82.0;372.44;34.6498;11.961;147826;737.1;8.84;0.1732;0.01139;0.02026;0.0460;52.30;0.090;18453.2;402.5;2368.1;23.56;19.78;329.09;328.17;327.33;328.16;324.36;1.072;2.97;4.04;308;15.56;0
84;3;10.337;-0.3565;91.9;372.33;34.6498;11.959;147848;737.1;8.83;0.1732;0.02026;0.03018;0.0666;46.69;0.086;18883.4;402.7;2363.8;23.51;19.75;329.05;328.14;327.30;328.13;324.34;1.046;2.96;4.01;305;15.43;0
84;4;10.337;-0.2139;76.9;372.53;34.6498;11.963;147809;737.2;8.84;0.1732;0.03018;0.03851;0.0983;55.75;0.110;18098.9;402.4;2371.5;23.59;19.81;329.12;328.20;327.36;328.19;324.39;1.095;2.97;4.07;302;15.24;0
84;5;10.337;-0.0713;68.4;372.69;34.6498;11.966;147778;737.3;8.84;0.1732;0.03851;0.04594;0.1258;62.68;0.130;17377.7;402.0;2377.0;23.64;19.86;329.18;328.26;327.41;328.24;324.43;1.143;2.98;4.12;300;15.09;0
84;6;10.337;0.0713;68.4;372.73;34.6498;11.967;147770;737.3;8.84;0.1732;0.04594;0.05338;0.1447;62.68;0.136;17167.0;401.9;2378.4;23.66;19.87;329.19;328.27;327.43;328.26;324.45;1.157;2.98;4.14;297;14.96;0
84;7;10.337;0.2139;76.9;372.68;34.6498;11.966;147781;737.3;8.84;0.1732;0.05338;0.06173;0.1543;55.75;0.127;17463.2;402.1;2376.6;23.64;19.86;329.17;328.25;327.41;328.24;324.43;1.137;2.98;4.12;295;14.84;0
84;8;10.337;0.3565;91.9;372.57;34.6498;11.964;147802;737.2;8.84;0.1732;0.06173;0.07169;0.1586;46.69;0.112;17982.7;402.3;2372.9;23.60;19.82;329.13;328.21;327.37;328.20;324.39;1.102;2.97;4.08;292;14.71;0
84;9;10.337;0.4991;82.0;372.71;34.6498;11.966;147775;737.3;8.84;0.1732;0.07169;0.08059;0.1881;52.30;0.132;17315.9;402.0;2377.6;23.65;19.86;329.18;328.26;327.42;328.25;324.44;1.147;2.98;4.13;289;14.54;0
84;10;10.337;0.6417;66.6;372.88;34.6498;11.970;147742;737.4;8.85;0.1732;0.08059;0.08784;0.2256;64.44;0.169;16246.5;401.4;2382.4;23.70;19.90;329.27;328.35;327.50;328.33;324.52;1.225;2.99;4.21;287;14.40;0
84;11;10.337;0.7843;38.2;373.01;34.6498;11.972;147715;737.4;8.85;0.1731;0.08784;0.09199;0.2934;112.14;0.302;13871.2;399.7;2378.9;23.66;19.87;329.47;328.55;327.70;328.54;324.72;1.433;2.98;4.41;285;14.35;0
85;0;10.778;-0.7843;38.2;368.14;34.6475;11.880;148676;733.1;8.75;0.1735;0.00000;0.00417;0.0091;100.63;0.156;14746.8;398.9;2141.3;21.30;17.89;328.78;327.95;327.19;327.94;324.50;1.213;2.68;3.90;313;17.49;0
85;1;10.778;-0.6417;66.6;367.78;34.6475;11.873;148746;733.0;8.74;0.1735;0.00417;0.01139;0.0247;57.83;0.094;16910.2;400.2;2131.3;21.20;17.81;328.60;327.77;327.01;327.76;324.34;1.053;2.67;3.72;311;17.44;0
85;2;10.778;-0.4991;82.0;367.60;34.6475;11.870;148782;732.8;8.74;0.1736;0.01139;0.02026;0.0430;46.93;0.081;17620.8;400.6;2124.6;21.13;17.75;328.54;327.71;326.96;327.70;324.30;1.007;2.66;3.67;308;17.34;0
85;3;10.778;-0.3565;91.9;367.50;34.6475;11.868;148802;732.8;8.74;0.1736;0.02026;0.03018;0.0622;41.90;0.077;17981.1;400.7;2120.6;21.09;17.72;328.51;327.69;326.93;327.67;324.28;0.985;2.66;3.64;305;17.20;0
85;4;10.778;-0.2139;76.9;367.69;34.6475;11.871;148766;732.9;8.74;0.1735;0.03018;0.03851;0.0923;50.03;0.098;17323.6;400.4;2127.8;21.17;17.78;328.56;327.74;326.98;327.73;324.32;1.026;2.67;3.69;302;16.99;0
85;5;10.778;-0.0713;68.4;367.83;34.6475;11.874;148736;733.0;8.74;0.1735;0.03851;0.04594;0.1187;56.25;0.117;16709.5;400.1;2133.2;21.22;17.82;328.61;327.79;327.03;327.78;324.36;1.067;2.67;3.74;300;16.82;0
85;6;10.778;0.0713;68.4;367.87;34.6475;11.875;148729;733.0;8.74;0.1735;0.04594;0.05337;0.1367;56.25;0.122;16529.6;400.0;2134.5;21.23;17.83;328.63;327.80;327.04;327.79;324.37;1.079;2.67;3.75;297;16.68;0
85;7;10.778;0.2139;76.9;367.82;34.6475;11.874;148739;733.0;8.74;0.1735;0.05337;0.06172;0.1455;50.03;0.114;16788.0;400.2;2132.8;21.21;17.82;328.61;327.78;327.02;327.77;324.35;1.061;2.67;3.73;295;16.54;0
85;8;10.778;0.3565;91.9;367.72;34.6475;11.872;148759;732.9;8.74;0.1735;0.06172;0.07168;0.1491;41.90;0.100;17235.7;400.4;2129.2;21.18;17.79;328.57;327.75;326.99;327.74;324.32;1.032;2.67;3.70;292;16.39;0
85;9;10.778;0.4991;82.0;367.85;34.6475;11.874;148734;733.0;8.74;0.1735;0.07168;0.08059;0.1776;46.93;0.118;16666.1;400.1;2133.7;21.22;17.83;328.62;327.79;327.03;327.78;324.36;1.070;2.67;3.74;289;16.20;0
85;10;10.778;0.6417;66.6;368.01;34.6475;11.878;148702;733.1;8.75;0.1735;0.08059;0.08783;0.2144;57.83;0.152;15730.5;399.6;2138.6;21.27;17.87;328.69;327.87;327.11;327.85;324.43;1.136;2.68;3.82;287;16.04;0
85;11;10.778;0.7843;38.2;368.15;34.6475;11.880;148673;733.1;8.75;0.1735;0.08783;0.09199;0.2830;100.63;0.271;13552.2;397.9;2136.7;21.25;17.85;328.87;328.04;327.29;328.03;324.61;1.317;2.68;3.99;285;15.98;0
86;0;11.238;-0.7843;38.2;363.58;34.6451;11.794;149588;729.1;8.66;0.1739;0.00000;0.00417;0.0086;89.95;0.139;14285.6;397.1;1915.1;19.05;16.00;328.23;327.49;326.81;327.48;324.41;1.120;2.40;3.52;313;19.55;0
86;1;11.238;-0.6417;66.6;363.24;34.6451;11.787;149655;728.9;8.65;0.1739;0.00417;0.01139;0.0230;51.69;0.084;16160.0;398.4;1905.0;18.95;15.92;328.08;327.34;326.66;327.33;324.28;0.985;2.39;3.37;311;19.51;0
86;2;11.238;-0.4991;82.0;363.08;34.6452;11.784;149688;728.8;8.65;0.1739;0.01139;0.02026;0.0400;41.95;0.072;16752.3;398.7;1898.7;18.89;15.86;328.03;327.29;326.62;327.28;324.24;0.947;2.38;3.33;308;19.40;0
86;3;11.238;-0.3565;91.9;362.99;34.6452;11.782;149707;728.7;8.65;0.1739;0.02026;0.03017;0.0578;37.45;0.069;17047.8;398.8;1894.9;18.85;15.83;328.00;327.27;326.59;327.26;324.22;0.929;2.37;3.30;305;19.24;0
86;4;11.238;-0.2139;76.9;363.15;34.6452;11.786;149673;728.9;8.65;0.1739;0.03017;0.03850;0.0863;44.72;0.088;16508.5;398.5;1901.7;18.92;15.89;328.05;327.31;326.64;327.30;324.25;0.962;2.38;3.35;302;19.01;0
86;5;11.238;-0.0713;68.4;363.29;34.6451;11.788;149646;728.9;8.65;0.1739;0.03850;0.04593;0.1114;50.28;0.104;15996.3;398.3;1906.8;18.97;15.93;328.09;327.35;326.68;327.34;324.29;0.996;2.39;3.39;300;18.81;0
86;6;11.238;0.0713;68.4;363.33;34.6451;11.789;149639;729.0;8.65;0.1739;0.04593;0.05337;0.1285;50.28;0.109;15846.1;398.2;1908.1;18.98;15.94;328.10;327.37;326.69;327.35;324.30;1.006;2.39;3.40;297;18.65;0
86;7;11.238;0.2139;76.9;363.28;34.6451;11.788;149648;728.9;8.65;0.1739;0.05337;0.06172;0.1365;44.72;0.102;16068.0;398.3;1906.4;18.96;15.93;328.09;327.35;326.67;327.34;324.28;0.991;2.39;3.38;295;18.51;0
86;8;11.238;0.3565;91.9;363.18;34.6452;11.786;149667;728.9;8.65;0.1739;0.06172;0.07167;0.1394;37.45;0.090;16447.1;398.5;1903.0;18.93;15.90;328.05;327.32;326.64;327.31;324.26;0.967;2.38;3.35;292;18.34;0
86;9;11.238;0.4991;82.0;363.30;34.6451;11.788;149643;729.0;8.65;0.1739;0.07167;0.08058;0.1667;41.95;0.106;15970.5;398.3;1907.3;18.97;15.94;328.09;327.36;326.68;327.35;324.29;0.998;2.39;3.39;289;18.12;0
86;10;11.238;0.6417;66.6;363.45;34.6451;11.791;149613;729.0;8.66;0.1739;0.08058;0.08783;0.2027;51.69;0.135;15167.7;397.8;1912.2;19.02;15.98;328.16;327.42;326.74;327.41;324.34;1.053;2.40;3.45;287;17.94;0
86;11;11.238;0.7843;38.2;363.60;34.6452;11.794;149583;729.1;8.66;0.1739;0.08783;0.09199;0.2719;89.95;0.243;13204.2;396.2;1911.8;19.02;15.97;328.32;327.57;326.90;327.56;324.50;1.210;2.40;3.61;285;17.86;0
87;0;11.716;-0.7843;38.2;359.33;34.6427;11.713;150450;725.3;8.58;0.1742;0.00000;0.00417;0.0081;80.08;0.124;13778.8;395.4;1705.7;16.97;14.25;327.73;327.07;326.46;327.06;324.33;1.034;2.14;3.17;313;21.95;0
87;1;11.716;-0.6417;66.6;359.02;34.6427;11.707;150513;725.2;8.57;0.1742;0.00417;0.01139;0.0214;46.02;0.075;15370.9;396.5;1695.7;16.87;14.17;327.60;326.94;326.34;326.93;324.21;0.922;2.13;3.05;311;21.92;0
87;2;11.716;-0.4991;82.0;358.87;34.6427;11.705;150544;725.1;8.56;0.1742;0.01139;0.02026;0.0370;37.35;0.064;15853.7;396.8;1689.8;16.81;14.12;327.55;326.90;326.30;326.89;324.18;0.890;2.12;3.01;308;21.80;0
87;3;11.716;-0.3565;91.9;358.78;34.6428;11.703;150561;725.0;8.56;0.1742;0.02026;0.03017;0.0533;33.34;0.062;16090.5;396.9;1686.3;16.77;14.09;327.53;326.88;326.28;326.87;324.17;0.876;2.11;2.99;305;21.63;0
87;4;11.716;-0.2139;76.9;358.94;34.6427;11.706;150530;725.1;8.57;0.1742;0.03017;0.03850;0.0801;39.81;0.078;15658.9;396.7;1692.6;16.84;14.14;327.57;326.92;326.31;326.91;324.19;0.903;2.12;3.02;302;21.36;0
87;5;11.716;-0.0713;68.4;359.06;34.6427;11.708;150505;725.2;8.57;0.1742;0.03850;0.04593;0.1040;44.76;0.093;15241.9;396.4;1697.4;16.88;14.18;327.61;326.95;326.35;326.94;324.22;0.930;2.13;3.06;300;21.13;0
87;6;11.716;0.0713;68.4;359.09;34.6427;11.709;150498;725.2;8.57;0.1742;0.04593;0.05336;0.1201;44.76;0.097;15120.1;396.4;1698.6;16.90;14.19;327.62;326.96;326.36;326.95;324.23;0.939;2.13;3.07;297;20.95;0
87;7;11.716;0.2139;76.9;359.05;34.6427;11.708;150507;725.2;8.57;0.1742;0.05336;0.06171;0.1273;39.81;0.090;15307.2;396.5;1697.0;16.88;14.18;327.60;326.95;326.34;326.94;324.22;0.926;2.13;3.05;295;20.79;0
87;8;11.716;0.3565;91.9;358.96;34.6427;11.706;150525;725.1;8.57;0.1742;0.06171;0.07167;0.1295;33.34;0.080;15621.9;396.7;1693.8;16.85;14.15;327.58;326.92;326.32;326.91;324.20;0.906;2.12;3.03;292;20.61;0
87;9;11.716;0.4991;82.0;359.07;34.6427;11.708;150502;725.2;8.57;0.1742;0.07167;0.08057;0.1557;37.35;0.094;15232.8;396.4;1697.9;16.89;14.19;327.61;326.95;326.35;326.94;324.22;0.931;2.13;3.06;289;20.36;0
87;10;11.716;0.6417;66.6;359.21;34.6427;11.711;150474;725.3;8.57;0.1742;0.08057;0.08782;0.1907;46.02;0.121;14559.1;396.0;1702.7;16.94;14.23;327.67;327.01;326.40;327.00;324.27;0.977;2.13;3.11;287;20.14;0
87;11;11.716;0.7843;38.2;359.36;34.6427;11.714;150443;725.3;8.58;0.1742;0.08782;0.09199;0.2600;80.08;0.216;12823.4;394.6;1703.5;16.94;14.23;327.80;327.14;326.54;327.13;324.40;1.110;2.13;3.24;285;20.04;0
88;0;12.214;-0.7843;38.2;355.39;34.6402;11.639;151260;721.8;8.50;0.1745;0.00000;0.00418;0.0076;70.97;0.110;13226.9;393.7;1512.7;15.05;12.64;327.26;326.68;326.14;326.67;324.25;0.955;1.90;2.85;313;24.75;0
88;1;12.214;-0.6417;66.6;355.10;34.6402;11.633;151320;721.6;8.49;0.1745;0.00418;0.01140;0.0197;40.79;0.066;14548.6;394.7;1502.9;14.95;12.56;327.15;326.57;326.04;326.56;324.15;0.863;1.88;2.75;311;24.73;0
88;2;12.214;-0.4991;82.0;354.97;34.6402;11.631;151348;721.6;8.49;0.1745;0.01140;0.02026;0.0340;33.10;0.057;14931.8;394.9;1497.4;14.89;12.51;327.12;326.54;326.01;326.53;324.13;0.838;1.88;2.71;308;24.60;0
88;3;12.214;-0.3565;91.9;354.89;34.6402;11.629;151364;721.5;8.49;0.1745;0.02026;0.03016;0.0489;29.55;0.055;15116.1;395.1;1494.1;14.86;12.48;327.10;326.52;325.99;326.51;324.12;0.826;1.87;2.70;305;24.41;0
88;4;12.214;-0.2139;76.9;355.03;34.6402;11.632;151335;721.6;8.49;0.1745;0.03016;0.03849;0.0740;35.29;0.069;14781.2;394.9;1499.9;14.92;12.53;327.13;326.55;326.02;326.54;324.14;0.848;1.88;2.73;302;24.10;0
88;5;12.214;-0.0713;68.4;355.14;34.6402;11.634;151312;721.7;8.49;0.1745;0.03849;0.04592;0.0965;39.67;0.082;14451.5;394.6;1504.4;14.96;12.57;327.16;326.58;326.05;326.57;324.16;0.870;1.89;2.76;300;23.84;0
88;6;12.214;0.0713;68.4;355.17;34.6402;11.635;151305;721.7;8.49;0.1745;0.04592;0.05336;0.1116;39.67;0.086;14356.1;394.6;1505.6;14.98;12.58;327.17;326.59;326.05;326.58;324.17;0.876;1.89;2.76;297;23.64;0
88;7;12.214;0.2139;76.9;355.13;34.6402;11.634;151314;721.7;8.49;0.1745;0.05336;0.06171;0.1181;35.29;0.080;14510.7;394.7;1504.1;14.96;12.57;327.16;326.58;326.04;326.57;324.16;0.866;1.88;2.75;295;23.46;0
88;8;12.214;0.3565;91.9;355.05;34.6402;11.632;151330;721.6;8.49;0.1745;0.06171;0.07166;0.1197;29.55;0.071;14765.9;394.9;1501.1;14.93;12.54;327.13;326.55;326.02;326.55;324.14;0.849;1.88;2.73;292;23.25;0
88;9;12.214;0.4991;82.0;355.15;34.6402;11.634;151310;721.7;8.49;0.1745;0.07166;0.08057;0.1445;33.10;0.083;14457.8;394.6;1505.0;14.97;12.57;327.16;326.58;326.05;326.57;324.16;0.870;1.89;2.76;289;22.97;0
88;10;12.214;0.6417;66.6;355.28;34.6402;11.637;151283;721.8;8.49;0.1745;0.08057;0.08782;0.1783;40.79;0.107;13907.1;394.3;1509.6;15.02;12.61;327.21;326.63;326.09;326.62;324.20;0.907;1.89;2.80;287;22.72;0
88;11;12.214;0.7843;38.2;355.43;34.6402;11.640;151252;721.8;8.50;0.1745;0.08782;0.09199;0.2474;70.97;0.191;12406.7;392.9;1511.3;15.03;12.63;327.32;326.74;326.20;326.73;324.31;1.018;1.89;2.91;285;22.59;0
89;0;12.733;-0.7843;38.2;351.75;34.6376;11.570;152017;718.6;8.43;0.1747;0.00000;0.00418;0.0071;62.62;0.097;12631.7;392.0;1335.4;13.28;11.16;326.84;326.32;325.85;326.31;324.17;0.883;1.67;2.56;313;28.04;0
89;1;12.733;-0.6417;66.6;351.49;34.6376;11.565;152073;718.4;8.42;0.1748;0.00418;0.01140;0.0181;35.99;0.058;13699.8;392.9;1325.9;13.19;11.08;326.74;326.23;325.76;326.22;324.10;0.809;1.66;2.47;311;28.03;0
89;2;12.733;-0.4991;82.0;351.36;34.6376;11.563;152099;718.3;8.42;0.1748;0.01140;0.02026;0.0310;29.21;0.050;13994.2;393.1;1320.9;13.14;11.04;326.71;326.20;325.73;326.20;324.08;0.789;1.66;2.44;308;27.89;0
89;3;12.733;-0.3565;91.9;351.29;34.6376;11.561;152113;718.3;8.41;0.1748;0.02026;0.03016;0.0446;26.07;0.048;14132.4;393.2;1317.9;13.11;11.01;326.70;326.19;325.72;326.18;324.07;0.779;1.65;2.43;305;27.67;0
89;4;12.733;-0.2139;76.9;351.42;34.6376;11.564;152087;718.3;8.42;0.1748;0.03016;0.03849;0.0679;31.13;0.061;13882.6;393.0;1323.2;13.16;11.05;326.73;326.21;325.75;326.21;324.09;0.796;1.66;2.45;302;27.32;0
89;5;12.733;-0.0713;68.4;351.52;34.6376;11.566;152066;718.4;8.42;0.1748;0.03849;0.04592;0.0890;35.00;0.072;13631.4;392.8;1327.4;13.20;11.09;326.75;326.24;325.77;326.23;324.10;0.814;1.66;2.48;300;27.03;0
89;6;12.733;0.0713;68.4;351.55;34.6376;11.566;152060;718.4;8.42;0.1748;0.04592;0.05335;0.1030;35.00;0.076;13560.0;392.8;1328.5;13.21;11.10;326.76;326.25;325.77;326.24;324.11;0.819;1.66;2.48;297;26.79;0
89;7;12.733;0.2139;76.9;351.51;34.6376;11.566;152068;718.4;8.42;0.1748;0.05335;0.06170;0.1088;31.13;0.071;13684.8;392.9;1327.1;13.20;11.09;326.75;326.23;325.76;326.23;324.10;0.810;1.66;2.47;295;26.59;0
89;8;12.733;0.3565;91.9;351.44;34.6376;11.564;152083;718.4;8.42;0.1748;0.06170;0.07166;0.1099;26.07;0.062;13886.3;393.0;1324.3;13.17;11.06;326.73;326.22;325.75;326.21;324.09;0.797;1.66;2.46;292;26.36;0
89;9;12.733;0.4991;82.0;351.53;34.6376;11.566;152064;718.4;8.42;0.1748;0.07166;0.08056;0.1333;29.21;0.073;13651.3;392.9;1327.9;13.21;11.09;326.75;326.24;325.77;326.23;324.10;0.813;1.66;2.48;289;26.03;0
89;10;12.733;0.6417;66.6;351.65;34.6376;11.568;152039;718.5;8.42;0.1748;0.08056;0.08782;0.1656;35.99;0.094;13215.3;392.5;1332.3;13.25;11.13;326.79;326.28;325.80;326.27;324.13;0.842;1.67;2.51;287;25.74;0
89;11;12.733;0.7843;38.2;351.79;34.6376;11.571;152009;718.6;8.43;0.1747;0.08782;0.09199;0.2341;62.62;0.169;11951.9;391.3;1334.8;13.28;11.15;326.89;326.37;325.90;326.36;324.22;0.933;1.67;2.61;285;25.58;0
