componente;i;j;classe;z_m;y_m;T_met_int_C;T_met_est_C;T_met_media_C;dT_spessore_K;p_int_bar;p_est_bar;sZ_membr_MPa;sZ_termico_MPa;sZ_pressione_MPa;punto;r_mm;sigma_R_MPa;sigma_theta_MPa;sigma_Z_MPa;sigma_VM_MPa;sigma_Tresca_MPa;Sy_MPa;utilizzo_pc
TUBI;0;0;0;0.007;-0.7843;343.60;337.45;340.35;6.16;34.740;117.840;6.812;-35.966;42.779;interna;16.00;-3.474;-71.368;-4.662;67.308;67.894;210.9;31.91
TUBI;0;0;0;0.007;-0.7843;343.60;337.45;340.35;6.16;34.740;117.840;6.812;-35.966;42.779;media;17.52;-8.640;-54.885;6.655;55.497;61.541;210.9;26.31
TUBI;0;0;0;0.007;-0.7843;343.60;337.45;340.35;6.16;34.740;117.840;6.812;-35.966;42.779;esterna;19.05;-11.784;-41.369;17.028;50.574;58.396;210.9;23.98
TUBI;1;0;0;0.022;-0.7843;343.58;337.43;340.33;6.15;34.725;117.840;6.812;-35.966;42.779;interna;16.00;-3.472;-71.365;-4.650;67.312;67.893;210.9;31.91
TUBI;1;0;0;0.022;-0.7843;343.58;337.43;340.33;6.15;34.725;117.840;6.812;-35.966;42.779;media;17.52;-8.639;-54.893;6.656;55.505;61.549;210.9;26.31
TUBI;1;0;0;0.022;-0.7843;343.58;337.43;340.33;6.15;34.725;117.840;6.812;-35.966;42.779;esterna;19.05;-11.784;-41.386;17.018;50.581;58.404;210.9;23.98
TUBI;2;0;0;0.037;-0.7843;343.56;337.42;340.31;6.14;34.725;117.840;6.812;-35.966;42.779;interna;16.00;-3.472;-71.354;-4.639;67.306;67.882;210.9;31.91
TUBI;2;0;0;0.037;-0.7843;343.56;337.42;340.31;6.14;34.725;117.840;6.812;-35.966;42.779;media;17.52;-8.638;-54.894;6.656;55.506;61.550;210.9;26.31
TUBI;2;0;0;0.037;-0.7843;343.56;337.42;340.31;6.14;34.725;117.840;6.812;-35.966;42.779;esterna;19.05;-11.784;-41.397;17.007;50.581;58.404;210.9;23.98
TUBI;3;0;0;0.053;-0.7843;343.54;337.40;340.29;6.14;34.724;117.840;6.812;-35.966;42.779;interna;16.00;-3.472;-71.342;-4.626;67.300;67.870;210.9;31.90
TUBI;3;0;0;0.053;-0.7843;343.54;337.40;340.29;6.14;34.724;117.840;6.812;-35.966;42.779;media;17.52;-8.638;-54.895;6.656;55.507;61.550;210.9;26.31
TUBI;3;0;0;0.053;-0.7843;343.54;337.40;340.29;6.14;34.724;117.840;6.812;-35.966;42.779;esterna;19.05;-11.784;-41.408;16.996;50.581;58.404;210.9;23.98
TUBI;4;0;0;0.070;-0.7843;343.39;337.30;340.17;6.09;34.724;117.840;6.812;-35.966;42.779;interna;16.00;-3.472;-71.254;-4.538;67.255;67.782;211.0;31.88
TUBI;4;0;0;0.070;-0.7843;343.39;337.30;340.17;6.09;34.724;117.840;6.812;-35.966;42.779;media;17.52;-8.634;-54.897;6.657;55.511;61.554;211.0;26.31
TUBI;4;0;0;0.070;-0.7843;343.39;337.30;340.17;6.09;34.724;117.840;6.812;-35.966;42.779;esterna;19.05;-11.784;-41.487;16.918;50.582;58.404;211.0;23.98
TUBI;5;0;0;0.087;-0.7843;343.26;337.21;340.06;6.05;34.723;117.840;6.812;-35.966;42.779;interna;16.00;-3.472;-71.180;-4.464;67.217;67.708;211.0;31.86
TUBI;5;0;0;0.087;-0.7843;343.26;337.21;340.06;6.05;34.723;117.840;6.812;-35.966;42.779;media;17.52;-8.631;-54.899;6.658;55.515;61.558;211.0;26.31
TUBI;5;0;0;0.087;-0.7843;343.26;337.21;340.06;6.05;34.723;117.840;6.812;-35.966;42.779;esterna;19.05;-11.784;-41.553;16.851;50.583;58.404;211.0;23.97
TUBI;6;0;0;0.105;-0.7843;343.15;337.14;339.97;6.02;34.723;117.840;6.812;-35.966;42.779;interna;16.00;-3.472;-71.119;-4.403;67.186;67.647;211.0;31.84
TUBI;6;0;0;0.105;-0.7843;343.15;337.14;339.97;6.02;34.723;117.840;6.812;-35.966;42.779;media;17.52;-8.628;-54.901;6.659;55.518;61.560;211.0;26.31
TUBI;6;0;0;0.105;-0.7843;343.15;337.14;339.97;6.02;34.723;117.840;6.812;-35.966;42.779;esterna;19.05;-11.784;-41.608;16.797;50.584;58.405;211.0;23.97
TUBI;7;0;0;0.124;-0.7843;343.06;337.07;339.89;5.99;34.722;117.840;6.812;-35.966;42.779;interna;16.00;-3.472;-71.066;-4.349;67.159;67.593;211.0;31.83
TUBI;7;0;0;0.124;-0.7843;343.06;337.07;339.89;5.99;34.722;117.840;6.812;-35.966;42.779;media;17.52;-8.626;-54.903;6.660;55.521;61.563;211.0;26.31
TUBI;7;0;0;0.124;-0.7843;343.06;337.07;339.89;5.99;34.722;117.840;6.812;-35.966;42.779;esterna;19.05;-11.784;-41.656;16.749;50.585;58.405;211.0;23.97
TUBI;8;0;0;0.144;-0.7843;342.98;337.01;339.82;5.96;34.722;117.840;6.812;-35.966;42.779;interna;16.00;-3.472;-71.018;-4.301;67.135;67.546;211.0;31.81
TUBI;8;0;0;0.144;-0.7843;342.98;337.01;339.82;5.96;34.722;117.840;6.812;-35.966;42.779;media;17.52;-8.624;-54.905;6.660;55.524;61.565;211.0;26.31
TUBI;8;0;0;0.144;-0.7843;342.98;337.01;339.82;5.96;34.722;117.840;6.812;-35.966;42.779;esterna;19.05;-11.784;-41.699;16.707;50.585;58.405;211.0;23.97
TUBI;9;0;0;0.164;-0.7843;342.90;336.96;339.76;5.94;34.721;117.840;6.812;-35.966;42.779;interna;16.00;-3.472;-70.975;-4.257;67.113;67.502;211.0;31.80
TUBI;9;0;0;0.164;-0.7843;342.90;336.96;339.76;5.94;34.721;117.840;6.812;-35.966;42.779;media;17.52;-8.622;-54.906;6.661;55.526;61.567;211.0;26.31
TUBI;9;0;0;0.164;-0.7843;342.90;336.96;339.76;5.94;34.721;117.840;6.812;-35.966;42.779;esterna;19.05;-11.784;-41.738;16.668;50.586;58.405;211.0;23.97
TUBI;10;0;0;0.185;-0.7843;342.83;336.91;339.70;5.92;34.721;117.840;6.812;-35.966;42.779;interna;16.00;-3.472;-70.934;-4.217;67.093;67.462;211.1;31.79
TUBI;10;0;0;0.185;-0.7843;342.83;336.91;339.70;5.92;34.721;117.840;6.812;-35.966;42.779;media;17.52;-8.621;-54.907;6.661;55.528;61.569;211.1;26.31
TUBI;10;0;0;0.185;-0.7843;342.83;336.91;339.70;5.92;34.721;117.840;6.812;-35.966;42.779;esterna;19.05;-11.784;-41.774;16.631;50.587;58.406;211.1;23.97
TUBI;11;0;0;0.207;-0.7843;429.90;393.73;410.76;36.17;34.717;117.840;6.812;-35.966;42.779;interna;16.00;-3.472;-127.320;-60.600;107.363;123.848;196.8;54.54
TUBI;11;0;0;0.207;-0.7843;429.90;393.73;410.76;36.17;34.717;117.840;6.812;-35.966;42.779;media;17.52;-10.929;-53.372;5.890;52.898;59.262;196.8;26.87
TUBI;11;0;0;0.207;-0.7843;429.90;393.73;410.76;36.17;34.717;117.840;6.812;-35.966;42.779;esterna;19.05;-11.784;8.422;66.829;70.709;78.613;196.8;35.92
TUBI;12;0;0;0.230;-0.7843;428.16;392.63;409.36;35.53;34.717;117.840;6.812;-35.966;42.779;interna;16.00;-3.472;-126.121;-59.401;106.354;122.649;197.1;53.95
TUBI;12;0;0;0.230;-0.7843;428.16;392.63;409.36;35.53;34.717;117.840;6.812;-35.966;42.779;media;17.52;-10.880;-53.405;5.906;52.953;59.312;197.1;26.86
TUBI;12;0;0;0.230;-0.7843;428.16;392.63;409.36;35.53;34.717;117.840;6.812;-35.966;42.779;esterna;19.05;-11.784;7.354;65.761;69.968;77.545;197.1;35.49
TUBI;13;0;0;0.254;-0.7843;426.50;391.58;408.03;34.92;34.717;117.840;6.812;-35.966;42.779;interna;16.00;-3.472;-124.982;-58.262;105.400;121.510;197.4;53.40
TUBI;13;0;0;0.254;-0.7843;426.50;391.58;408.03;34.92;34.717;117.840;6.812;-35.966;42.779;media;17.52;-10.833;-53.436;5.922;53.006;59.358;197.4;26.85
TUBI;13;0;0;0.254;-0.7843;426.50;391.58;408.03;34.92;34.717;117.840;6.812;-35.966;42.779;esterna;19.05;-11.784;6.340;64.747;69.271;76.531;197.4;35.09
TUBI;14;0;0;0.279;-0.7843;424.91;390.58;406.75;34.33;34.717;117.840;6.812;-35.966;42.779;interna;16.00;-3.472;-123.890;-57.170;104.489;120.419;197.7;52.87
TUBI;14;0;0;0.279;-0.7843;424.91;390.58;406.75;34.33;34.717;117.840;6.812;-35.966;42.779;media;17.52;-10.788;-53.466;5.937;53.056;59.403;197.7;26.84
TUBI;14;0;0;0.279;-0.7843;424.91;390.58;406.75;34.33;34.717;117.840;6.812;-35.966;42.779;esterna;19.05;-11.784;5.368;63.775;68.611;75.559;197.7;34.71
TUBI;15;0;0;0.305;-0.7843;423.38;389.61;405.51;33.77;34.716;117.840;6.812;-35.966;42.779;interna;16.00;-3.472;-122.848;-56.128;103.622;119.377;197.9;52.36
TUBI;15;0;0;0.305;-0.7843;423.38;389.61;405.51;33.77;34.716;117.840;6.812;-35.966;42.779;media;17.52;-10.746;-53.495;5.951;53.104;59.446;197.9;26.83
TUBI;15;0;0;0.305;-0.7843;423.38;389.61;405.51;33.77;34.716;117.840;6.812;-35.966;42.779;esterna;19.05;-11.784;4.440;62.847;67.987;74.631;197.9;34.35
TUBI;16;0;0;0.332;-0.7843;421.89;388.67;404.32;33.23;34.716;117.840;6.812;-35.966;42.779;interna;16.00;-3.472;-121.836;-55.116;102.784;118.365;198.1;51.88
TUBI;16;0;0;0.332;-0.7843;421.89;388.67;404.32;33.23;34.716;117.840;6.812;-35.966;42.779;media;17.52;-10.704;-53.522;5.965;53.151;59.488;198.1;26.83
TUBI;16;0;0;0.332;-0.7843;421.89;388.67;404.32;33.23;34.716;117.840;6.812;-35.966;42.779;esterna;19.05;-11.784;3.539;61.947;67.389;73.731;198.1;34.01
TUBI;17;0;0;0.360;-0.7843;420.44;387.74;403.14;32.69;34.716;117.840;6.812;-35.966;42.779;interna;16.00;-3.472;-120.838;-54.117;101.959;117.366;198.4;51.40
TUBI;17;0;0;0.360;-0.7843;420.44;387.74;403.14;32.69;34.716;117.840;6.812;-35.966;42.779;media;17.52;-10.663;-53.550;5.979;53.197;59.529;198.4;26.82
TUBI;17;0;0;0.360;-0.7843;420.44;387.74;403.14;32.69;34.716;117.840;6.812;-35.966;42.779;esterna;19.05;-11.784;2.649;61.057;66.804;72.841;198.4;33.68
TUBI;18;0;0;0.390;-0.7843;419.01;386.84;401.99;32.17;34.716;117.840;6.812;-35.966;42.779;interna;16.00;-3.472;-119.869;-53.149;101.163;116.398;198.6;50.94
TUBI;18;0;0;0.390;-0.7843;419.01;386.84;401.99;32.17;34.716;117.840;6.812;-35.966;42.779;media;17.52;-10.624;-53.576;5.992;53.242;59.568;198.6;26.81
TUBI;18;0;0;0.390;-0.7843;419.01;386.84;401.99;32.17;34.716;117.840;6.812;-35.966;42.779;esterna;19.05;-11.784;1.787;60.195;66.244;71.979;198.6;33.36
TUBI;19;0;0;0.420;-0.7843;417.61;385.94;400.86;31.66;34.715;117.840;6.812;-35.966;42.779;interna;16.00;-3.472;-118.915;-52.195;100.381;115.444;198.8;50.49
TUBI;19;0;0;0.420;-0.7843;417.61;385.94;400.86;31.66;34.715;117.840;6.812;-35.966;42.779;media;17.52;-10.585;-53.603;6.005;53.286;59.608;198.8;26.80
TUBI;19;0;0;0.420;-0.7843;417.61;385.94;400.86;31.66;34.715;117.840;6.812;-35.966;42.779;esterna;19.05;-11.784;0.937;59.345;65.699;71.129;198.8;33.04
TUBI;20;0;0;0.452;-0.7843;416.21;385.06;399.73;31.15;34.715;117.840;6.812;-35.966;42.779;interna;16.00;-3.471;-117.962;-51.241;99.604;114.491;199.1;50.04
TUBI;20;0;0;0.452;-0.7843;416.21;385.06;399.73;31.15;34.715;117.840;6.812;-35.966;42.779;media;17.52;-10.546;-53.629;6.018;53.330;59.647;199.1;26.79
TUBI;20;0;0;0.452;-0.7843;416.21;385.06;399.73;31.15;34.715;117.840;6.812;-35.966;42.779;esterna;19.05;-11.784;0.088;58.497;65.161;70.281;199.1;32.74
TUBI;21;0;0;0.485;-0.7843;414.83;384.18;398.62;30.65;34.715;117.840;6.812;-35.966;42.779;interna;16.00;-3.471;-117.028;-50.307;98.844;113.557;199.3;49.60
TUBI;21;0;0;0.485;-0.7843;414.83;384.18;398.62;30.65;34.715;117.840;6.812;-35.966;42.779;media;17.52;-10.507;-53.654;6.031;53.374;59.685;199.3;26.78
TUBI;21;0;0;0.485;-0.7843;414.83;384.18;398.62;30.65;34.715;117.840;6.812;-35.966;42.779;esterna;19.05;-11.784;-0.744;57.665;64.640;69.449;199.3;32.44
TUBI;22;0;0;0.520;-0.7843;413.46;383.31;397.51;30.15;34.714;117.840;6.812;-35.966;42.779;interna;16.00;-3.471;-116.100;-49.378;98.093;112.628;199.5;49.17
TUBI;22;0;0;0.520;-0.7843;413.46;383.31;397.51;30.15;34.714;117.840;6.812;-35.966;42.779;media;17.52;-10.469;-53.680;6.044;53.417;59.723;199.5;26.78
TUBI;22;0;0;0.520;-0.7843;413.46;383.31;397.51;30.15;34.714;117.840;6.812;-35.966;42.779;esterna;19.05;-11.784;-1.571;56.838;64.128;68.622;199.5;32.14
TUBI;23;0;0;0.556;-0.7843;412.09;382.43;396.40;29.65;34.714;117.840;6.812;-35.966;42.779;interna;16.00;-3.471;-115.175;-48.453;97.347;111.703;199.7;48.74
TUBI;23;0;0;0.556;-0.7843;412.09;382.43;396.40;29.65;34.714;117.840;6.812;-35.966;42.779;media;17.52;-10.431;-53.705;6.056;53.460;59.761;199.7;26.77
TUBI;23;0;0;0.556;-0.7843;412.09;382.43;396.40;29.65;34.714;117.840;6.812;-35.966;42.779;esterna;19.05;-11.784;-2.394;56.015;63.626;67.799;199.7;31.86
TUBI;24;0;0;0.593;-0.7843;410.71;381.56;395.29;29.15;34.714;117.840;6.812;-35.966;42.779;interna;16.00;-3.471;-114.242;-47.520;96.598;110.771;199.9;48.31
TUBI;24;0;0;0.593;-0.7843;410.71;381.56;395.29;29.15;34.714;117.840;6.812;-35.966;42.779;media;17.52;-10.393;-53.731;6.069;53.503;59.800;199.9;26.76
TUBI;24;0;0;0.593;-0.7843;410.71;381.56;395.29;29.15;34.714;117.840;6.812;-35.966;42.779;esterna;19.05;-11.784;-3.225;55.184;63.125;66.968;199.9;31.57
TUBI;25;0;0;0.632;-0.7843;409.34;380.68;394.18;28.66;34.713;117.840;6.812;-35.966;42.779;interna;16.00;-3.471;-113.319;-46.597;95.860;109.848;200.2;47.89
TUBI;25;0;0;0.632;-0.7843;409.34;380.68;394.18;28.66;34.713;117.840;6.812;-35.966;42.779;media;17.52;-10.355;-53.756;6.082;53.546;59.838;200.2;26.75
TUBI;25;0;0;0.632;-0.7843;409.34;380.68;394.18;28.66;34.713;117.840;6.812;-35.966;42.779;esterna;19.05;-11.784;-4.047;54.362;62.637;66.146;200.2;31.29
TUBI;26;0;0;0.672;-0.7843;407.97;379.81;393.07;28.16;34.713;117.840;6.812;-35.966;42.779;interna;16.00;-3.471;-112.396;-45.673;95.125;108.924;200.4;47.47
TUBI;26;0;0;0.672;-0.7843;407.97;379.81;393.07;28.16;34.713;117.840;6.812;-35.966;42.779;media;17.52;-10.318;-53.782;6.094;53.589;59.876;200.4;26.74
TUBI;26;0;0;0.672;-0.7843;407.97;379.81;393.07;28.16;34.713;117.840;6.812;-35.966;42.779;esterna;19.05;-11.784;-4.870;53.540;62.156;65.324;200.4;31.02
TUBI;27;0;0;0.715;-0.7843;406.59;378.92;391.95;27.66;34.712;117.840;6.812;-35.966;42.779;interna;16.00;-3.471;-111.469;-44.747;94.391;107.998;200.6;47.05
TUBI;27;0;0;0.715;-0.7843;406.59;378.92;391.95;27.66;34.712;117.840;6.812;-35.966;42.779;media;17.52;-10.280;-53.807;6.107;53.632;59.914;200.6;26.73
TUBI;27;0;0;0.715;-0.7843;406.59;378.92;391.95;27.66;34.712;117.840;6.812;-35.966;42.779;esterna;19.05;-11.784;-5.695;52.715;61.680;64.499;200.6;30.75
TUBI;28;0;0;0.759;-0.7843;405.20;378.03;390.83;27.16;34.712;117.840;6.812;-35.966;42.779;interna;16.00;-3.471;-110.531;-43.808;93.650;107.060;200.8;46.63
TUBI;28;0;0;0.759;-0.7843;405.20;378.03;390.83;27.16;34.712;117.840;6.812;-35.966;42.779;media;17.52;-10.241;-53.833;6.120;53.676;59.953;200.8;26.73
TUBI;28;0;0;0.759;-0.7843;405.20;378.03;390.83;27.16;34.712;117.840;6.812;-35.966;42.779;esterna;19.05;-11.784;-6.531;51.879;61.206;63.663;200.8;30.48
TUBI;29;0;0;0.804;-0.7843;403.80;377.14;389.70;26.66;34.712;117.840;6.812;-35.966;42.779;interna;16.00;-3.471;-109.598;-42.875;92.918;106.126;201.1;46.21
TUBI;29;0;0;0.804;-0.7843;403.80;377.14;389.70;26.66;34.712;117.840;6.812;-35.966;42.779;media;17.52;-10.203;-53.859;6.133;53.720;59.991;201.1;26.72
TUBI;29;0;0;0.804;-0.7843;403.80;377.14;389.70;26.66;34.712;117.840;6.812;-35.966;42.779;esterna;19.05;-11.784;-7.362;51.048;60.742;62.832;201.1;30.21
TUBI;30;0;0;0.852;-0.7843;402.39;376.24;388.56;26.16;34.711;117.840;6.812;-35.966;42.779;interna;16.00;-3.471;-108.659;-41.936;92.185;105.188;201.3;45.80
TUBI;30;0;0;0.852;-0.7843;402.39;376.24;388.56;26.16;34.711;117.840;6.812;-35.966;42.779;media;17.52;-10.165;-53.884;6.145;53.763;60.030;201.3;26.71
TUBI;30;0;0;0.852;-0.7843;402.39;376.24;388.56;26.16;34.711;117.840;6.812;-35.966;42.779;esterna;19.05;-11.784;-8.198;50.213;60.283;61.997;201.3;29.95
TUBI;31;0;0;0.902;-0.7843;400.97;375.33;387.41;25.65;34.711;117.840;6.812;-35.966;42.779;interna;16.00;-3.471;-107.707;-40.984;91.445;104.236;201.5;45.38
TUBI;31;0;0;0.902;-0.7843;400.97;375.33;387.41;25.65;34.711;117.840;6.812;-35.966;42.779;media;17.52;-10.126;-53.911;6.158;53.808;60.069;201.5;26.70
TUBI;31;0;0;0.902;-0.7843;400.97;375.33;387.41;25.65;34.711;117.840;6.812;-35.966;42.779;esterna;19.05;-11.784;-9.046;49.365;59.827;61.149;201.5;29.69
TUBI;32;0;0;0.953;-0.7843;399.55;374.41;386.25;25.14;34.710;117.840;6.812;-35.966;42.779;interna;16.00;-3.471;-106.758;-40.034;90.712;103.287;201.8;44.96
TUBI;32;0;0;0.953;-0.7843;399.55;374.41;386.25;25.14;34.710;117.840;6.812;-35.966;42.779;media;17.52;-10.087;-53.937;6.171;53.852;60.108;201.8;26.69
TUBI;32;0;0;0.953;-0.7843;399.55;374.41;386.25;25.14;34.710;117.840;6.812;-35.966;42.779;esterna;19.05;-11.784;-9.891;48.519;59.380;60.303;201.8;29.43
TUBI;33;0;0;1.007;-0.7843;398.11;373.48;385.08;24.62;34.710;117.840;6.812;-35.966;42.779;interna;16.00;-3.471;-105.803;-39.079;89.977;102.332;202.0;44.55
TUBI;33;0;0;1.007;-0.7843;398.11;373.48;385.08;24.62;34.710;117.840;6.812;-35.966;42.779;media;17.52;-10.047;-53.963;6.184;53.897;60.147;202.0;26.68
TUBI;33;0;0;1.007;-0.7843;398.11;373.48;385.08;24.62;34.710;117.840;6.812;-35.966;42.779;esterna;19.05;-11.784;-10.742;47.669;58.939;59.453;202.0;29.18
TUBI;34;0;0;1.063;-0.7843;396.65;372.55;383.90;24.10;34.709;117.840;6.812;-35.966;42.779;interna;16.00;-3.471;-104.833;-38.109;89.236;101.362;202.2;44.13
TUBI;34;0;0;1.063;-0.7843;396.65;372.55;383.90;24.10;34.709;117.840;6.812;-35.966;42.779;media;17.52;-10.008;-53.990;6.198;53.942;60.187;202.2;26.68
TUBI;34;0;0;1.063;-0.7843;396.65;372.55;383.90;24.10;34.709;117.840;6.812;-35.966;42.779;esterna;19.05;-11.784;-11.606;46.805;58.500;58.589;202.2;28.93
TUBI;35;0;0;1.122;-0.7843;395.19;371.60;382.71;23.58;34.709;117.840;6.812;-35.966;42.779;interna;16.00;-3.471;-103.866;-37.141;88.501;100.395;202.5;43.71
TUBI;35;0;0;1.122;-0.7843;395.19;371.60;382.71;23.58;34.709;117.840;6.812;-35.966;42.779;media;17.52;-9.968;-54.016;6.211;53.988;60.227;202.5;26.67
TUBI;35;0;0;1.122;-0.7843;395.19;371.60;382.71;23.58;34.709;117.840;6.812;-35.966;42.779;esterna;19.05;-11.784;-12.468;45.944;58.073;58.411;202.5;28.68
TUBI;36;0;0;1.182;-0.7843;393.71;370.65;381.51;23.06;34.708;117.840;6.812;-35.966;42.779;interna;16.00;-3.471;-102.884;-36.159;87.760;99.413;202.7;43.30
TUBI;36;0;0;1.182;-0.7843;393.71;370.65;381.51;23.06;34.708;117.840;6.812;-35.966;42.779;media;17.52;-9.928;-54.043;6.224;54.034;60.268;202.7;26.66
TUBI;36;0;0;1.182;-0.7843;393.71;370.65;381.51;23.06;34.708;117.840;6.812;-35.966;42.779;esterna;19.05;-11.784;-13.343;45.069;57.648;58.412;202.7;28.44
TUBI;37;0;0;1.246;-0.7843;392.31;369.75;380.38;22.56;34.708;117.840;6.812;-35.966;42.779;interna;16.00;-3.471;-101.966;-35.241;87.072;98.495;202.9;42.91
TUBI;37;0;0;1.246;-0.7843;392.31;369.75;380.38;22.56;34.708;117.840;6.812;-35.966;42.779;media;17.52;-9.890;-54.069;6.237;54.077;60.306;202.9;26.65
TUBI;37;0;0;1.246;-0.7843;392.31;369.75;380.38;22.56;34.708;117.840;6.812;-35.966;42.779;esterna;19.05;-11.784;-14.160;44.252;57.261;58.412;202.9;28.22
TUBI;38;0;0;1.311;-0.7843;390.81;368.78;379.16;22.03;34.707;117.840;6.812;-35.966;42.779;interna;16.00;-3.471;-100.980;-34.254;86.336;97.509;203.2;42.49
TUBI;38;0;0;1.311;-0.7843;390.81;368.78;379.16;22.03;34.707;117.840;6.812;-35.966;42.779;media;17.52;-9.850;-54.096;6.250;54.123;60.346;203.2;26.64
TUBI;38;0;0;1.311;-0.7843;390.81;368.78;379.16;22.03;34.707;117.840;6.812;-35.966;42.779;esterna;19.05;-11.784;-15.039;43.373;56.855;58.412;203.2;27.98
TUBI;39;0;0;1.380;-0.7843;389.29;367.80;377.92;21.50;34.706;117.840;6.812;-35.966;42.779;interna;16.00;-3.471;-99.980;-33.254;85.596;96.509;203.4;42.08
TUBI;39;0;0;1.380;-0.7843;389.29;367.80;377.92;21.50;34.706;117.840;6.812;-35.966;42.779;media;17.52;-9.809;-54.124;6.264;54.170;60.388;203.4;26.63
TUBI;39;0;0;1.380;-0.7843;389.29;367.80;377.92;21.50;34.706;117.840;6.812;-35.966;42.779;esterna;19.05;-11.784;-15.929;42.483;56.454;58.413;203.4;27.75
TUBI;40;0;0;1.452;-0.7843;387.77;366.81;376.68;20.96;34.706;117.840;6.812;-35.966;42.779;interna;16.00;-3.471;-98.982;-32.256;84.863;95.512;203.7;41.67
TUBI;40;0;0;1.452;-0.7843;387.77;366.81;376.68;20.96;34.706;117.840;6.812;-35.966;42.779;media;17.52;-9.768;-54.151;6.278;54.217;60.429;203.7;26.62
TUBI;40;0;0;1.452;-0.7843;387.77;366.81;376.68;20.96;34.706;117.840;6.812;-35.966;42.779;esterna;19.05;-11.784;-16.818;41.595;56.065;58.413;203.7;27.53
TUBI;41;0;0;1.526;-0.7843;386.23;365.81;375.42;20.42;34.705;117.840;6.812;-35.966;42.779;interna;16.00;-3.471;-97.973;-31.246;84.127;94.502;203.9;41.26
TUBI;41;0;0;1.526;-0.7843;386.23;365.81;375.42;20.42;34.705;117.840;6.812;-35.966;42.779;media;17.52;-9.727;-54.179;6.292;54.265;60.471;203.9;26.61
TUBI;41;0;0;1.526;-0.7843;386.23;365.81;375.42;20.42;34.705;117.840;6.812;-35.966;42.779;esterna;19.05;-11.784;-17.718;40.695;55.684;58.413;203.9;27.31
TUBI;42;0;0;1.603;-0.7843;384.68;364.80;374.16;19.88;34.704;117.840;6.812;-35.966;42.779;interna;16.00;-3.470;-96.959;-30.232;83.393;93.488;204.2;40.85
TUBI;42;0;0;1.603;-0.7843;384.68;364.80;374.16;19.88;34.704;117.840;6.812;-35.966;42.779;media;17.52;-9.685;-54.207;6.306;54.312;60.512;204.2;26.60
TUBI;42;0;0;1.603;-0.7843;384.68;364.80;374.16;19.88;34.704;117.840;6.812;-35.966;42.779;esterna;19.05;-11.784;-18.621;39.792;55.313;58.413;204.2;27.09
TUBI;43;0;0;1.684;-0.7843;383.12;363.78;372.89;19.33;34.704;117.840;6.812;-35.966;42.779;interna;16.00;-3.470;-95.947;-29.220;82.667;92.477;204.4;40.44
TUBI;43;0;0;1.684;-0.7843;383.12;363.78;372.89;19.33;34.704;117.840;6.812;-35.966;42.779;media;17.52;-9.644;-54.235;6.319;54.360;60.554;204.4;26.59
TUBI;43;0;0;1.684;-0.7843;383.12;363.78;372.89;19.33;34.704;117.840;6.812;-35.966;42.779;esterna;19.05;-11.784;-19.522;38.891;54.955;58.414;204.4;26.88
TUBI;44;0;0;1.768;-0.7843;381.54;362.76;371.61;18.79;34.703;117.840;6.812;-35.966;42.779;interna;16.00;-3.470;-94.926;-28.199;81.940;91.456;204.7;40.03
TUBI;44;0;0;1.768;-0.7843;381.54;362.76;371.61;18.79;34.703;117.840;6.812;-35.966;42.779;media;17.52;-9.602;-54.263;6.333;54.408;60.596;204.7;26.58
TUBI;44;0;0;1.768;-0.7843;381.54;362.76;371.61;18.79;34.703;117.840;6.812;-35.966;42.779;esterna;19.05;-11.784;-20.432;37.982;54.606;58.414;204.7;26.68
TUBI;45;0;0;1.855;-0.7843;379.97;361.73;370.32;18.24;34.702;117.840;6.812;-35.966;42.779;interna;16.00;-3.470;-93.909;-27.181;81.222;90.439;204.9;39.63
TUBI;45;0;0;1.855;-0.7843;379.97;361.73;370.32;18.24;34.702;117.840;6.812;-35.966;42.779;media;17.52;-9.560;-54.291;6.347;54.456;60.638;204.9;26.57
TUBI;45;0;0;1.855;-0.7843;379.97;361.73;370.32;18.24;34.702;117.840;6.812;-35.966;42.779;esterna;19.05;-11.784;-21.338;37.076;54.272;58.414;204.9;26.48
TUBI;46;0;0;1.947;-0.7843;378.38;360.69;369.02;17.69;34.702;117.840;6.812;-35.966;42.779;interna;16.00;-3.470;-92.884;-26.156;80.505;89.414;205.2;39.23
TUBI;46;0;0;1.947;-0.7843;378.38;360.69;369.02;17.69;34.702;117.840;6.812;-35.966;42.779;media;17.52;-9.518;-54.319;6.361;54.505;60.681;205.2;26.56
TUBI;46;0;0;1.947;-0.7843;378.38;360.69;369.02;17.69;34.702;117.840;6.812;-35.966;42.779;esterna;19.05;-11.784;-22.251;36.163;53.948;58.415;205.2;26.29
TUBI;47;0;0;2.041;-0.7843;376.79;359.65;367.72;17.14;34.701;117.840;6.812;-35.966;42.779;interna;16.00;-3.470;-91.859;-25.130;79.795;88.389;205.5;38.84
TUBI;47;0;0;2.041;-0.7843;376.79;359.65;367.72;17.14;34.701;117.840;6.812;-35.966;42.779;media;17.52;-9.476;-54.348;6.375;54.553;60.723;205.5;26.55
TUBI;47;0;0;2.041;-0.7843;376.79;359.65;367.72;17.14;34.701;117.840;6.812;-35.966;42.779;esterna;19.05;-11.784;-23.165;35.250;53.638;58.415;205.5;26.11
TUBI;48;0;0;2.140;-0.7843;375.19;358.60;366.41;16.59;34.700;117.840;6.812;-35.966;42.779;interna;16.00;-3.470;-90.839;-24.109;79.095;87.369;205.7;38.45
TUBI;48;0;0;2.140;-0.7843;375.19;358.60;366.41;16.59;34.700;117.840;6.812;-35.966;42.779;media;17.52;-9.434;-54.376;6.389;54.601;60.765;205.7;26.54
TUBI;48;0;0;2.140;-0.7843;375.19;358.60;366.41;16.59;34.700;117.840;6.812;-35.966;42.779;esterna;19.05;-11.784;-24.074;34.342;53.343;58.416;205.7;25.93
TUBI;49;0;0;2.243;-0.7843;373.59;357.55;365.10;16.04;34.699;117.840;6.812;-35.966;42.779;interna;16.00;-3.470;-89.815;-23.085;78.400;86.345;206.0;38.06
TUBI;49;0;0;2.243;-0.7843;373.59;357.55;365.10;16.04;34.699;117.840;6.812;-35.966;42.779;media;17.52;-9.392;-54.404;6.403;54.650;60.808;206.0;26.53
TUBI;49;0;0;2.243;-0.7843;373.59;357.55;365.10;16.04;34.699;117.840;6.812;-35.966;42.779;esterna;19.05;-11.784;-24.987;33.429;53.061;58.416;206.0;25.76
TUBI;50;0;0;2.350;-0.7843;371.99;356.49;363.79;15.49;34.698;117.840;6.812;-35.966;42.779;interna;16.00;-3.470;-88.793;-22.062;77.713;85.323;206.2;37.68
TUBI;50;0;0;2.350;-0.7843;371.99;356.49;363.79;15.49;34.698;117.840;6.812;-35.966;42.779;media;17.52;-9.350;-54.433;6.417;54.698;60.850;206.2;26.52
TUBI;50;0;0;2.350;-0.7843;371.99;356.49;363.79;15.49;34.698;117.840;6.812;-35.966;42.779;esterna;19.05;-11.784;-25.897;32.519;52.794;58.416;206.2;25.60
TUBI;51;0;0;2.461;-0.7843;370.38;355.44;362.48;14.95;34.697;117.840;6.812;-35.966;42.779;interna;16.00;-3.470;-87.779;-21.048;77.039;84.309;206.5;37.31
TUBI;51;0;0;2.461;-0.7843;370.38;355.44;362.48;14.95;34.697;117.840;6.812;-35.966;42.779;media;17.52;-9.309;-54.461;6.431;54.746;60.892;206.5;26.51
TUBI;51;0;0;2.461;-0.7843;370.38;355.44;362.48;14.95;34.697;117.840;6.812;-35.966;42.779;esterna;19.05;-11.784;-26.801;31.616;52.543;58.417;206.5;25.44
TUBI;52;0;0;2.578;-0.7843;368.78;354.38;361.16;14.40;34.697;117.840;6.812;-35.966;42.779;interna;16.00;-3.470;-86.765;-20.033;76.373;83.295;206.8;36.94
TUBI;52;0;0;2.578;-0.7843;368.78;354.38;361.16;14.40;34.697;117.840;6.812;-35.966;42.779;media;17.52;-9.267;-54.489;6.445;54.794;60.934;206.8;26.50
TUBI;52;0;0;2.578;-0.7843;368.78;354.38;361.16;14.40;34.697;117.840;6.812;-35.966;42.779;esterna;19.05;-11.784;-27.705;30.713;52.307;58.417;206.8;25.30
TUBI;53;0;0;2.698;-0.7843;367.18;353.32;359.85;13.87;34.696;117.840;6.812;-35.966;42.779;interna;16.00;-3.470;-85.761;-19.029;75.720;82.291;207.0;36.57
TUBI;53;0;0;2.698;-0.7843;367.18;353.32;359.85;13.87;34.696;117.840;6.812;-35.966;42.779;media;17.52;-9.226;-54.517;6.459;54.842;60.976;207.0;26.49
TUBI;53;0;0;2.698;-0.7843;367.18;353.32;359.85;13.87;34.696;117.840;6.812;-35.966;42.779;esterna;19.05;-11.784;-28.599;29.818;52.087;58.418;207.0;25.16
TUBI;54;0;0;2.824;-0.7843;365.59;352.26;358.54;13.33;34.695;117.840;6.812;-35.966;42.779;interna;16.00;-3.469;-84.759;-18.026;75.077;81.290;207.3;36.22
TUBI;54;0;0;2.824;-0.7843;365.59;352.26;358.54;13.33;34.695;117.840;6.812;-35.966;42.779;media;17.52;-9.185;-54.545;6.473;54.890;61.017;207.3;26.48
TUBI;54;0;0;2.824;-0.7843;365.59;352.26;358.54;13.33;34.695;117.840;6.812;-35.966;42.779;esterna;19.05;-11.784;-29.492;28.926;51.882;58.418;207.3;25.03
TUBI;55;0;0;2.955;-0.7843;364.00;351.21;357.23;12.79;34.694;117.840;6.812;-35.966;42.779;interna;16.00;-3.469;-83.765;-17.032;74.447;80.296;207.6;35.87
TUBI;55;0;0;2.955;-0.7843;364.00;351.21;357.23;12.79;34.694;117.840;6.812;-35.966;42.779;media;17.52;-9.144;-54.572;6.486;54.937;61.058;207.6;26.47
TUBI;55;0;0;2.955;-0.7843;364.00;351.21;357.23;12.79;34.694;117.840;6.812;-35.966;42.779;esterna;19.05;-11.784;-30.378;28.041;51.694;58.419;207.6;24.91
TUBI;56;0;0;3.092;-0.7843;362.42;350.15;355.93;12.27;34.693;117.840;6.812;-35.966;42.779;interna;16.00;-3.469;-82.785;-16.052;73.833;79.316;207.8;35.53
TUBI;56;0;0;3.092;-0.7843;362.42;350.15;355.93;12.27;34.693;117.840;6.812;-35.966;42.779;media;17.52;-9.104;-54.600;6.500;54.984;61.099;207.8;26.46
TUBI;56;0;0;3.092;-0.7843;362.42;350.15;355.93;12.27;34.693;117.840;6.812;-35.966;42.779;esterna;19.05;-11.784;-31.251;27.168;51.522;58.419;207.8;24.79
TUBI;57;0;0;3.234;-0.7843;360.85;349.11;354.64;11.75;34.692;117.840;6.812;-35.966;42.779;interna;16.00;-3.469;-81.812;-15.077;73.232;78.342;208.1;35.20
TUBI;57;0;0;3.234;-0.7843;360.85;349.11;354.64;11.75;34.692;117.840;6.812;-35.966;42.779;media;17.52;-9.064;-54.627;6.513;55.030;61.139;208.1;26.45
TUBI;57;0;0;3.234;-0.7843;360.85;349.11;354.64;11.75;34.692;117.840;6.812;-35.966;42.779;esterna;19.05;-11.784;-32.119;26.300;51.365;58.420;208.1;24.69
TUBI;58;0;0;3.382;-0.7843;359.30;348.07;353.35;11.23;34.691;117.840;6.812;-35.966;42.779;interna;16.00;-3.469;-80.850;-14.115;72.645;77.381;208.3;34.87
TUBI;58;0;0;3.382;-0.7843;359.30;348.07;353.35;11.23;34.691;117.840;6.812;-35.966;42.779;media;17.52;-9.025;-54.653;6.526;55.076;61.179;208.3;26.44
TUBI;58;0;0;3.382;-0.7843;359.30;348.07;353.35;11.23;34.691;117.840;6.812;-35.966;42.779;esterna;19.05;-11.784;-32.976;25.444;51.225;58.420;208.3;24.59
TUBI;59;0;0;3.536;-0.7843;357.75;347.03;352.08;10.72;34.690;117.840;6.812;-35.966;42.779;interna;16.00;-3.469;-79.905;-13.169;72.077;76.436;208.6;34.56
TUBI;59;0;0;3.536;-0.7843;357.75;347.03;352.08;10.72;34.690;117.840;6.812;-35.966;42.779;media;17.52;-8.986;-54.680;6.539;55.121;61.219;208.6;26.43
TUBI;59;0;0;3.536;-0.7843;357.75;347.03;352.08;10.72;34.690;117.840;6.812;-35.966;42.779;esterna;19.05;-11.784;-33.819;24.602;51.100;58.421;208.6;24.50
TUBI;60;0;0;3.697;-0.7843;356.23;346.01;350.82;10.22;34.688;117.840;6.812;-35.966;42.779;interna;16.00;-3.469;-78.970;-12.234;71.523;75.502;208.8;34.25
TUBI;60;0;0;3.697;-0.7843;356.23;346.01;350.82;10.22;34.688;117.840;6.812;-35.966;42.779;media;17.52;-8.948;-54.706;6.552;55.166;61.258;208.8;26.42
TUBI;60;0;0;3.697;-0.7843;356.23;346.01;350.82;10.22;34.688;117.840;6.812;-35.966;42.779;esterna;19.05;-11.784;-34.652;23.769;50.990;58.421;208.8;24.42
TUBI;61;0;0;3.864;-0.7843;354.72;344.99;349.58;9.73;34.687;117.840;6.812;-35.966;42.779;interna;16.00;-3.469;-78.055;-11.318;70.988;74.586;209.1;33.95
TUBI;61;0;0;3.864;-0.7843;354.72;344.99;349.58;9.73;34.687;117.840;6.812;-35.966;42.779;media;17.52;-8.910;-54.731;6.564;55.210;61.296;209.1;26.41
TUBI;61;0;0;3.864;-0.7843;354.72;344.99;349.58;9.73;34.687;117.840;6.812;-35.966;42.779;esterna;19.05;-11.784;-35.468;22.954;50.896;58.422;209.1;24.34
TUBI;62;0;0;4.038;-0.7843;353.24;343.99;348.35;9.24;34.686;117.840;6.812;-35.966;42.779;interna;16.00;-3.469;-77.153;-10.415;70.468;73.684;209.3;33.66
TUBI;62;0;0;4.038;-0.7843;353.24;343.99;348.35;9.24;34.686;117.840;6.812;-35.966;42.779;media;17.52;-8.873;-54.757;6.577;55.253;61.333;209.3;26.40
TUBI;62;0;0;4.038;-0.7843;353.24;343.99;348.35;9.24;34.686;117.840;6.812;-35.966;42.779;esterna;19.05;-11.784;-36.272;22.150;50.815;58.422;209.3;24.28
TUBI;63;0;0;4.219;-0.7843;351.78;343.00;347.14;8.77;34.685;117.840;6.812;-35.966;42.779;interna;16.00;-3.468;-76.272;-9.534;69.968;72.804;209.6;33.39
TUBI;63;0;0;4.219;-0.7843;351.78;343.00;347.14;8.77;34.685;117.840;6.812;-35.966;42.779;media;17.52;-8.837;-54.781;6.589;55.295;61.370;209.6;26.38
TUBI;63;0;0;4.219;-0.7843;351.78;343.00;347.14;8.77;34.685;117.840;6.812;-35.966;42.779;esterna;19.05;-11.784;-37.058;21.365;50.749;58.423;209.6;24.22
TUBI;64;0;0;4.407;-0.7843;350.34;342.03;345.94;8.31;34.684;117.840;6.812;-35.966;42.779;interna;16.00;-3.468;-75.407;-8.668;69.485;71.939;209.8;33.12
TUBI;64;0;0;4.407;-0.7843;350.34;342.03;345.94;8.31;34.684;117.840;6.812;-35.966;42.779;media;17.52;-8.801;-54.805;6.601;55.337;61.406;209.8;26.37
TUBI;64;0;0;4.407;-0.7843;350.34;342.03;345.94;8.31;34.684;117.840;6.812;-35.966;42.779;esterna;19.05;-11.784;-37.829;20.594;50.695;58.423;209.8;24.16
TUBI;65;0;0;4.604;-0.7843;348.93;341.07;344.77;7.85;34.682;117.840;6.812;-35.966;42.779;interna;16.00;-3.468;-74.565;-7.825;69.022;71.097;210.0;32.86
TUBI;65;0;0;4.604;-0.7843;348.93;341.07;344.77;7.85;34.682;117.840;6.812;-35.966;42.779;media;17.52;-8.767;-54.829;6.612;55.377;61.441;210.0;26.36
TUBI;65;0;0;4.604;-0.7843;348.93;341.07;344.77;7.85;34.682;117.840;6.812;-35.966;42.779;esterna;19.05;-11.784;-38.580;19.844;50.654;58.424;210.0;24.12
TUBI;66;0;0;4.809;-0.7843;347.55;340.14;343.63;7.41;34.681;117.840;6.812;-35.966;42.779;interna;16.00;-3.468;-73.744;-7.003;68.577;70.276;210.3;32.61
TUBI;66;0;0;4.809;-0.7843;347.55;340.14;343.63;7.41;34.681;117.840;6.812;-35.966;42.779;media;17.52;-8.733;-54.852;6.623;55.417;61.476;210.3;26.35
TUBI;66;0;0;4.809;-0.7843;347.55;340.14;343.63;7.41;34.681;117.840;6.812;-35.966;42.779;esterna;19.05;-11.784;-39.312;19.112;50.625;58.425;210.3;24.08
TUBI;67;0;0;5.022;-0.7843;346.20;339.22;342.51;6.98;34.680;117.840;6.812;-35.966;42.779;interna;16.00;-3.468;-72.942;-6.201;68.149;69.475;210.5;32.38
TUBI;67;0;0;5.022;-0.7843;346.20;339.22;342.51;6.98;34.680;117.840;6.812;-35.966;42.779;media;17.52;-8.700;-54.875;6.634;55.455;61.509;210.5;26.34
TUBI;67;0;0;5.022;-0.7843;346.20;339.22;342.51;6.98;34.680;117.840;6.812;-35.966;42.779;esterna;19.05;-11.784;-40.027;18.398;50.607;58.425;210.5;24.04
TUBI;68;0;0;5.243;-0.7843;344.88;338.32;341.41;6.57;34.678;117.840;6.812;-35.966;42.779;interna;16.00;-3.468;-72.166;-5.424;67.741;68.698;210.7;32.15
TUBI;68;0;0;5.243;-0.7843;344.88;338.32;341.41;6.57;34.678;117.840;6.812;-35.966;42.779;media;17.52;-8.668;-54.897;6.645;55.493;61.542;210.7;26.34
TUBI;68;0;0;5.243;-0.7843;344.88;338.32;341.41;6.57;34.678;117.840;6.812;-35.966;42.779;esterna;19.05;-11.784;-40.720;17.706;50.599;58.426;210.7;24.01
TUBI;69;0;0;5.474;-0.7843;343.62;337.46;340.36;6.16;34.677;117.840;6.812;-35.966;42.779;interna;16.00;-3.468;-71.412;-4.669;67.352;67.945;210.9;31.93
TUBI;69;0;0;5.474;-0.7843;343.62;337.46;340.36;6.16;34.677;117.840;6.812;-35.966;42.779;media;17.52;-8.637;-54.918;6.655;55.529;61.573;210.9;26.33
TUBI;69;0;0;5.474;-0.7843;343.62;337.46;340.36;6.16;34.677;117.840;6.812;-35.966;42.779;esterna;19.05;-11.784;-41.392;17.034;50.600;58.427;210.9;23.99
TUBI;70;0;0;5.715;-0.7843;342.36;336.59;339.30;5.77;34.675;117.840;6.812;-35.966;42.779;interna;16.00;-3.468;-70.686;-3.942;66.982;67.218;211.1;31.72
TUBI;70;0;0;5.715;-0.7843;342.36;336.59;339.30;5.77;34.675;117.840;6.812;-35.966;42.779;media;17.52;-8.607;-54.939;6.665;55.565;61.604;211.1;26.32
TUBI;70;0;0;5.715;-0.7843;342.36;336.59;339.30;5.77;34.675;117.840;6.812;-35.966;42.779;esterna;19.05;-11.784;-42.041;16.387;50.610;58.427;211.1;23.97
TUBI;71;0;0;5.965;-0.7843;341.14;335.74;338.28;5.39;34.674;117.840;6.812;-35.966;42.779;interna;16.00;-3.467;-69.983;-3.239;66.631;66.745;211.3;31.53
TUBI;71;0;0;5.965;-0.7843;341.14;335.74;338.28;5.39;34.674;117.840;6.812;-35.966;42.779;media;17.52;-8.579;-54.959;6.675;55.599;61.633;211.3;26.31
TUBI;71;0;0;5.965;-0.7843;341.14;335.74;338.28;5.39;34.674;117.840;6.812;-35.966;42.779;esterna;19.05;-11.784;-42.667;15.761;50.628;58.428;211.3;23.96
TUBI;72;0;0;6.226;-0.7843;339.96;334.93;337.30;5.03;34.672;117.840;6.812;-35.966;42.779;interna;16.00;-3.467;-69.306;-2.561;66.297;66.746;211.5;31.34
TUBI;72;0;0;6.226;-0.7843;339.96;334.93;337.30;5.03;34.672;117.840;6.812;-35.966;42.779;media;17.52;-8.551;-54.978;6.684;55.632;61.662;211.5;26.30
TUBI;72;0;0;6.226;-0.7843;339.96;334.93;337.30;5.03;34.672;117.840;6.812;-35.966;42.779;esterna;19.05;-11.784;-43.271;15.157;50.652;58.429;211.5;23.94
TUBI;73;0;0;6.498;-0.7843;338.82;334.14;336.35;4.68;34.671;117.840;6.812;-35.966;42.779;interna;16.00;-3.467;-68.655;-1.909;65.981;66.746;211.7;31.16
TUBI;73;0;0;6.498;-0.7843;338.82;334.14;336.35;4.68;34.671;117.840;6.812;-35.966;42.779;media;17.52;-8.524;-54.996;6.693;55.664;61.690;211.7;26.29
TUBI;73;0;0;6.498;-0.7843;338.82;334.14;336.35;4.68;34.671;117.840;6.812;-35.966;42.779;esterna;19.05;-11.784;-43.853;14.577;50.682;58.430;211.7;23.94
TUBI;74;0;0;6.780;-0.7843;337.73;333.39;335.43;4.34;34.669;117.840;6.812;-35.966;42.779;interna;16.00;-3.467;-68.030;-1.283;65.683;66.747;211.9;31.00
TUBI;74;0;0;6.780;-0.7843;337.73;333.39;335.43;4.34;34.669;117.840;6.812;-35.966;42.779;media;17.52;-8.498;-55.014;6.702;55.694;61.716;211.9;26.28
TUBI;74;0;0;6.780;-0.7843;337.73;333.39;335.43;4.34;34.669;117.840;6.812;-35.966;42.779;esterna;19.05;-11.784;-44.411;14.019;50.717;58.430;211.9;23.93
TUBI;75;0;0;7.075;-0.7843;336.69;332.67;334.56;4.02;34.667;117.840;6.812;-35.966;42.779;interna;16.00;-3.467;-67.432;-0.683;65.401;66.748;212.1;30.84
TUBI;75;0;0;7.075;-0.7843;336.69;332.67;334.56;4.02;34.667;117.840;6.812;-35.966;42.779;media;17.52;-8.474;-55.032;6.710;55.723;61.741;212.1;26.27
TUBI;75;0;0;7.075;-0.7843;336.69;332.67;334.56;4.02;34.667;117.840;6.812;-35.966;42.779;esterna;19.05;-11.784;-44.946;13.486;50.757;58.431;212.1;23.93
TUBI;76;0;0;7.381;-0.7843;335.69;331.97;333.72;3.72;34.666;117.840;6.812;-35.966;42.779;interna;16.00;-3.467;-66.861;-0.111;65.137;66.749;212.3;30.69
TUBI;76;0;0;7.381;-0.7843;335.69;331.97;333.72;3.72;34.666;117.840;6.812;-35.966;42.779;media;17.52;-8.450;-55.048;6.718;55.751;61.766;212.3;26.27
TUBI;76;0;0;7.381;-0.7843;335.69;331.97;333.72;3.72;34.666;117.840;6.812;-35.966;42.779;esterna;19.05;-11.784;-45.455;12.977;50.799;58.432;212.3;23.93
TUBI;77;0;0;7.701;-0.7843;334.74;331.31;332.92;3.42;34.664;117.840;6.812;-35.966;42.779;interna;16.00;-3.466;-66.316;0.435;64.888;66.750;212.4;30.55
TUBI;77;0;0;7.701;-0.7843;334.74;331.31;332.92;3.42;34.664;117.840;6.812;-35.966;42.779;media;17.52;-8.428;-55.064;6.725;55.778;61.789;212.4;26.26
TUBI;77;0;0;7.701;-0.7843;334.74;331.31;332.92;3.42;34.664;117.840;6.812;-35.966;42.779;esterna;19.05;-11.784;-45.943;12.490;50.845;58.433;212.4;23.94
TUBI;78;0;0;8.033;-0.7843;333.83;330.68;332.17;3.14;34.662;117.840;6.812;-35.966;42.779;interna;16.00;-3.466;-65.798;0.953;64.655;66.752;212.6;30.42
TUBI;78;0;0;8.033;-0.7843;333.83;330.68;332.17;3.14;34.662;117.840;6.812;-35.966;42.779;media;17.52;-8.406;-55.079;6.732;55.804;61.811;212.6;26.25
TUBI;78;0;0;8.033;-0.7843;333.83;330.68;332.17;3.14;34.662;117.840;6.812;-35.966;42.779;esterna;19.05;-11.784;-46.405;12.029;50.893;58.434;212.6;23.94
TUBI;79;0;0;8.379;-0.7843;332.97;330.09;331.45;2.88;34.660;117.840;6.812;-35.966;42.779;interna;16.00;-3.466;-65.307;1.446;64.437;66.753;212.7;30.29
TUBI;79;0;0;8.379;-0.7843;332.97;330.09;331.45;2.88;34.660;117.840;6.812;-35.966;42.779;media;17.52;-8.386;-55.093;6.739;55.828;61.832;212.7;26.25
TUBI;79;0;0;8.379;-0.7843;332.97;330.09;331.45;2.88;34.660;117.840;6.812;-35.966;42.779;esterna;19.05;-11.784;-46.845;11.590;50.942;58.435;212.7;23.95
TUBI;80;0;0;8.740;-0.7843;332.16;329.53;330.77;2.63;34.658;117.840;6.812;-35.966;42.779;interna;16.00;-3.466;-64.843;1.911;64.234;66.754;212.8;30.18
TUBI;80;0;0;8.740;-0.7843;332.16;329.53;330.77;2.63;34.658;117.840;6.812;-35.966;42.779;media;17.52;-8.367;-55.107;6.745;55.851;61.853;212.8;26.24
TUBI;80;0;0;8.740;-0.7843;332.16;329.53;330.77;2.63;34.658;117.840;6.812;-35.966;42.779;esterna;19.05;-11.784;-47.260;11.176;50.992;58.436;212.8;23.96
TUBI;81;0;0;9.115;-0.7843;331.39;329.00;330.12;2.39;34.656;117.840;6.812;-35.966;42.779;interna;16.00;-3.466;-64.404;2.351;64.045;66.755;213.0;30.07
TUBI;81;0;0;9.115;-0.7843;331.39;329.00;330.12;2.39;34.656;117.840;6.812;-35.966;42.779;media;17.52;-8.349;-55.120;6.751;55.873;61.872;213.0;26.23
TUBI;81;0;0;9.115;-0.7843;331.39;329.00;330.12;2.39;34.656;117.840;6.812;-35.966;42.779;esterna;19.05;-11.784;-47.652;10.784;51.043;58.437;213.0;23.97
TUBI;82;0;0;9.506;-0.7843;330.67;328.50;329.52;2.17;34.654;117.840;6.812;-35.966;42.779;interna;16.00;-3.465;-63.992;2.764;63.870;66.756;213.1;29.97
TUBI;82;0;0;9.506;-0.7843;330.67;328.50;329.52;2.17;34.654;117.840;6.812;-35.966;42.779;media;17.52;-8.332;-55.133;6.757;55.894;61.890;213.1;26.23
TUBI;82;0;0;9.506;-0.7843;330.67;328.50;329.52;2.17;34.654;117.840;6.812;-35.966;42.779;esterna;19.05;-11.784;-48.021;10.417;51.093;58.438;213.1;23.98
TUBI;83;0;0;9.913;-0.7843;329.99;328.03;328.96;1.96;34.652;117.840;6.812;-35.966;42.779;interna;16.00;-3.465;-63.606;3.151;63.707;66.757;213.2;29.88
TUBI;83;0;0;9.913;-0.7843;329.99;328.03;328.96;1.96;34.652;117.840;6.812;-35.966;42.779;media;17.52;-8.316;-55.144;6.762;55.914;61.907;213.2;26.22
TUBI;83;0;0;9.913;-0.7843;329.99;328.03;328.96;1.96;34.652;117.840;6.812;-35.966;42.779;esterna;19.05;-11.784;-48.367;10.072;51.142;58.439;213.2;23.99
TUBI;84;0;0;10.337;-0.7843;329.36;327.59;328.43;1.77;34.650;117.840;6.812;-35.966;42.779;interna;16.00;-3.465;-63.245;3.513;63.558;66.759;213.3;29.80
TUBI;84;0;0;10.337;-0.7843;329.36;327.59;328.43;1.77;34.650;117.840;6.812;-35.966;42.779;media;17.52;-8.301;-55.155;6.767;55.932;61.923;213.3;26.22
TUBI;84;0;0;10.337;-0.7843;329.36;327.59;328.43;1.77;34.650;117.840;6.812;-35.966;42.779;esterna;19.05;-11.784;-48.690;9.750;51.191;58.440;213.3;24.00
TUBI;85;0;0;10.778;-0.7843;328.78;327.19;327.94;1.59;34.647;117.840;6.812;-35.966;42.779;interna;16.00;-3.465;-62.909;3.851;63.420;66.760;213.4;29.72
TUBI;85;0;0;10.778;-0.7843;328.78;327.19;327.94;1.59;34.647;117.840;6.812;-35.966;42.779;media;17.52;-8.287;-55.166;6.772;55.949;61.938;213.4;26.22
TUBI;85;0;0;10.778;-0.7843;328.78;327.19;327.94;1.59;34.647;117.840;6.812;-35.966;42.779;esterna;19.05;-11.784;-48.991;9.449;51.238;58.441;213.4;24.01
TUBI;86;0;0;11.238;-0.7843;328.23;326.81;327.48;1.42;34.645;117.840;6.812;-35.966;42.779;interna;16.00;-3.465;-62.597;4.164;63.293;66.761;213.5;29.64
TUBI;86;0;0;11.238;-0.7843;328.23;326.81;327.48;1.42;34.645;117.840;6.812;-35.966;42.779;media;17.52;-8.274;-55.175;6.776;55.965;61.952;213.5;26.21
TUBI;86;0;0;11.238;-0.7843;328.23;326.81;327.48;1.42;34.645;117.840;6.812;-35.966;42.779;esterna;19.05;-11.784;-49.272;9.170;51.283;58.442;213.5;24.02
TUBI;87;0;0;11.716;-0.7843;327.73;326.46;327.06;1.27;34.643;117.840;6.812;-35.966;42.779;interna;16.00;-3.464;-62.309;4.454;63.177;66.763;213.6;29.58
TUBI;87;0;0;11.716;-0.7843;327.73;326.46;327.06;1.27;34.643;117.840;6.812;-35.966;42.779;media;17.52;-8.262;-55.185;6.780;55.980;61.965;213.6;26.21
TUBI;87;0;0;11.716;-0.7843;327.73;326.46;327.06;1.27;34.643;117.840;6.812;-35.966;42.779;esterna;19.05;-11.784;-49.531;8.912;51.326;58.443;213.6;24.03
TUBI;88;0;0;12.214;-0.7843;327.26;326.14;326.67;1.12;34.640;117.840;6.812;-35.966;42.779;interna;16.00;-3.464;-62.043;4.721;63.071;66.764;213.7;29.52
TUBI;88;0;0;12.214;-0.7843;327.26;326.14;326.67;1.12;34.640;117.840;6.812;-35.966;42.779;media;17.52;-8.251;-55.193;6.784;55.994;61.977;213.7;26.21
TUBI;88;0;0;12.214;-0.7843;327.26;326.14;326.67;1.12;34.640;117.840;6.812;-35.966;42.779;esterna;19.05;-11.784;-49.770;8.674;51.367;58.444;213.7;24.04
TUBI;89;0;0;12.733;-0.7843;326.84;325.85;326.31;0.99;34.638;117.840;6.812;-35.966;42.779;interna;16.00;-3.464;-61.799;4.966;62.975;66.766;213.7;29.46
TUBI;89;0;0;12.733;-0.7843;326.84;325.85;326.31;0.99;34.638;117.840;6.812;-35.966;42.779;media;17.52;-8.241;-55.201;6.787;56.007;61.988;213.7;26.20
TUBI;89;0;0;12.733;-0.7843;326.84;325.85;326.31;0.99;34.638;117.840;6.812;-35.966;42.779;esterna;19.05;-11.784;-49.990;8.456;51.406;58.445;213.7;24.05
TUBI;0;1;0;0.007;-0.6417;342.83;336.67;339.57;6.16;34.740;117.840;7.528;-35.254;42.782;interna;16.00;-3.474;-71.374;-3.952;67.662;67.900;211.1;32.05
TUBI;0;1;0;0.007;-0.6417;342.83;336.67;339.57;6.16;34.740;117.840;7.528;-35.254;42.782;media;17.52;-8.640;-54.885;7.371;55.994;62.256;211.1;26.53
TUBI;0;1;0;0.007;-0.6417;342.83;336.67;339.57;6.16;34.740;117.840;7.528;-35.254;42.782;esterna;19.05;-11.784;-41.364;17.748;51.192;59.112;211.1;24.25
TUBI;1;1;0;0.022;-0.6417;342.81;336.66;339.55;6.15;34.725;117.840;7.528;-35.254;42.782;interna;16.00;-3.472;-71.371;-3.941;67.666;67.899;211.1;32.06
TUBI;1;1;0;0.022;-0.6417;342.81;336.66;339.55;6.15;34.725;117.840;7.528;-35.254;42.782;media;17.52;-8.639;-54.893;7.371;56.003;62.264;211.1;26.53
TUBI;1;1;0;0.022;-0.6417;342.81;336.66;339.55;6.15;34.725;117.840;7.528;-35.254;42.782;esterna;19.05;-11.784;-41.381;17.738;51.199;59.119;211.1;24.25
TUBI;2;1;0;0.037;-0.6417;342.79;336.64;339.54;6.15;34.725;117.840;7.528;-35.254;42.782;interna;16.00;-3.472;-71.360;-3.929;67.660;67.888;211.1;32.05
TUBI;2;1;0;0.037;-0.6417;342.79;336.64;339.54;6.15;34.725;117.840;7.528;-35.254;42.782;media;17.52;-8.638;-54.894;7.371;56.003;62.265;211.1;26.53
TUBI;2;1;0;0.037;-0.6417;342.79;336.64;339.54;6.15;34.725;117.840;7.528;-35.254;42.782;esterna;19.05;-11.784;-41.391;17.728;51.199;59.119;211.1;24.25
TUBI;3;1;0;0.053;-0.6417;342.77;336.63;339.52;6.14;34.724;117.840;7.528;-35.254;42.782;interna;16.00;-3.472;-71.348;-3.917;67.654;67.876;211.1;32.05
TUBI;3;1;0;0.053;-0.6417;342.77;336.63;339.52;6.14;34.724;117.840;7.528;-35.254;42.782;media;17.52;-8.638;-54.894;7.371;56.004;62.266;211.1;26.53
TUBI;3;1;0;0.053;-0.6417;342.77;336.63;339.52;6.14;34.724;117.840;7.528;-35.254;42.782;esterna;19.05;-11.784;-41.402;17.717;51.199;59.119;211.1;24.25
TUBI;4;1;0;0.070;-0.6417;342.62;336.53;339.40;6.09;34.724;117.840;7.528;-35.254;42.782;interna;16.00;-3.472;-71.260;-3.829;67.610;67.787;211.1;32.02
TUBI;4;1;0;0.070;-0.6417;342.62;336.53;339.40;6.09;34.724;117.840;7.528;-35.254;42.782;media;17.52;-8.634;-54.897;7.372;56.009;62.269;211.1;26.53
TUBI;4;1;0;0.070;-0.6417;342.62;336.53;339.40;6.09;34.724;117.840;7.528;-35.254;42.782;esterna;19.05;-11.784;-41.481;17.638;51.199;59.120;211.1;24.25
TUBI;5;1;0;0.087;-0.6417;342.50;336.44;339.30;6.06;34.723;117.840;7.528;-35.254;42.782;interna;16.00;-3.472;-71.188;-3.756;67.574;67.715;211.1;32.00
TUBI;5;1;0;0.087;-0.6417;342.50;336.44;339.30;6.06;34.723;117.840;7.528;-35.254;42.782;media;17.52;-8.631;-54.899;7.373;56.012;62.273;211.1;26.53
TUBI;5;1;0;0.087;-0.6417;342.50;336.44;339.30;6.06;34.723;117.840;7.528;-35.254;42.782;esterna;19.05;-11.784;-41.546;17.574;51.200;59.120;211.1;24.25
TUBI;6;1;0;0.105;-0.6417;342.40;336.37;339.21;6.02;34.723;117.840;7.528;-35.254;42.782;interna;16.00;-3.472;-71.127;-3.695;67.543;67.654;211.2;31.99
TUBI;6;1;0;0.105;-0.6417;342.40;336.37;339.21;6.02;34.723;117.840;7.528;-35.254;42.782;media;17.52;-8.629;-54.901;7.374;56.015;62.275;211.2;26.53
TUBI;6;1;0;0.105;-0.6417;342.40;336.37;339.21;6.02;34.723;117.840;7.528;-35.254;42.782;esterna;19.05;-11.784;-41.601;17.519;51.200;59.120;211.2;24.25
TUBI;7;1;0;0.124;-0.6417;342.31;336.31;339.14;5.99;34.722;117.840;7.528;-35.254;42.782;interna;16.00;-3.472;-71.073;-3.641;67.517;67.601;211.2;31.97
TUBI;7;1;0;0.124;-0.6417;342.31;336.31;339.14;5.99;34.722;117.840;7.528;-35.254;42.782;media;17.52;-8.626;-54.903;7.375;56.018;62.278;211.2;26.53
TUBI;7;1;0;0.124;-0.6417;342.31;336.31;339.14;5.99;34.722;117.840;7.528;-35.254;42.782;esterna;19.05;-11.784;-41.649;17.472;51.201;59.120;211.2;24.25
TUBI;8;1;0;0.144;-0.6417;342.22;336.26;339.07;5.97;34.722;117.840;7.528;-35.254;42.782;interna;16.00;-3.472;-71.024;-3.591;67.492;67.551;211.2;31.96
TUBI;8;1;0;0.144;-0.6417;342.22;336.26;339.07;5.97;34.722;117.840;7.528;-35.254;42.782;media;17.52;-8.624;-54.904;7.376;56.021;62.280;211.2;26.53
TUBI;8;1;0;0.144;-0.6417;342.22;336.26;339.07;5.97;34.722;117.840;7.528;-35.254;42.782;esterna;19.05;-11.784;-41.694;17.427;51.201;59.121;211.2;24.24
TUBI;9;1;0;0.164;-0.6417;342.15;336.21;339.01;5.94;34.721;117.840;7.528;-35.254;42.782;interna;16.00;-3.472;-70.980;-3.547;67.470;67.508;211.2;31.95
TUBI;9;1;0;0.164;-0.6417;342.15;336.21;339.01;5.94;34.721;117.840;7.528;-35.254;42.782;media;17.52;-8.623;-54.906;7.376;56.023;62.282;211.2;26.53
TUBI;9;1;0;0.164;-0.6417;342.15;336.21;339.01;5.94;34.721;117.840;7.528;-35.254;42.782;esterna;19.05;-11.784;-41.733;17.388;51.202;59.121;211.2;24.24
TUBI;10;1;0;0.185;-0.6417;342.08;336.16;338.95;5.92;34.721;117.840;7.528;-35.254;42.782;interna;16.00;-3.472;-70.940;-3.507;67.450;67.468;211.2;31.94
TUBI;10;1;0;0.185;-0.6417;342.08;336.16;338.95;5.92;34.721;117.840;7.528;-35.254;42.782;media;17.52;-8.621;-54.907;7.377;56.025;62.284;211.2;26.53
TUBI;10;1;0;0.185;-0.6417;342.08;336.16;338.95;5.92;34.721;117.840;7.528;-35.254;42.782;esterna;19.05;-11.784;-41.769;17.352;51.202;59.121;211.2;24.24
TUBI;11;1;0;0.207;-0.6417;431.56;395.50;412.48;36.06;34.717;117.840;7.528;-35.254;42.782;interna;16.00;-3.472;-127.104;-59.669;107.216;123.632;196.5;54.56
TUBI;11;1;0;0.207;-0.6417;431.56;395.50;412.48;36.06;34.717;117.840;7.528;-35.254;42.782;media;17.52;-10.920;-53.378;6.608;53.424;59.987;196.5;27.19
TUBI;11;1;0;0.207;-0.6417;431.56;395.50;412.48;36.06;34.717;117.840;7.528;-35.254;42.782;esterna;19.05;-11.784;8.229;67.352;71.269;79.136;196.5;36.27
TUBI;12;1;0;0.230;-0.6417;429.77;394.35;411.03;35.42;34.717;117.840;7.528;-35.254;42.782;interna;16.00;-3.472;-125.917;-58.482;106.223;122.446;196.8;53.98
TUBI;12;1;0;0.230;-0.6417;429.77;394.35;411.03;35.42;34.717;117.840;7.528;-35.254;42.782;media;17.52;-10.871;-53.411;6.625;53.479;60.035;196.8;27.17
TUBI;12;1;0;0.230;-0.6417;429.77;394.35;411.03;35.42;34.717;117.840;7.528;-35.254;42.782;esterna;19.05;-11.784;7.173;66.296;70.538;78.080;196.8;35.84
TUBI;13;1;0;0.254;-0.6417;428.06;393.25;409.64;34.82;34.717;117.840;7.528;-35.254;42.782;interna;16.00;-3.472;-124.790;-57.355;105.283;121.318;197.1;53.42
TUBI;13;1;0;0.254;-0.6417;428.06;393.25;409.64;34.82;34.717;117.840;7.528;-35.254;42.782;media;17.52;-10.825;-53.442;6.640;53.530;60.082;197.1;27.16
TUBI;13;1;0;0.254;-0.6417;428.06;393.25;409.64;34.82;34.717;117.840;7.528;-35.254;42.782;esterna;19.05;-11.784;6.169;65.292;69.852;77.076;197.1;35.44
TUBI;14;1;0;0.279;-0.6417;426.43;392.19;408.32;34.24;34.717;117.840;7.528;-35.254;42.782;interna;16.00;-3.472;-123.721;-56.286;104.395;120.249;197.3;52.90
TUBI;14;1;0;0.279;-0.6417;426.43;392.19;408.32;34.24;34.717;117.840;7.528;-35.254;42.782;media;17.52;-10.782;-53.471;6.655;53.579;60.125;197.3;27.15
TUBI;14;1;0;0.279;-0.6417;426.43;392.19;408.32;34.24;34.717;117.840;7.528;-35.254;42.782;esterna;19.05;-11.784;5.217;64.340;69.208;76.124;197.3;35.07
TUBI;15;1;0;0.305;-0.6417;424.85;391.17;407.04;33.68;34.716;117.840;7.528;-35.254;42.782;interna;16.00;-3.472;-122.678;-55.242;103.532;119.206;197.6;52.40
TUBI;15;1;0;0.305;-0.6417;424.85;391.17;407.04;33.68;34.716;117.840;7.528;-35.254;42.782;media;17.52;-10.739;-53.499;6.669;53.627;60.168;197.6;27.14
TUBI;15;1;0;0.305;-0.6417;424.85;391.17;407.04;33.68;34.716;117.840;7.528;-35.254;42.782;esterna;19.05;-11.784;4.288;63.411;68.586;75.195;197.6;34.71
TUBI;16;1;0;0.332;-0.6417;423.32;390.18;405.79;33.14;34.716;117.840;7.528;-35.254;42.782;interna;16.00;-3.472;-121.665;-54.230;102.698;118.194;197.8;51.91
TUBI;16;1;0;0.332;-0.6417;423.32;390.18;405.79;33.14;34.716;117.840;7.528;-35.254;42.782;media;17.52;-10.697;-53.527;6.683;53.674;60.210;197.8;27.13
TUBI;16;1;0;0.332;-0.6417;423.32;390.18;405.79;33.14;34.716;117.840;7.528;-35.254;42.782;esterna;19.05;-11.784;3.386;62.509;67.990;74.293;197.8;34.37
TUBI;17;1;0;0.360;-0.6417;421.82;389.21;404.57;32.61;34.716;117.840;7.528;-35.254;42.782;interna;16.00;-3.472;-120.687;-53.252;101.895;117.216;198.1;51.44
TUBI;17;1;0;0.360;-0.6417;421.82;389.21;404.57;32.61;34.716;117.840;7.528;-35.254;42.782;media;17.52;-10.657;-53.554;6.696;53.718;60.250;198.1;27.12
TUBI;17;1;0;0.360;-0.6417;421.82;389.21;404.57;32.61;34.716;117.840;7.528;-35.254;42.782;esterna;19.05;-11.784;2.515;61.639;67.420;73.423;198.1;34.04
TUBI;18;1;0;0.390;-0.6417;420.35;388.26;403.37;32.10;34.716;117.840;7.528;-35.254;42.782;interna;16.00;-3.472;-119.728;-52.292;101.111;116.257;198.3;50.98
TUBI;18;1;0;0.390;-0.6417;420.35;388.26;403.37;32.10;34.716;117.840;7.528;-35.254;42.782;media;17.52;-10.618;-53.580;6.709;53.763;60.290;198.3;27.11
TUBI;18;1;0;0.390;-0.6417;420.35;388.26;403.37;32.10;34.716;117.840;7.528;-35.254;42.782;esterna;19.05;-11.784;1.661;60.785;66.868;72.569;198.3;33.72
TUBI;19;1;0;0.420;-0.6417;418.90;387.31;402.19;31.59;34.715;117.840;7.528;-35.254;42.782;interna;16.00;-3.472;-118.773;-51.337;100.332;115.302;198.6;50.53
TUBI;19;1;0;0.420;-0.6417;418.90;387.31;402.19;31.59;34.715;117.840;7.528;-35.254;42.782;media;17.52;-10.579;-53.606;6.722;53.806;60.329;198.6;27.10
TUBI;19;1;0;0.420;-0.6417;418.90;387.31;402.19;31.59;34.715;117.840;7.528;-35.254;42.782;esterna;19.05;-11.784;0.811;59.934;66.324;71.718;198.6;33.40
TUBI;20;1;0;0.452;-0.6417;417.47;386.38;401.02;31.08;34.715;117.840;7.528;-35.254;42.782;interna;16.00;-3.471;-117.840;-50.403;99.575;114.368;198.8;50.09
TUBI;20;1;0;0.452;-0.6417;417.47;386.38;401.02;31.08;34.715;117.840;7.528;-35.254;42.782;media;17.52;-10.541;-53.632;6.735;53.849;60.367;198.8;27.09
TUBI;20;1;0;0.452;-0.6417;417.47;386.38;401.02;31.08;34.715;117.840;7.528;-35.254;42.782;esterna;19.05;-11.784;-0.021;59.103;65.799;70.887;198.8;33.10
TUBI;21;1;0;0.485;-0.6417;416.04;385.46;399.86;30.58;34.715;117.840;7.528;-35.254;42.782;interna;16.00;-3.471;-116.904;-49.468;98.819;113.433;199.0;49.65
TUBI;21;1;0;0.485;-0.6417;416.04;385.46;399.86;30.58;34.715;117.840;7.528;-35.254;42.782;media;17.52;-10.502;-53.658;6.748;53.893;60.406;199.0;27.08
TUBI;21;1;0;0.485;-0.6417;416.04;385.46;399.86;30.58;34.715;117.840;7.528;-35.254;42.782;esterna;19.05;-11.784;-0.854;58.270;65.279;70.054;199.0;32.80
TUBI;22;1;0;0.520;-0.6417;414.62;384.53;398.70;30.09;34.714;117.840;7.528;-35.254;42.782;interna;16.00;-3.471;-115.985;-48.548;98.079;112.513;199.3;49.22
TUBI;22;1;0;0.520;-0.6417;414.62;384.53;398.70;30.09;34.714;117.840;7.528;-35.254;42.782;media;17.52;-10.465;-53.683;6.761;53.935;60.444;199.3;27.07
TUBI;22;1;0;0.520;-0.6417;414.62;384.53;398.70;30.09;34.714;117.840;7.528;-35.254;42.782;esterna;19.05;-11.784;-1.673;57.451;64.774;69.235;199.3;32.51
TUBI;23;1;0;0.556;-0.6417;413.21;383.61;397.55;29.60;34.714;117.840;7.528;-35.254;42.782;interna;16.00;-3.471;-115.069;-47.632;97.344;111.597;199.5;48.80
TUBI;23;1;0;0.556;-0.6417;413.21;383.61;397.55;29.60;34.714;117.840;7.528;-35.254;42.782;media;17.52;-10.427;-53.708;6.773;53.977;60.481;199.5;27.06
TUBI;23;1;0;0.556;-0.6417;413.21;383.61;397.55;29.60;34.714;117.840;7.528;-35.254;42.782;esterna;19.05;-11.784;-2.489;56.636;64.278;68.420;199.5;32.22
TUBI;24;1;0;0.593;-0.6417;411.79;382.69;396.39;29.10;34.714;117.840;7.528;-35.254;42.782;interna;16.00;-3.471;-114.145;-46.707;96.607;110.673;199.7;48.37
TUBI;24;1;0;0.593;-0.6417;411.79;382.69;396.39;29.10;34.714;117.840;7.528;-35.254;42.782;media;17.52;-10.389;-53.734;6.786;54.020;60.519;199.7;27.05
TUBI;24;1;0;0.593;-0.6417;411.79;382.69;396.39;29.10;34.714;117.840;7.528;-35.254;42.782;esterna;19.05;-11.784;-3.312;55.813;63.784;67.597;199.7;31.94
TUBI;25;1;0;0.632;-0.6417;410.37;381.76;395.24;28.61;34.713;117.840;7.528;-35.254;42.782;interna;16.00;-3.471;-113.230;-45.793;95.880;109.759;200.0;47.95
TUBI;25;1;0;0.632;-0.6417;410.37;381.76;395.24;28.61;34.713;117.840;7.528;-35.254;42.782;media;17.52;-10.352;-53.759;6.798;54.062;60.557;200.0;27.04
TUBI;25;1;0;0.632;-0.6417;410.37;381.76;395.24;28.61;34.713;117.840;7.528;-35.254;42.782;esterna;19.05;-11.784;-4.126;54.999;63.302;66.783;200.0;31.66
TUBI;26;1;0;0.672;-0.6417;408.95;380.84;394.08;28.12;34.713;117.840;7.528;-35.254;42.782;interna;16.00;-3.471;-112.315;-44.877;95.156;108.844;200.2;47.53
TUBI;26;1;0;0.672;-0.6417;408.95;380.84;394.08;28.12;34.713;117.840;7.528;-35.254;42.782;media;17.52;-10.314;-53.784;6.811;54.104;60.595;200.2;27.03
TUBI;26;1;0;0.672;-0.6417;408.95;380.84;394.08;28.12;34.713;117.840;7.528;-35.254;42.782;esterna;19.05;-11.784;-4.942;54.183;62.826;65.967;200.2;31.38
TUBI;27;1;0;0.715;-0.6417;407.52;379.90;392.91;27.62;34.712;117.840;7.528;-35.254;42.782;interna;16.00;-3.471;-111.388;-43.950;94.425;107.916;200.4;47.11
TUBI;27;1;0;0.715;-0.6417;407.52;379.90;392.91;27.62;34.712;117.840;7.528;-35.254;42.782;media;17.52;-10.276;-53.809;6.823;54.147;60.633;200.4;27.02
TUBI;27;1;0;0.715;-0.6417;407.52;379.90;392.91;27.62;34.712;117.840;7.528;-35.254;42.782;esterna;19.05;-11.784;-5.767;53.358;62.351;65.142;200.4;31.11
TUBI;28;1;0;0.759;-0.6417;406.09;378.96;391.74;27.13;34.712;117.840;7.528;-35.254;42.782;interna;16.00;-3.471;-110.467;-43.028;93.703;106.995;200.7;46.70
TUBI;28;1;0;0.759;-0.6417;406.09;378.96;391.74;27.13;34.712;117.840;7.528;-35.254;42.782;media;17.52;-10.239;-53.835;6.836;54.190;60.671;200.7;27.01
TUBI;28;1;0;0.759;-0.6417;406.09;378.96;391.74;27.13;34.712;117.840;7.528;-35.254;42.782;esterna;19.05;-11.784;-6.588;52.537;61.887;64.321;200.7;30.84
TUBI;29;1;0;0.804;-0.6417;404.65;378.02;390.56;26.63;34.712;117.840;7.528;-35.254;42.782;interna;16.00;-3.471;-109.541;-42.103;92.982;106.070;200.9;46.29
TUBI;29;1;0;0.804;-0.6417;404.65;378.02;390.56;26.63;34.712;117.840;7.528;-35.254;42.782;media;17.52;-10.201;-53.860;6.849;54.233;60.709;200.9;27.00
TUBI;29;1;0;0.804;-0.6417;404.65;378.02;390.56;26.63;34.712;117.840;7.528;-35.254;42.782;esterna;19.05;-11.784;-7.412;51.713;61.428;63.497;200.9;30.58
TUBI;30;1;0;0.852;-0.6417;403.19;377.06;389.37;26.13;34.711;117.840;7.528;-35.254;42.782;interna;16.00;-3.471;-108.602;-41.164;92.253;105.131;201.1;45.87
TUBI;30;1;0;0.852;-0.6417;403.19;377.06;389.37;26.13;34.711;117.840;7.528;-35.254;42.782;media;17.52;-10.162;-53.886;6.862;54.276;60.747;201.1;26.99
TUBI;30;1;0;0.852;-0.6417;403.19;377.06;389.37;26.13;34.711;117.840;7.528;-35.254;42.782;esterna;19.05;-11.784;-8.249;50.877;60.970;62.661;201.1;30.31
TUBI;31;1;0;0.902;-0.6417;401.73;376.10;388.17;25.62;34.711;117.840;7.528;-35.254;42.782;interna;16.00;-3.471;-107.667;-40.228;91.531;104.195;201.4;45.45
TUBI;31;1;0;0.902;-0.6417;401.73;376.10;388.17;25.62;34.711;117.840;7.528;-35.254;42.782;media;17.52;-10.124;-53.912;6.874;54.320;60.786;201.4;26.98
TUBI;31;1;0;0.902;-0.6417;401.73;376.10;388.17;25.62;34.711;117.840;7.528;-35.254;42.782;esterna;19.05;-11.784;-9.082;50.044;60.522;61.828;201.4;30.06
TUBI;32;1;0;0.953;-0.6417;400.25;375.13;386.96;25.11;34.710;117.840;7.528;-35.254;42.782;interna;16.00;-3.471;-106.717;-39.278;90.801;103.246;201.6;45.04
TUBI;32;1;0;0.953;-0.6417;400.25;375.13;386.96;25.11;34.710;117.840;7.528;-35.254;42.782;media;17.52;-10.085;-53.938;6.887;54.364;60.825;201.6;26.97
TUBI;32;1;0;0.953;-0.6417;400.25;375.13;386.96;25.11;34.710;117.840;7.528;-35.254;42.782;esterna;19.05;-11.784;-9.928;49.198;60.076;60.982;201.6;29.80
TUBI;33;1;0;1.007;-0.6417;398.76;374.15;385.74;24.60;34.710;117.840;7.528;-35.254;42.782;interna;16.00;-3.471;-105.769;-38.330;90.078;102.298;201.9;44.63
TUBI;33;1;0;1.007;-0.6417;398.76;374.15;385.74;24.60;34.710;117.840;7.528;-35.254;42.782;media;17.52;-10.046;-53.964;6.900;54.408;60.864;201.9;26.95
TUBI;33;1;0;1.007;-0.6417;398.76;374.15;385.74;24.60;34.710;117.840;7.528;-35.254;42.782;esterna;19.05;-11.784;-10.772;48.354;59.639;60.138;201.9;29.55
TUBI;34;1;0;1.063;-0.6417;397.25;373.16;384.51;24.09;34.709;117.840;7.528;-35.254;42.782;interna;16.00;-3.471;-104.807;-37.367;89.348;101.336;202.1;44.21
TUBI;34;1;0;1.063;-0.6417;397.25;373.16;384.51;24.09;34.709;117.840;7.528;-35.254;42.782;media;17.52;-10.007;-53.990;6.914;54.453;60.904;202.1;26.94
TUBI;34;1;0;1.063;-0.6417;397.25;373.16;384.51;24.09;34.709;117.840;7.528;-35.254;42.782;esterna;19.05;-11.784;-11.629;47.497;59.204;59.281;202.1;29.29
TUBI;35;1;0;1.122;-0.6417;395.74;372.16;383.27;23.57;34.709;117.840;7.528;-35.254;42.782;interna;16.00;-3.471;-103.847;-36.407;88.623;100.376;202.3;43.80
TUBI;35;1;0;1.122;-0.6417;395.74;372.16;383.27;23.57;34.709;117.840;7.528;-35.254;42.782;media;17.52;-9.967;-54.017;6.927;54.497;60.944;202.3;26.93
TUBI;35;1;0;1.122;-0.6417;395.74;372.16;383.27;23.57;34.709;117.840;7.528;-35.254;42.782;esterna;19.05;-11.784;-12.485;46.642;58.780;59.127;202.3;29.05
TUBI;36;1;0;1.182;-0.6417;394.20;371.15;382.01;23.05;34.708;117.840;7.528;-35.254;42.782;interna;16.00;-3.471;-102.872;-35.432;87.893;99.401;202.6;43.38
TUBI;36;1;0;1.182;-0.6417;394.20;371.15;382.01;23.05;34.708;117.840;7.528;-35.254;42.782;media;17.52;-9.927;-54.044;6.940;54.543;60.984;202.6;26.92
TUBI;36;1;0;1.182;-0.6417;394.20;371.15;382.01;23.05;34.708;117.840;7.528;-35.254;42.782;esterna;19.05;-11.784;-13.353;45.774;58.358;59.127;202.6;28.81
TUBI;37;1;0;1.246;-0.6417;392.76;370.20;380.83;22.56;34.708;117.840;7.528;-35.254;42.782;interna;16.00;-3.471;-101.961;-34.520;87.214;98.490;202.8;43.00
TUBI;37;1;0;1.246;-0.6417;392.76;370.20;380.83;22.56;34.708;117.840;7.528;-35.254;42.782;media;17.52;-9.890;-54.069;6.952;54.585;61.021;202.8;26.91
TUBI;37;1;0;1.246;-0.6417;392.76;370.20;380.83;22.56;34.708;117.840;7.528;-35.254;42.782;esterna;19.05;-11.784;-14.165;44.962;57.974;59.127;202.8;28.58
TUBI;38;1;0;1.311;-0.6417;391.20;369.17;379.55;22.03;34.707;117.840;7.528;-35.254;42.782;interna;16.00;-3.471;-100.974;-33.533;86.484;97.503;203.1;42.58
TUBI;38;1;0;1.311;-0.6417;391.20;369.17;379.55;22.03;34.707;117.840;7.528;-35.254;42.782;media;17.52;-9.850;-54.096;6.966;54.631;61.062;203.1;26.90
TUBI;38;1;0;1.311;-0.6417;391.20;369.17;379.55;22.03;34.707;117.840;7.528;-35.254;42.782;esterna;19.05;-11.784;-15.044;44.083;57.567;59.128;203.1;28.35
TUBI;39;1;0;1.380;-0.6417;389.64;368.14;378.26;21.50;34.706;117.840;7.528;-35.254;42.782;interna;16.00;-3.471;-99.988;-32.547;85.759;96.517;203.3;42.17
TUBI;39;1;0;1.380;-0.6417;389.64;368.14;378.26;21.50;34.706;117.840;7.528;-35.254;42.782;media;17.52;-9.809;-54.123;6.979;54.677;61.103;203.3;26.89
TUBI;39;1;0;1.380;-0.6417;389.64;368.14;378.26;21.50;34.706;117.840;7.528;-35.254;42.782;esterna;19.05;-11.784;-15.922;43.206;57.171;59.128;203.3;28.12
TUBI;40;1;0;1.452;-0.6417;388.05;367.09;376.96;20.97;34.706;117.840;7.528;-35.254;42.782;interna;16.00;-3.471;-98.990;-31.548;85.031;95.519;203.6;41.76
TUBI;40;1;0;1.452;-0.6417;388.05;367.09;376.96;20.97;34.706;117.840;7.528;-35.254;42.782;media;17.52;-9.768;-54.151;6.993;54.724;61.144;203.6;26.88
TUBI;40;1;0;1.452;-0.6417;388.05;367.09;376.96;20.97;34.706;117.840;7.528;-35.254;42.782;esterna;19.05;-11.784;-16.812;42.316;56.781;59.128;203.6;27.89
TUBI;41;1;0;1.526;-0.6417;386.46;366.03;375.65;20.43;34.705;117.840;7.528;-35.254;42.782;interna;16.00;-3.471;-97.986;-30.544;84.305;94.516;203.9;41.35
TUBI;41;1;0;1.526;-0.6417;386.46;366.03;375.65;20.43;34.705;117.840;7.528;-35.254;42.782;media;17.52;-9.727;-54.179;7.007;54.770;61.185;203.9;26.87
TUBI;41;1;0;1.526;-0.6417;386.46;366.03;375.65;20.43;34.705;117.840;7.528;-35.254;42.782;esterna;19.05;-11.784;-17.706;41.423;56.401;59.129;203.9;27.67
TUBI;42;1;0;1.603;-0.6417;384.86;364.97;374.33;19.89;34.704;117.840;7.528;-35.254;42.782;interna;16.00;-3.470;-96.985;-29.542;83.586;93.514;204.1;40.95
TUBI;42;1;0;1.603;-0.6417;384.86;364.97;374.33;19.89;34.704;117.840;7.528;-35.254;42.782;media;17.52;-9.686;-54.206;7.021;54.817;61.227;204.1;26.85
TUBI;42;1;0;1.603;-0.6417;384.86;364.97;374.33;19.89;34.704;117.840;7.528;-35.254;42.782;esterna;19.05;-11.784;-18.598;40.531;56.033;59.129;204.1;27.45
TUBI;43;1;0;1.684;-0.6417;383.24;363.89;373.00;19.35;34.704;117.840;7.528;-35.254;42.782;interna;16.00;-3.470;-95.972;-28.530;82.865;92.502;204.4;40.54
TUBI;43;1;0;1.684;-0.6417;383.24;363.89;373.00;19.35;34.704;117.840;7.528;-35.254;42.782;media;17.52;-9.645;-54.234;7.034;54.865;61.269;204.4;26.84
TUBI;43;1;0;1.684;-0.6417;383.24;363.89;373.00;19.35;34.704;117.840;7.528;-35.254;42.782;esterna;19.05;-11.784;-19.500;39.629;55.674;59.129;204.4;27.24
TUBI;44;1;0;1.768;-0.6417;381.61;362.81;371.67;18.80;34.703;117.840;7.528;-35.254;42.782;interna;16.00;-3.470;-94.957;-27.514;82.148;91.487;204.7;40.14
TUBI;44;1;0;1.768;-0.6417;381.61;362.81;371.67;18.80;34.703;117.840;7.528;-35.254;42.782;media;17.52;-9.603;-54.262;7.048;54.912;61.311;204.7;26.83
TUBI;44;1;0;1.768;-0.6417;381.61;362.81;371.67;18.80;34.703;117.840;7.528;-35.254;42.782;esterna;19.05;-11.784;-20.405;38.725;55.325;59.130;204.7;27.03
TUBI;45;1;0;1.855;-0.6417;379.98;361.72;370.32;18.26;34.702;117.840;7.528;-35.254;42.782;interna;16.00;-3.470;-93.945;-26.501;81.439;90.474;204.9;39.74
TUBI;45;1;0;1.855;-0.6417;379.98;361.72;370.32;18.26;34.702;117.840;7.528;-35.254;42.782;media;17.52;-9.562;-54.290;7.062;54.960;61.352;204.9;26.82
TUBI;45;1;0;1.855;-0.6417;379.98;361.72;370.32;18.26;34.702;117.840;7.528;-35.254;42.782;esterna;19.05;-11.784;-21.307;37.823;54.990;59.130;204.9;26.83
TUBI;46;1;0;1.947;-0.6417;378.34;360.63;368.97;17.71;34.702;117.840;7.528;-35.254;42.782;interna;16.00;-3.470;-92.924;-25.480;80.732;89.454;205.2;39.34
TUBI;46;1;0;1.947;-0.6417;378.34;360.63;368.97;17.71;34.702;117.840;7.528;-35.254;42.782;media;17.52;-9.520;-54.318;7.076;55.007;61.395;205.2;26.81
TUBI;46;1;0;1.947;-0.6417;378.34;360.63;368.97;17.71;34.702;117.840;7.528;-35.254;42.782;esterna;19.05;-11.784;-22.216;36.914;54.666;59.130;205.2;26.64
TUBI;47;1;0;2.041;-0.6417;376.70;359.53;367.62;17.16;34.701;117.840;7.528;-35.254;42.782;interna;16.00;-3.470;-91.903;-24.458;80.030;88.433;205.5;38.95
TUBI;47;1;0;2.041;-0.6417;376.70;359.53;367.62;17.16;34.701;117.840;7.528;-35.254;42.782;media;17.52;-9.478;-54.347;7.090;55.055;61.437;205.5;26.79
TUBI;47;1;0;2.041;-0.6417;376.70;359.53;367.62;17.16;34.701;117.840;7.528;-35.254;42.782;esterna;19.05;-11.784;-23.126;36.005;54.355;59.131;205.5;26.45
TUBI;48;1;0;2.140;-0.6417;375.05;358.43;366.26;16.61;34.700;117.840;7.528;-35.254;42.782;interna;16.00;-3.470;-90.882;-23.437;79.336;87.412;205.7;38.56
TUBI;48;1;0;2.140;-0.6417;375.05;358.43;366.26;16.61;34.700;117.840;7.528;-35.254;42.782;media;17.52;-9.436;-54.375;7.104;55.103;61.479;205.7;26.78
TUBI;48;1;0;2.140;-0.6417;375.05;358.43;366.26;16.61;34.700;117.840;7.528;-35.254;42.782;esterna;19.05;-11.784;-24.036;35.095;54.057;59.131;205.7;26.27
TUBI;49;1;0;2.243;-0.6417;373.40;357.33;364.89;16.07;34.699;117.840;7.528;-35.254;42.782;interna;16.00;-3.470;-89.866;-22.421;78.652;86.396;206.0;38.18
TUBI;49;1;0;2.243;-0.6417;373.40;357.33;364.89;16.07;34.699;117.840;7.528;-35.254;42.782;media;17.52;-9.394;-54.403;7.118;55.151;61.521;206.0;26.77
TUBI;49;1;0;2.243;-0.6417;373.40;357.33;364.89;16.07;34.699;117.840;7.528;-35.254;42.782;esterna;19.05;-11.784;-24.941;34.191;53.774;59.131;206.0;26.10
TUBI;50;1;0;2.350;-0.6417;371.74;356.22;363.53;15.52;34.698;117.840;7.528;-35.254;42.782;interna;16.00;-3.470;-88.847;-21.401;77.974;85.378;206.3;37.80
TUBI;50;1;0;2.350;-0.6417;371.74;356.22;363.53;15.52;34.698;117.840;7.528;-35.254;42.782;media;17.52;-9.353;-54.431;7.132;55.199;61.563;206.3;26.76
TUBI;50;1;0;2.350;-0.6417;371.74;356.22;363.53;15.52;34.698;117.840;7.528;-35.254;42.782;esterna;19.05;-11.784;-25.849;33.283;53.504;59.132;206.3;25.94
TUBI;51;1;0;2.461;-0.6417;370.09;355.11;362.17;14.98;34.697;117.840;7.528;-35.254;42.782;interna;16.00;-3.470;-87.831;-20.385;77.305;84.362;206.6;37.42
TUBI;51;1;0;2.461;-0.6417;370.09;355.11;362.17;14.98;34.697;117.840;7.528;-35.254;42.782;media;17.52;-9.311;-54.459;7.146;55.247;61.605;206.6;26.75
TUBI;51;1;0;2.461;-0.6417;370.09;355.11;362.17;14.98;34.697;117.840;7.528;-35.254;42.782;esterna;19.05;-11.784;-26.754;32.378;53.249;59.132;206.6;25.78
TUBI;52;1;0;2.578;-0.6417;368.44;354.01;360.80;14.43;34.697;117.840;7.528;-35.254;42.782;interna;16.00;-3.470;-86.820;-19.373;76.646;83.350;206.8;37.06
TUBI;52;1;0;2.578;-0.6417;368.44;354.01;360.80;14.43;34.697;117.840;7.528;-35.254;42.782;media;17.52;-9.269;-54.487;7.160;55.295;61.647;206.8;26.73
TUBI;52;1;0;2.578;-0.6417;368.44;354.01;360.80;14.43;34.697;117.840;7.528;-35.254;42.782;esterna;19.05;-11.784;-27.656;31.477;53.010;59.133;206.8;25.63
TUBI;53;1;0;2.698;-0.6417;366.80;352.90;359.45;13.90;34.696;117.840;7.528;-35.254;42.782;interna;16.00;-3.470;-85.818;-18.370;76.001;82.348;207.1;36.70
TUBI;53;1;0;2.698;-0.6417;366.80;352.90;359.45;13.90;34.696;117.840;7.528;-35.254;42.782;media;17.52;-9.228;-54.515;7.173;55.342;61.689;207.1;26.72
TUBI;53;1;0;2.698;-0.6417;366.80;352.90;359.45;13.90;34.696;117.840;7.528;-35.254;42.782;esterna;19.05;-11.784;-28.549;30.584;52.787;59.133;207.1;25.49
TUBI;54;1;0;2.824;-0.6417;365.16;351.80;358.09;13.36;34.695;117.840;7.528;-35.254;42.782;interna;16.00;-3.469;-84.817;-17.369;75.365;81.348;207.4;36.34
TUBI;54;1;0;2.824;-0.6417;365.16;351.80;358.09;13.36;34.695;117.840;7.528;-35.254;42.782;media;17.52;-9.187;-54.543;7.187;55.389;61.730;207.4;26.71
TUBI;54;1;0;2.824;-0.6417;365.16;351.80;358.09;13.36;34.695;117.840;7.528;-35.254;42.782;esterna;19.05;-11.784;-29.440;29.693;52.578;59.134;207.4;25.35
TUBI;55;1;0;2.955;-0.6417;363.53;350.70;356.74;12.83;34.694;117.840;7.528;-35.254;42.782;interna;16.00;-3.469;-83.824;-16.376;74.742;80.355;207.7;35.99
TUBI;55;1;0;2.955;-0.6417;363.53;350.70;356.74;12.83;34.694;117.840;7.528;-35.254;42.782;media;17.52;-9.147;-54.571;7.201;55.436;61.771;207.7;26.70
TUBI;55;1;0;2.955;-0.6417;363.53;350.70;356.74;12.83;34.694;117.840;7.528;-35.254;42.782;esterna;19.05;-11.784;-30.325;28.809;52.385;59.134;207.7;25.23
TUBI;56;1;0;3.092;-0.6417;361.91;349.61;355.41;12.30;34.693;117.840;7.528;-35.254;42.782;interna;16.00;-3.469;-82.845;-15.396;74.135;79.376;207.9;35.66
TUBI;56;1;0;3.092;-0.6417;361.91;349.61;355.41;12.30;34.693;117.840;7.528;-35.254;42.782;media;17.52;-9.106;-54.598;7.214;55.482;61.812;207.9;26.68
TUBI;56;1;0;3.092;-0.6417;361.91;349.61;355.41;12.30;34.693;117.840;7.528;-35.254;42.782;esterna;19.05;-11.784;-31.198;27.936;52.209;59.134;207.9;25.11
TUBI;57;1;0;3.234;-0.6417;360.31;348.53;354.08;11.78;34.692;117.840;7.528;-35.254;42.782;interna;16.00;-3.469;-81.871;-14.421;73.540;78.402;208.2;35.32
TUBI;57;1;0;3.234;-0.6417;360.31;348.53;354.08;11.78;34.692;117.840;7.528;-35.254;42.782;media;17.52;-9.066;-54.625;7.227;55.528;61.852;208.2;26.67
TUBI;57;1;0;3.234;-0.6417;360.31;348.53;354.08;11.78;34.692;117.840;7.528;-35.254;42.782;esterna;19.05;-11.784;-32.066;27.069;52.047;59.135;208.2;25.00
TUBI;58;1;0;3.382;-0.6417;358.72;347.46;352.76;11.26;34.691;117.840;7.528;-35.254;42.782;interna;16.00;-3.469;-80.909;-13.458;72.960;77.440;208.4;35.00
TUBI;58;1;0;3.382;-0.6417;358.72;347.46;352.76;11.26;34.691;117.840;7.528;-35.254;42.782;media;17.52;-9.027;-54.652;7.241;55.574;61.892;208.4;26.66
TUBI;58;1;0;3.382;-0.6417;358.72;347.46;352.76;11.26;34.691;117.840;7.528;-35.254;42.782;esterna;19.05;-11.784;-32.924;26.211;51.902;59.135;208.4;24.90
TUBI;59;1;0;3.536;-0.6417;357.17;346.41;351.48;10.75;34.690;117.840;7.528;-35.254;42.782;interna;16.00;-3.469;-79.962;-12.511;72.397;76.493;208.7;34.69
TUBI;59;1;0;3.536;-0.6417;357.17;346.41;351.48;10.75;34.690;117.840;7.528;-35.254;42.782;media;17.52;-8.988;-54.678;7.254;55.619;61.932;208.7;26.65
TUBI;59;1;0;3.536;-0.6417;357.17;346.41;351.48;10.75;34.690;117.840;7.528;-35.254;42.782;esterna;19.05;-11.784;-33.768;25.368;51.772;59.136;208.7;24.81
TUBI;60;1;0;3.697;-0.6417;355.60;345.35;350.18;10.25;34.688;117.840;7.528;-35.254;42.782;interna;16.00;-3.469;-79.027;-11.575;71.849;75.558;209.0;34.38
TUBI;60;1;0;3.697;-0.6417;355.60;345.35;350.18;10.25;34.688;117.840;7.528;-35.254;42.782;media;17.52;-8.950;-54.704;7.266;55.663;61.971;209.0;26.64
TUBI;60;1;0;3.697;-0.6417;355.60;345.35;350.18;10.25;34.688;117.840;7.528;-35.254;42.782;esterna;19.05;-11.784;-34.601;24.535;51.657;59.137;209.0;24.72
TUBI;61;1;0;3.864;-0.6417;354.06;344.31;348.90;9.76;34.687;117.840;7.528;-35.254;42.782;interna;16.00;-3.469;-78.108;-10.655;71.318;74.639;209.2;34.09
TUBI;61;1;0;3.864;-0.6417;354.06;344.31;348.90;9.76;34.687;117.840;7.528;-35.254;42.782;media;17.52;-8.912;-54.730;7.279;55.707;62.009;209.2;26.63
TUBI;61;1;0;3.864;-0.6417;354.06;344.31;348.90;9.76;34.687;117.840;7.528;-35.254;42.782;esterna;19.05;-11.784;-35.421;23.716;51.557;59.137;209.2;24.64
TUBI;62;1;0;4.038;-0.6417;352.55;343.28;347.65;9.27;34.686;117.840;7.528;-35.254;42.782;interna;16.00;-3.469;-77.208;-9.755;70.806;73.739;209.5;33.80
TUBI;62;1;0;4.038;-0.6417;352.55;343.28;347.65;9.27;34.686;117.840;7.528;-35.254;42.782;media;17.52;-8.875;-54.755;7.291;55.750;62.046;209.5;26.61
TUBI;62;1;0;4.038;-0.6417;352.55;343.28;347.65;9.27;34.686;117.840;7.528;-35.254;42.782;esterna;19.05;-11.784;-36.223;22.914;51.471;59.138;209.5;24.57
TUBI;63;1;0;4.219;-0.6417;351.07;342.27;346.42;8.80;34.685;117.840;7.528;-35.254;42.782;interna;16.00;-3.468;-76.322;-8.868;70.309;72.854;209.7;33.53
TUBI;63;1;0;4.219;-0.6417;351.07;342.27;346.42;8.80;34.685;117.840;7.528;-35.254;42.782;media;17.52;-8.839;-54.780;7.303;55.792;62.083;209.7;26.60
TUBI;63;1;0;4.219;-0.6417;351.07;342.27;346.42;8.80;34.685;117.840;7.528;-35.254;42.782;esterna;19.05;-11.784;-37.013;22.125;51.399;59.138;209.7;24.51
TUBI;64;1;0;4.407;-0.6417;349.62;341.28;345.21;8.33;34.684;117.840;7.528;-35.254;42.782;interna;16.00;-3.468;-75.458;-8.003;69.832;71.989;210.0;33.26
TUBI;64;1;0;4.407;-0.6417;349.62;341.28;345.21;8.33;34.684;117.840;7.528;-35.254;42.782;media;17.52;-8.803;-54.804;7.315;55.833;62.119;210.0;26.59
TUBI;64;1;0;4.407;-0.6417;349.62;341.28;345.21;8.33;34.684;117.840;7.528;-35.254;42.782;esterna;19.05;-11.784;-37.784;21.355;51.340;59.139;210.0;24.45
TUBI;65;1;0;4.604;-0.6417;348.20;340.32;344.03;7.88;34.682;117.840;7.528;-35.254;42.782;interna;16.00;-3.468;-74.613;-7.158;69.374;71.145;210.2;33.00
TUBI;65;1;0;4.604;-0.6417;348.20;340.32;344.03;7.88;34.682;117.840;7.528;-35.254;42.782;media;17.52;-8.769;-54.828;7.327;55.874;62.155;210.2;26.58
TUBI;65;1;0;4.604;-0.6417;348.20;340.32;344.03;7.88;34.682;117.840;7.528;-35.254;42.782;esterna;19.05;-11.784;-38.537;20.602;51.294;59.139;210.2;24.40
TUBI;66;1;0;4.809;-0.6417;346.81;339.38;342.88;7.44;34.681;117.840;7.528;-35.254;42.782;interna;16.00;-3.468;-73.786;-6.330;68.932;70.318;210.4;32.76
TUBI;66;1;0;4.809;-0.6417;346.81;339.38;342.88;7.44;34.681;117.840;7.528;-35.254;42.782;media;17.52;-8.735;-54.851;7.338;55.913;62.189;210.4;26.57
TUBI;66;1;0;4.809;-0.6417;346.81;339.38;342.88;7.44;34.681;117.840;7.528;-35.254;42.782;esterna;19.05;-11.784;-39.275;19.865;51.259;59.140;210.4;24.36
TUBI;67;1;0;5.022;-0.6417;345.47;338.46;341.76;7.01;34.680;117.840;7.528;-35.254;42.782;interna;16.00;-3.468;-72.983;-5.527;68.509;69.515;210.6;32.52
TUBI;67;1;0;5.022;-0.6417;345.47;338.46;341.76;7.01;34.680;117.840;7.528;-35.254;42.782;media;17.52;-8.702;-54.874;7.349;55.952;62.223;210.6;26.56
TUBI;67;1;0;5.022;-0.6417;345.47;338.46;341.76;7.01;34.680;117.840;7.528;-35.254;42.782;esterna;19.05;-11.784;-39.991;19.150;51.236;59.141;210.6;24.32
TUBI;68;1;0;5.243;-0.6417;344.16;337.57;340.67;6.59;34.678;117.840;7.528;-35.254;42.782;interna;16.00;-3.468;-72.203;-4.746;68.106;68.736;210.9;32.30
TUBI;68;1;0;5.243;-0.6417;344.16;337.57;340.67;6.59;34.678;117.840;7.528;-35.254;42.782;media;17.52;-8.670;-54.896;7.360;55.989;62.256;210.9;26.55
TUBI;68;1;0;5.243;-0.6417;344.16;337.57;340.67;6.59;34.678;117.840;7.528;-35.254;42.782;esterna;19.05;-11.784;-40.686;18.455;51.222;59.141;210.9;24.29
TUBI;69;1;0;5.474;-0.6417;342.89;336.71;339.62;6.18;34.677;117.840;7.528;-35.254;42.782;interna;16.00;-3.468;-71.447;-3.988;67.720;67.979;211.1;32.08
TUBI;69;1;0;5.474;-0.6417;342.89;336.71;339.62;6.18;34.677;117.840;7.528;-35.254;42.782;media;17.52;-8.639;-54.917;7.370;56.025;62.287;211.1;26.54
TUBI;69;1;0;5.474;-0.6417;342.89;336.71;339.62;6.18;34.677;117.840;7.528;-35.254;42.782;esterna;19.05;-11.784;-41.362;17.781;51.219;59.142;211.1;24.27
TUBI;70;1;0;5.715;-0.6417;341.66;335.87;338.60;5.79;34.675;117.840;7.528;-35.254;42.782;interna;16.00;-3.468;-70.714;-3.255;67.353;67.459;211.3;31.88
TUBI;70;1;0;5.715;-0.6417;341.66;335.87;338.60;5.79;34.675;117.840;7.528;-35.254;42.782;media;17.52;-8.609;-54.938;7.380;56.061;62.318;211.3;26.53
TUBI;70;1;0;5.715;-0.6417;341.66;335.87;338.60;5.79;34.675;117.840;7.528;-35.254;42.782;esterna;19.05;-11.784;-42.015;17.128;51.223;59.143;211.3;24.24
TUBI;71;1;0;5.965;-0.6417;340.47;335.07;337.61;5.41;34.674;117.840;7.528;-35.254;42.782;interna;16.00;-3.467;-70.007;-2.547;67.004;67.460;211.5;31.68
TUBI;71;1;0;5.965;-0.6417;340.47;335.07;337.61;5.41;34.674;117.840;7.528;-35.254;42.782;media;17.52;-8.580;-54.958;7.390;56.095;62.348;211.5;26.53
TUBI;71;1;0;5.965;-0.6417;340.47;335.07;337.61;5.41;34.674;117.840;7.528;-35.254;42.782;esterna;19.05;-11.784;-42.647;16.497;51.236;59.143;211.5;24.23
TUBI;72;1;0;6.226;-0.6417;339.33;334.29;336.66;5.04;34.672;117.840;7.528;-35.254;42.782;interna;16.00;-3.467;-69.325;-1.864;66.674;67.461;211.7;31.50
TUBI;72;1;0;6.226;-0.6417;339.33;334.29;336.66;5.04;34.672;117.840;7.528;-35.254;42.782;media;17.52;-8.552;-54.977;7.399;56.128;62.377;211.7;26.52
TUBI;72;1;0;6.226;-0.6417;339.33;334.29;336.66;5.04;34.672;117.840;7.528;-35.254;42.782;esterna;19.05;-11.784;-43.255;15.889;51.256;59.144;211.7;24.22
TUBI;73;1;0;6.498;-0.6417;338.23;333.54;335.75;4.69;34.671;117.840;7.528;-35.254;42.782;interna;16.00;-3.467;-68.669;-1.207;66.361;67.462;211.8;31.32
TUBI;73;1;0;6.498;-0.6417;338.23;333.54;335.75;4.69;34.671;117.840;7.528;-35.254;42.782;media;17.52;-8.525;-54.996;7.408;56.159;62.404;211.8;26.51
TUBI;73;1;0;6.498;-0.6417;338.23;333.54;335.75;4.69;34.671;117.840;7.528;-35.254;42.782;esterna;19.05;-11.784;-43.841;15.304;51.281;59.145;211.8;24.21
TUBI;74;1;0;6.780;-0.6417;337.18;332.83;334.88;4.35;34.669;117.840;7.528;-35.254;42.782;interna;16.00;-3.467;-68.039;-0.576;66.065;67.463;212.0;31.16
TUBI;74;1;0;6.780;-0.6417;337.18;332.83;334.88;4.35;34.669;117.840;7.528;-35.254;42.782;media;17.52;-8.499;-55.014;7.417;56.190;62.431;212.0;26.50
TUBI;74;1;0;6.780;-0.6417;337.18;332.83;334.88;4.35;34.669;117.840;7.528;-35.254;42.782;esterna;19.05;-11.784;-44.403;14.743;51.312;59.146;212.0;24.20
TUBI;75;1;0;7.075;-0.6417;336.17;332.14;334.04;4.03;34.667;117.840;7.528;-35.254;42.782;interna;16.00;-3.467;-67.436;0.027;65.786;67.464;212.2;31.00
TUBI;75;1;0;7.075;-0.6417;336.17;332.14;334.04;4.03;34.667;117.840;7.528;-35.254;42.782;media;17.52;-8.474;-55.031;7.425;56.219;62.457;212.2;26.49
TUBI;75;1;0;7.075;-0.6417;336.17;332.14;334.04;4.03;34.667;117.840;7.528;-35.254;42.782;esterna;19.05;-11.784;-44.941;14.205;51.348;59.147;212.2;24.20
TUBI;76;1;0;7.381;-0.6417;335.21;331.49;333.24;3.72;34.666;117.840;7.528;-35.254;42.782;interna;16.00;-3.467;-66.862;0.603;65.525;67.465;212.4;30.86
TUBI;76;1;0;7.381;-0.6417;335.21;331.49;333.24;3.72;34.666;117.840;7.528;-35.254;42.782;media;17.52;-8.450;-55.048;7.433;56.247;62.481;212.4;26.49
TUBI;76;1;0;7.381;-0.6417;335.21;331.49;333.24;3.72;34.666;117.840;7.528;-35.254;42.782;esterna;19.05;-11.784;-45.454;13.693;51.387;59.147;212.4;24.20
TUBI;77;1;0;7.701;-0.6417;334.29;330.87;332.48;3.42;34.664;117.840;7.528;-35.254;42.782;interna;16.00;-3.466;-66.314;1.152;65.279;67.466;212.5;30.72
TUBI;77;1;0;7.701;-0.6417;334.29;330.87;332.48;3.42;34.664;117.840;7.528;-35.254;42.782;media;17.52;-8.428;-55.064;7.441;56.274;62.505;212.5;26.48
TUBI;77;1;0;7.701;-0.6417;334.29;330.87;332.48;3.42;34.664;117.840;7.528;-35.254;42.782;esterna;19.05;-11.784;-45.944;13.204;51.429;59.148;212.5;24.20
TUBI;78;1;0;8.033;-0.6417;333.42;330.28;331.76;3.14;34.662;117.840;7.528;-35.254;42.782;interna;16.00;-3.466;-65.793;1.674;65.050;67.467;212.6;30.59
TUBI;78;1;0;8.033;-0.6417;333.42;330.28;331.76;3.14;34.662;117.840;7.528;-35.254;42.782;media;17.52;-8.406;-55.079;7.448;56.300;62.527;212.6;26.48
TUBI;78;1;0;8.033;-0.6417;333.42;330.28;331.76;3.14;34.662;117.840;7.528;-35.254;42.782;esterna;19.05;-11.784;-46.409;12.740;51.473;59.149;212.6;24.21
TUBI;79;1;0;8.379;-0.6417;332.60;329.72;331.08;2.88;34.660;117.840;7.528;-35.254;42.782;interna;16.00;-3.466;-65.299;2.169;64.835;67.468;212.8;30.47
TUBI;79;1;0;8.379;-0.6417;332.60;329.72;331.08;2.88;34.660;117.840;7.528;-35.254;42.782;media;17.52;-8.386;-55.094;7.454;56.324;62.548;212.8;26.47
TUBI;79;1;0;8.379;-0.6417;332.60;329.72;331.08;2.88;34.660;117.840;7.528;-35.254;42.782;esterna;19.05;-11.784;-46.851;12.299;51.519;59.150;212.8;24.21
TUBI;80;1;0;8.740;-0.6417;331.82;329.20;330.43;2.63;34.658;117.840;7.528;-35.254;42.782;interna;16.00;-3.466;-64.833;2.636;64.635;67.469;212.9;30.36
TUBI;80;1;0;8.740;-0.6417;331.82;329.20;330.43;2.63;34.658;117.840;7.528;-35.254;42.782;media;17.52;-8.367;-55.107;7.461;56.347;62.568;212.9;26.46
TUBI;80;1;0;8.740;-0.6417;331.82;329.20;330.43;2.63;34.658;117.840;7.528;-35.254;42.782;esterna;19.05;-11.784;-47.268;11.883;51.566;59.151;212.9;24.22
TUBI;81;1;0;9.115;-0.6417;331.09;328.70;329.83;2.39;34.656;117.840;7.528;-35.254;42.782;interna;16.00;-3.466;-64.394;3.077;64.449;67.470;213.0;30.25
TUBI;81;1;0;9.115;-0.6417;331.09;328.70;329.83;2.39;34.656;117.840;7.528;-35.254;42.782;media;17.52;-8.349;-55.120;7.467;56.369;62.587;213.0;26.46
TUBI;81;1;0;9.115;-0.6417;331.09;328.70;329.83;2.39;34.656;117.840;7.528;-35.254;42.782;esterna;19.05;-11.784;-47.661;11.491;51.613;59.152;213.0;24.23
TUBI;82;1;0;9.506;-0.6417;330.40;328.24;329.26;2.17;34.654;117.840;7.528;-35.254;42.782;interna;16.00;-3.465;-63.981;3.491;64.276;67.472;213.1;30.16
TUBI;82;1;0;9.506;-0.6417;330.40;328.24;329.26;2.17;34.654;117.840;7.528;-35.254;42.782;media;17.52;-8.332;-55.133;7.473;56.390;62.605;213.1;26.46
TUBI;82;1;0;9.506;-0.6417;330.40;328.24;329.26;2.17;34.654;117.840;7.528;-35.254;42.782;esterna;19.05;-11.784;-48.031;11.122;51.660;59.153;213.1;24.24
TUBI;83;1;0;9.913;-0.6417;329.76;327.80;328.72;1.96;34.652;117.840;7.528;-35.254;42.782;interna;16.00;-3.465;-63.594;3.879;64.117;67.473;213.3;30.07
TUBI;83;1;0;9.913;-0.6417;329.76;327.80;328.72;1.96;34.652;117.840;7.528;-35.254;42.782;media;17.52;-8.316;-55.145;7.478;56.409;62.622;213.3;26.45
TUBI;83;1;0;9.913;-0.6417;329.76;327.80;328.72;1.96;34.652;117.840;7.528;-35.254;42.782;esterna;19.05;-11.784;-48.378;10.776;51.707;59.154;213.3;24.25
TUBI;84;1;0;10.337;-0.6417;329.16;327.39;328.22;1.76;34.650;117.840;7.528;-35.254;42.782;interna;16.00;-3.465;-63.232;4.242;63.970;67.474;213.4;29.98
TUBI;84;1;0;10.337;-0.6417;329.16;327.39;328.22;1.76;34.650;117.840;7.528;-35.254;42.782;media;17.52;-8.301;-55.156;7.483;56.427;62.638;213.4;26.45
TUBI;84;1;0;10.337;-0.6417;329.16;327.39;328.22;1.76;34.650;117.840;7.528;-35.254;42.782;esterna;19.05;-11.784;-48.702;10.453;51.753;59.155;213.4;24.26
TUBI;85;1;0;10.778;-0.6417;328.60;327.01;327.76;1.58;34.648;117.840;7.528;-35.254;42.782;interna;16.00;-3.465;-62.896;4.580;63.834;67.475;213.4;29.91
TUBI;85;1;0;10.778;-0.6417;328.60;327.01;327.76;1.58;34.648;117.840;7.528;-35.254;42.782;media;17.52;-8.287;-55.166;7.487;56.444;62.653;213.4;26.44
TUBI;85;1;0;10.778;-0.6417;328.60;327.01;327.76;1.58;34.648;117.840;7.528;-35.254;42.782;esterna;19.05;-11.784;-49.004;10.152;51.797;59.156;213.4;24.27
TUBI;86;1;0;11.238;-0.6417;328.08;326.66;327.33;1.41;34.645;117.840;7.528;-35.254;42.782;interna;16.00;-3.465;-62.583;4.893;63.710;67.477;213.5;29.84
TUBI;86;1;0;11.238;-0.6417;328.08;326.66;327.33;1.41;34.645;117.840;7.528;-35.254;42.782;media;17.52;-8.274;-55.176;7.492;56.460;62.668;213.5;26.44
TUBI;86;1;0;11.238;-0.6417;328.08;326.66;327.33;1.41;34.645;117.840;7.528;-35.254;42.782;esterna;19.05;-11.784;-49.284;9.873;51.840;59.157;213.5;24.28
TUBI;87;1;0;11.716;-0.6417;327.60;326.34;326.93;1.26;34.643;117.840;7.528;-35.254;42.782;interna;16.00;-3.464;-62.295;5.183;63.597;67.478;213.6;29.77
TUBI;87;1;0;11.716;-0.6417;327.60;326.34;326.93;1.26;34.643;117.840;7.528;-35.254;42.782;media;17.52;-8.262;-55.185;7.496;56.475;62.681;213.6;26.44
TUBI;87;1;0;11.716;-0.6417;327.60;326.34;326.93;1.26;34.643;117.840;7.528;-35.254;42.782;esterna;19.05;-11.784;-49.543;9.615;51.882;59.158;213.6;24.29
TUBI;88;1;0;12.214;-0.6417;327.15;326.04;326.56;1.12;34.640;117.840;7.528;-35.254;42.782;interna;16.00;-3.464;-62.029;5.450;63.494;67.480;213.7;29.71
TUBI;88;1;0;12.214;-0.6417;327.15;326.04;326.56;1.12;34.640;117.840;7.528;-35.254;42.782;media;17.52;-8.251;-55.194;7.499;56.489;62.693;213.7;26.44
TUBI;88;1;0;12.214;-0.6417;327.15;326.04;326.56;1.12;34.640;117.840;7.528;-35.254;42.782;esterna;19.05;-11.784;-49.782;9.377;51.921;59.160;213.7;24.30
TUBI;89;1;0;12.733;-0.6417;326.74;325.76;326.22;0.98;34.638;117.840;7.528;-35.254;42.782;interna;16.00;-3.464;-61.786;5.695;63.400;67.481;213.8;29.66
TUBI;89;1;0;12.733;-0.6417;326.74;325.76;326.22;0.98;34.638;117.840;7.528;-35.254;42.782;media;17.52;-8.241;-55.202;7.503;56.502;62.704;213.8;26.43
TUBI;89;1;0;12.733;-0.6417;326.74;325.76;326.22;0.98;34.638;117.840;7.528;-35.254;42.782;esterna;19.05;-11.784;-50.001;9.160;51.958;59.161;213.8;24.31
TUBI;0;2;0;0.007;-0.4991;342.54;336.38;339.28;6.16;34.740;117.840;8.166;-34.619;42.785;interna;16.00;-3.474;-71.378;-3.318;67.982;68.060;211.1;32.20
TUBI;0;2;0;0.007;-0.4991;342.54;336.38;339.28;6.16;34.740;117.840;8.166;-34.619;42.785;media;17.52;-8.640;-54.885;8.009;56.442;62.894;211.1;26.73
TUBI;0;2;0;0.007;-0.4991;342.54;336.38;339.28;6.16;34.740;117.840;8.166;-34.619;42.785;esterna;19.05;-11.784;-41.360;18.390;51.746;59.750;211.1;24.51
TUBI;1;2;0;0.022;-0.4991;342.52;336.36;339.26;6.16;34.725;117.840;8.166;-34.619;42.785;interna;16.00;-3.472;-71.375;-3.307;67.986;68.068;211.1;32.20
TUBI;1;2;0;0.022;-0.4991;342.52;336.36;339.26;6.16;34.725;117.840;8.166;-34.619;42.785;media;17.52;-8.639;-54.893;8.009;56.450;62.902;211.1;26.73
TUBI;1;2;0;0.022;-0.4991;342.52;336.36;339.26;6.16;34.725;117.840;8.166;-34.619;42.785;esterna;19.05;-11.784;-41.377;18.380;51.752;59.757;211.1;24.51
TUBI;2;2;0;0.037;-0.4991;342.50;336.35;339.25;6.15;34.725;117.840;8.166;-34.619;42.785;interna;16.00;-3.472;-71.364;-3.295;67.980;68.069;211.2;32.20
TUBI;2;2;0;0.037;-0.4991;342.50;336.35;339.25;6.15;34.725;117.840;8.166;-34.619;42.785;media;17.52;-8.639;-54.894;8.009;56.451;62.903;211.2;26.73
TUBI;2;2;0;0.037;-0.4991;342.50;336.35;339.25;6.15;34.725;117.840;8.166;-34.619;42.785;esterna;19.05;-11.784;-41.388;18.369;51.752;59.757;211.2;24.51
TUBI;3;2;0;0.053;-0.4991;342.48;336.34;339.23;6.14;34.724;117.840;8.166;-34.619;42.785;interna;16.00;-3.472;-71.352;-3.283;67.974;68.069;211.2;32.19
TUBI;3;2;0;0.053;-0.4991;342.48;336.34;339.23;6.14;34.724;117.840;8.166;-34.619;42.785;media;17.52;-8.638;-54.894;8.009;56.452;62.903;211.2;26.73
TUBI;3;2;0;0.053;-0.4991;342.48;336.34;339.23;6.14;34.724;117.840;8.166;-34.619;42.785;esterna;19.05;-11.784;-41.399;18.358;51.752;59.757;211.2;24.51
TUBI;4;2;0;0.070;-0.4991;342.33;336.24;339.11;6.10;34.724;117.840;8.166;-34.619;42.785;interna;16.00;-3.472;-71.264;-3.194;67.931;68.069;211.2;32.17
TUBI;4;2;0;0.070;-0.4991;342.33;336.24;339.11;6.10;34.724;117.840;8.166;-34.619;42.785;media;17.52;-8.634;-54.897;8.010;56.456;62.907;211.2;26.73
TUBI;4;2;0;0.070;-0.4991;342.33;336.24;339.11;6.10;34.724;117.840;8.166;-34.619;42.785;esterna;19.05;-11.784;-41.478;18.280;51.752;59.758;211.2;24.51
TUBI;5;2;0;0.087;-0.4991;342.21;336.16;339.01;6.06;34.723;117.840;8.166;-34.619;42.785;interna;16.00;-3.472;-71.189;-3.120;67.894;68.069;211.2;32.15
TUBI;5;2;0;0.087;-0.4991;342.21;336.16;339.01;6.06;34.723;117.840;8.166;-34.619;42.785;media;17.52;-8.631;-54.899;8.011;56.460;62.911;211.2;26.73
TUBI;5;2;0;0.087;-0.4991;342.21;336.16;339.01;6.06;34.723;117.840;8.166;-34.619;42.785;esterna;19.05;-11.784;-41.545;18.213;51.752;59.758;211.2;24.50
TUBI;6;2;0;0.105;-0.4991;342.11;336.09;338.93;6.02;34.723;117.840;8.166;-34.619;42.785;interna;16.00;-3.472;-71.128;-3.059;67.864;68.070;211.2;32.13
TUBI;6;2;0;0.105;-0.4991;342.11;336.09;338.93;6.02;34.723;117.840;8.166;-34.619;42.785;media;17.52;-8.629;-54.901;8.012;56.463;62.913;211.2;26.73
TUBI;6;2;0;0.105;-0.4991;342.11;336.09;338.93;6.02;34.723;117.840;8.166;-34.619;42.785;esterna;19.05;-11.784;-41.599;18.159;51.752;59.758;211.2;24.50
TUBI;7;2;0;0.124;-0.4991;342.02;336.03;338.85;5.99;34.722;117.840;8.166;-34.619;42.785;interna;16.00;-3.472;-71.075;-3.005;67.838;68.070;211.2;32.12
TUBI;7;2;0;0.124;-0.4991;342.02;336.03;338.85;5.99;34.722;117.840;8.166;-34.619;42.785;media;17.52;-8.627;-54.903;8.013;56.466;62.916;211.2;26.73
TUBI;7;2;0;0.124;-0.4991;342.02;336.03;338.85;5.99;34.722;117.840;8.166;-34.619;42.785;esterna;19.05;-11.784;-41.647;18.111;51.752;59.758;211.2;24.50
TUBI;8;2;0;0.144;-0.4991;341.94;335.98;338.79;5.97;34.722;117.840;8.166;-34.619;42.785;interna;16.00;-3.472;-71.027;-2.957;67.814;68.070;211.2;32.10
TUBI;8;2;0;0.144;-0.4991;341.94;335.98;338.79;5.97;34.722;117.840;8.166;-34.619;42.785;media;17.52;-8.625;-54.904;8.014;56.468;62.918;211.2;26.73
TUBI;8;2;0;0.144;-0.4991;341.94;335.98;338.79;5.97;34.722;117.840;8.166;-34.619;42.785;esterna;19.05;-11.784;-41.690;18.068;51.752;59.759;211.2;24.50
TUBI;9;2;0;0.164;-0.4991;341.87;335.93;338.73;5.95;34.721;117.840;8.166;-34.619;42.785;interna;16.00;-3.472;-70.984;-2.913;67.793;68.071;211.3;32.09
TUBI;9;2;0;0.164;-0.4991;341.87;335.93;338.73;5.95;34.721;117.840;8.166;-34.619;42.785;media;17.52;-8.623;-54.906;8.014;56.471;62.920;211.3;26.73
TUBI;9;2;0;0.164;-0.4991;341.87;335.93;338.73;5.95;34.721;117.840;8.166;-34.619;42.785;esterna;19.05;-11.784;-41.730;18.029;51.753;59.759;211.3;24.50
TUBI;10;2;0;0.185;-0.4991;341.80;335.88;338.67;5.92;34.721;117.840;8.166;-34.619;42.785;interna;16.00;-3.472;-70.943;-2.872;67.773;68.071;211.3;32.08
TUBI;10;2;0;0.185;-0.4991;341.80;335.88;338.67;5.92;34.721;117.840;8.166;-34.619;42.785;media;17.52;-8.621;-54.907;8.015;56.473;62.922;211.3;26.73
TUBI;10;2;0;0.185;-0.4991;341.80;335.88;338.67;5.92;34.721;117.840;8.166;-34.619;42.785;esterna;19.05;-11.784;-41.766;17.993;51.753;59.759;211.3;24.50
TUBI;11;2;0;0.207;-0.4991;431.57;395.51;412.50;36.06;34.717;117.840;8.166;-34.619;42.785;interna;16.00;-3.472;-127.102;-59.029;107.250;123.630;196.5;54.58
TUBI;11;2;0;0.207;-0.4991;431.57;395.51;412.50;36.06;34.717;117.840;8.166;-34.619;42.785;media;17.52;-10.920;-53.378;7.246;53.889;60.625;196.5;27.42
TUBI;11;2;0;0.207;-0.4991;431.57;395.51;412.50;36.06;34.717;117.840;8.166;-34.619;42.785;esterna;19.05;-11.784;8.228;67.988;71.887;79.772;196.5;36.58
TUBI;12;2;0;0.230;-0.4991;429.76;394.34;411.02;35.42;34.717;117.840;8.166;-34.619;42.785;interna;16.00;-3.472;-125.919;-57.846;106.263;122.447;196.8;54.00
TUBI;12;2;0;0.230;-0.4991;429.76;394.34;411.02;35.42;34.717;117.840;8.166;-34.619;42.785;media;17.52;-10.872;-53.411;7.263;53.943;60.673;196.8;27.41
TUBI;12;2;0;0.230;-0.4991;429.76;394.34;411.02;35.42;34.717;117.840;8.166;-34.619;42.785;esterna;19.05;-11.784;7.174;66.935;71.160;78.719;196.8;36.16
TUBI;13;2;0;0.254;-0.4991;428.03;393.22;409.61;34.82;34.717;117.840;8.166;-34.619;42.785;interna;16.00;-3.472;-124.794;-56.721;105.329;121.322;197.1;53.45
TUBI;13;2;0;0.254;-0.4991;428.03;393.22;409.61;34.82;34.717;117.840;8.166;-34.619;42.785;media;17.52;-10.825;-53.441;7.278;53.994;60.719;197.1;27.40
TUBI;13;2;0;0.254;-0.4991;428.03;393.22;409.61;34.82;34.717;117.840;8.166;-34.619;42.785;esterna;19.05;-11.784;6.172;65.933;70.476;77.717;197.1;35.76
TUBI;14;2;0;0.279;-0.4991;426.39;392.14;408.27;34.25;34.717;117.840;8.166;-34.619;42.785;interna;16.00;-3.472;-123.728;-55.654;104.447;120.256;197.3;52.93
TUBI;14;2;0;0.279;-0.4991;426.39;392.14;408.27;34.25;34.717;117.840;8.166;-34.619;42.785;media;17.52;-10.782;-53.471;7.293;54.042;60.763;197.3;27.38
TUBI;14;2;0;0.279;-0.4991;426.39;392.14;408.27;34.25;34.717;117.840;8.166;-34.619;42.785;esterna;19.05;-11.784;5.223;64.984;69.835;76.768;197.3;35.39
TUBI;15;2;0;0.305;-0.4991;424.79;391.10;406.97;33.69;34.716;117.840;8.166;-34.619;42.785;interna;16.00;-3.472;-122.687;-54.614;103.590;119.215;197.6;52.42
TUBI;15;2;0;0.305;-0.4991;424.79;391.10;406.97;33.69;34.716;117.840;8.166;-34.619;42.785;media;17.52;-10.739;-53.499;7.307;54.090;60.806;197.6;27.37
TUBI;15;2;0;0.305;-0.4991;424.79;391.10;406.97;33.69;34.716;117.840;8.166;-34.619;42.785;esterna;19.05;-11.784;4.296;64.057;69.217;75.841;197.6;35.03
TUBI;16;2;0;0.332;-0.4991;423.24;390.09;405.70;33.14;34.716;117.840;8.166;-34.619;42.785;interna;16.00;-3.472;-121.677;-53.603;102.761;118.205;197.9;51.94
TUBI;16;2;0;0.332;-0.4991;423.24;390.09;405.70;33.14;34.716;117.840;8.166;-34.619;42.785;media;17.52;-10.698;-53.527;7.321;54.136;60.847;197.9;27.36
TUBI;16;2;0;0.332;-0.4991;423.24;390.09;405.70;33.14;34.716;117.840;8.166;-34.619;42.785;esterna;19.05;-11.784;3.396;63.158;68.622;74.942;197.9;34.68
TUBI;17;2;0;0.360;-0.4991;421.72;389.10;404.47;32.62;34.716;117.840;8.166;-34.619;42.785;interna;16.00;-3.472;-120.701;-52.627;101.963;117.229;198.1;51.47
TUBI;17;2;0;0.360;-0.4991;421.72;389.10;404.47;32.62;34.716;117.840;8.166;-34.619;42.785;media;17.52;-10.658;-53.554;7.334;54.180;60.888;198.1;27.35
TUBI;17;2;0;0.360;-0.4991;421.72;389.10;404.47;32.62;34.716;117.840;8.166;-34.619;42.785;esterna;19.05;-11.784;2.527;62.289;68.055;74.073;198.1;34.35
TUBI;18;2;0;0.390;-0.4991;420.23;388.13;403.25;32.10;34.716;117.840;8.166;-34.619;42.785;interna;16.00;-3.472;-119.733;-51.659;101.175;116.262;198.3;51.01
TUBI;18;2;0;0.390;-0.4991;420.23;388.13;403.25;32.10;34.716;117.840;8.166;-34.619;42.785;media;17.52;-10.618;-53.580;7.347;54.225;60.927;198.3;27.34
TUBI;18;2;0;0.390;-0.4991;420.23;388.13;403.25;32.10;34.716;117.840;8.166;-34.619;42.785;esterna;19.05;-11.784;1.666;61.427;67.499;73.211;198.3;34.03
TUBI;19;2;0;0.420;-0.4991;418.77;387.17;402.05;31.59;34.715;117.840;8.166;-34.619;42.785;interna;16.00;-3.472;-118.791;-50.717;100.411;115.319;198.6;50.56
TUBI;19;2;0;0.420;-0.4991;418.77;387.17;402.05;31.59;34.715;117.840;8.166;-34.619;42.785;media;17.52;-10.580;-53.606;7.360;54.268;60.966;198.6;27.33
TUBI;19;2;0;0.420;-0.4991;418.77;387.17;402.05;31.59;34.715;117.840;8.166;-34.619;42.785;esterna;19.05;-11.784;0.826;60.588;66.963;72.372;198.6;33.72
TUBI;20;2;0;0.452;-0.4991;417.32;386.22;400.87;31.09;34.715;117.840;8.166;-34.619;42.785;interna;16.00;-3.471;-117.859;-49.785;99.658;114.388;198.8;50.12
TUBI;20;2;0;0.452;-0.4991;417.32;386.22;400.87;31.09;34.715;117.840;8.166;-34.619;42.785;media;17.52;-10.541;-53.632;7.373;54.310;61.004;198.8;27.32
TUBI;20;2;0;0.452;-0.4991;417.32;386.22;400.87;31.09;34.715;117.840;8.166;-34.619;42.785;esterna;19.05;-11.784;-0.004;59.758;66.440;71.542;198.8;33.42
TUBI;21;2;0;0.485;-0.4991;415.88;385.28;399.69;30.59;34.715;117.840;8.166;-34.619;42.785;interna;16.00;-3.471;-116.925;-48.851;98.907;113.454;199.1;49.69
TUBI;21;2;0;0.485;-0.4991;415.88;385.28;399.69;30.59;34.715;117.840;8.166;-34.619;42.785;media;17.52;-10.503;-53.657;7.386;54.353;61.043;199.1;27.30
TUBI;21;2;0;0.485;-0.4991;415.88;385.28;399.69;30.59;34.715;117.840;8.166;-34.619;42.785;esterna;19.05;-11.784;-0.835;58.927;65.922;70.711;199.1;33.12
TUBI;22;2;0;0.520;-0.4991;414.44;384.34;398.52;30.10;34.714;117.840;8.166;-34.619;42.785;interna;16.00;-3.471;-116.007;-47.933;98.172;112.536;199.3;49.26
TUBI;22;2;0;0.520;-0.4991;414.44;384.34;398.52;30.10;34.714;117.840;8.166;-34.619;42.785;media;17.52;-10.466;-53.682;7.398;54.395;61.081;199.3;27.29
TUBI;22;2;0;0.520;-0.4991;414.44;384.34;398.52;30.10;34.714;117.840;8.166;-34.619;42.785;esterna;19.05;-11.784;-1.653;58.109;65.419;69.893;199.3;32.82
TUBI;23;2;0;0.556;-0.4991;413.01;383.41;397.35;29.60;34.714;117.840;8.166;-34.619;42.785;interna;16.00;-3.471;-115.083;-47.008;97.434;111.612;199.5;48.83
TUBI;23;2;0;0.556;-0.4991;413.01;383.41;397.35;29.60;34.714;117.840;8.166;-34.619;42.785;media;17.52;-10.428;-53.708;7.411;54.437;61.119;199.5;27.28
TUBI;23;2;0;0.556;-0.4991;413.01;383.41;397.35;29.60;34.714;117.840;8.166;-34.619;42.785;esterna;19.05;-11.784;-2.476;57.286;64.919;69.070;199.5;32.54
TUBI;24;2;0;0.593;-0.4991;411.58;382.47;396.18;29.11;34.714;117.840;8.166;-34.619;42.785;interna;16.00;-3.471;-114.170;-46.095;96.709;110.699;199.8;48.41
TUBI;24;2;0;0.593;-0.4991;411.58;382.47;396.18;29.11;34.714;117.840;8.166;-34.619;42.785;media;17.52;-10.390;-53.733;7.423;54.479;61.156;199.8;27.27
TUBI;24;2;0;0.593;-0.4991;411.58;382.47;396.18;29.11;34.714;117.840;8.166;-34.619;42.785;esterna;19.05;-11.784;-3.289;56.473;64.431;68.257;199.8;32.25
TUBI;25;2;0;0.632;-0.4991;410.15;381.53;395.01;28.62;34.713;117.840;8.166;-34.619;42.785;interna;16.00;-3.471;-113.257;-45.182;95.987;109.786;200.0;47.99
TUBI;25;2;0;0.632;-0.4991;410.15;381.53;395.01;28.62;34.713;117.840;8.166;-34.619;42.785;media;17.52;-10.353;-53.758;7.436;54.521;61.194;200.0;27.26
TUBI;25;2;0;0.632;-0.4991;410.15;381.53;395.01;28.62;34.713;117.840;8.166;-34.619;42.785;esterna;19.05;-11.784;-4.102;55.660;63.951;67.444;200.0;31.98
TUBI;26;2;0;0.672;-0.4991;408.71;380.59;393.83;28.13;34.713;117.840;8.166;-34.619;42.785;interna;16.00;-3.471;-112.334;-44.258;95.260;108.862;200.2;47.57
TUBI;26;2;0;0.672;-0.4991;408.71;380.59;393.83;28.13;34.713;117.840;8.166;-34.619;42.785;media;17.52;-10.315;-53.783;7.448;54.564;61.232;200.2;27.25
TUBI;26;2;0;0.672;-0.4991;408.71;380.59;393.83;28.13;34.713;117.840;8.166;-34.619;42.785;esterna;19.05;-11.784;-4.925;54.838;63.471;66.622;200.2;31.70
TUBI;27;2;0;0.715;-0.4991;407.27;379.64;392.65;27.64;34.712;117.840;8.166;-34.619;42.785;interna;16.00;-3.471;-111.417;-43.341;94.542;107.946;200.5;47.16
TUBI;27;2;0;0.715;-0.4991;407.27;379.64;392.65;27.64;34.712;117.840;8.166;-34.619;42.785;media;17.52;-10.278;-53.808;7.461;54.606;61.269;200.5;27.24
TUBI;27;2;0;0.715;-0.4991;407.27;379.64;392.65;27.64;34.712;117.840;8.166;-34.619;42.785;esterna;19.05;-11.784;-5.741;54.022;63.002;65.806;200.5;31.43
TUBI;28;2;0;0.759;-0.4991;405.83;378.68;391.47;27.14;34.712;117.840;8.166;-34.619;42.785;interna;16.00;-3.471;-110.497;-42.421;93.824;107.026;200.7;46.75
TUBI;28;2;0;0.759;-0.4991;405.83;378.68;391.47;27.14;34.712;117.840;8.166;-34.619;42.785;media;17.52;-10.240;-53.834;7.474;54.648;61.307;200.7;27.23
TUBI;28;2;0;0.759;-0.4991;405.83;378.68;391.47;27.14;34.712;117.840;8.166;-34.619;42.785;esterna;19.05;-11.784;-6.561;53.203;62.539;64.987;200.7;31.16
TUBI;29;2;0;0.804;-0.4991;404.36;377.72;390.27;26.64;34.712;117.840;8.166;-34.619;42.785;interna;16.00;-3.471;-109.564;-41.488;93.100;106.093;200.9;46.33
TUBI;29;2;0;0.804;-0.4991;404.36;377.72;390.27;26.64;34.712;117.840;8.166;-34.619;42.785;media;17.52;-10.202;-53.859;7.486;54.691;61.346;200.9;27.22
TUBI;29;2;0;0.804;-0.4991;404.36;377.72;390.27;26.64;34.712;117.840;8.166;-34.619;42.785;esterna;19.05;-11.784;-7.392;52.371;62.076;64.155;200.9;30.89
TUBI;30;2;0;0.852;-0.4991;402.90;376.75;389.07;26.14;34.711;117.840;8.166;-34.619;42.785;interna;16.00;-3.471;-108.635;-40.558;92.383;105.164;201.2;45.92
TUBI;30;2;0;0.852;-0.4991;402.90;376.75;389.07;26.14;34.711;117.840;8.166;-34.619;42.785;media;17.52;-10.164;-53.885;7.499;54.734;61.384;201.2;27.21
TUBI;30;2;0;0.852;-0.4991;402.90;376.75;389.07;26.14;34.711;117.840;8.166;-34.619;42.785;esterna;19.05;-11.784;-8.220;51.544;61.623;63.328;201.2;30.63
TUBI;31;2;0;0.902;-0.4991;401.42;375.78;387.85;25.64;34.711;117.840;8.166;-34.619;42.785;interna;16.00;-3.471;-107.691;-39.615;91.659;104.220;201.4;45.50
TUBI;31;2;0;0.902;-0.4991;401.42;375.78;387.85;25.64;34.711;117.840;8.166;-34.619;42.785;media;17.52;-10.125;-53.911;7.512;54.777;61.423;201.4;27.19
TUBI;31;2;0;0.902;-0.4991;401.42;375.78;387.85;25.64;34.711;117.840;8.166;-34.619;42.785;esterna;19.05;-11.784;-9.060;50.704;61.171;62.488;201.4;30.37
TUBI;32;2;0;0.953;-0.4991;399.93;374.79;386.63;25.13;34.710;117.840;8.166;-34.619;42.785;interna;16.00;-3.471;-106.751;-38.674;90.941;103.280;201.7;45.09
TUBI;32;2;0;0.953;-0.4991;399.93;374.79;386.63;25.13;34.710;117.840;8.166;-34.619;42.785;media;17.52;-10.086;-53.937;7.525;54.820;61.462;201.7;27.18
TUBI;32;2;0;0.953;-0.4991;399.93;374.79;386.63;25.13;34.710;117.840;8.166;-34.619;42.785;esterna;19.05;-11.784;-9.898;49.866;60.729;61.650;201.7;30.11
TUBI;33;2;0;1.007;-0.4991;398.42;373.80;385.40;24.62;34.710;117.840;8.166;-34.619;42.785;interna;16.00;-3.471;-105.796;-37.718;90.216;102.325;201.9;44.68
TUBI;33;2;0;1.007;-0.4991;398.42;373.80;385.40;24.62;34.710;117.840;8.166;-34.619;42.785;media;17.52;-10.047;-53.963;7.538;54.865;61.501;201.9;27.17
TUBI;33;2;0;1.007;-0.4991;398.42;373.80;385.40;24.62;34.710;117.840;8.166;-34.619;42.785;esterna;19.05;-11.784;-10.749;49.016;60.289;60.800;201.9;29.86
TUBI;34;2;0;1.063;-0.4991;396.91;372.80;384.15;24.11;34.709;117.840;8.166;-34.619;42.785;interna;16.00;-3.471;-104.842;-36.765;89.496;101.372;202.2;44.27
TUBI;34;2;0;1.063;-0.4991;396.91;372.80;384.15;24.11;34.709;117.840;8.166;-34.619;42.785;media;17.52;-10.008;-53.989;7.551;54.909;61.540;202.2;27.16
TUBI;34;2;0;1.063;-0.4991;396.91;372.80;384.15;24.11;34.709;117.840;8.166;-34.619;42.785;esterna;19.05;-11.784;-11.598;48.167;59.858;59.951;202.2;29.61
TUBI;35;2;0;1.122;-0.4991;395.37;371.79;382.90;23.59;34.709;117.840;8.166;-34.619;42.785;interna;16.00;-3.471;-103.875;-35.797;88.771;100.404;202.4;43.85
TUBI;35;2;0;1.122;-0.4991;395.37;371.79;382.90;23.59;34.709;117.840;8.166;-34.619;42.785;media;17.52;-9.968;-54.016;7.564;54.953;61.580;202.4;27.15
TUBI;35;2;0;1.122;-0.4991;395.37;371.79;382.90;23.59;34.709;117.840;8.166;-34.619;42.785;esterna;19.05;-11.784;-12.460;47.305;59.430;59.765;202.4;29.36
TUBI;36;2;0;1.182;-0.4991;393.83;370.76;381.63;23.07;34.708;117.840;8.166;-34.619;42.785;interna;16.00;-3.471;-102.908;-34.830;88.051;99.437;202.7;43.44
TUBI;36;2;0;1.182;-0.4991;393.83;370.76;381.63;23.07;34.708;117.840;8.166;-34.619;42.785;media;17.52;-9.929;-54.043;7.577;54.998;61.620;202.7;27.14
TUBI;36;2;0;1.182;-0.4991;393.83;370.76;381.63;23.07;34.708;117.840;8.166;-34.619;42.785;esterna;19.05;-11.784;-13.321;46.444;59.012;59.765;202.7;29.12
TUBI;37;2;0;1.246;-0.4991;392.38;369.80;380.43;22.58;34.708;117.840;8.166;-34.619;42.785;interna;16.00;-3.471;-101.990;-33.911;87.371;98.519;202.9;43.06
TUBI;37;2;0;1.246;-0.4991;392.38;369.80;380.43;22.58;34.708;117.840;8.166;-34.619;42.785;media;17.52;-9.891;-54.068;7.590;55.040;61.658;202.9;27.13
TUBI;37;2;0;1.246;-0.4991;392.38;369.80;380.43;22.58;34.708;117.840;8.166;-34.619;42.785;esterna;19.05;-11.784;-14.139;45.626;58.623;59.765;202.9;28.89
TUBI;38;2;0;1.311;-0.4991;390.81;368.76;379.15;22.05;34.707;117.840;8.166;-34.619;42.785;interna;16.00;-3.471;-101.010;-32.931;86.651;97.540;203.2;42.65
TUBI;38;2;0;1.311;-0.4991;390.81;368.76;379.15;22.05;34.707;117.840;8.166;-34.619;42.785;media;17.52;-9.851;-54.095;7.603;55.086;61.699;203.2;27.11
TUBI;38;2;0;1.311;-0.4991;390.81;368.76;379.15;22.05;34.707;117.840;8.166;-34.619;42.785;esterna;19.05;-11.784;-15.012;44.754;58.219;59.766;203.2;28.66
TUBI;39;2;0;1.380;-0.4991;389.23;367.71;377.85;21.52;34.706;117.840;8.166;-34.619;42.785;interna;16.00;-3.471;-100.018;-31.938;85.926;96.547;203.4;42.24
TUBI;39;2;0;1.380;-0.4991;389.23;367.71;377.85;21.52;34.706;117.840;8.166;-34.619;42.785;media;17.52;-9.810;-54.122;7.617;55.132;61.739;203.4;27.10
TUBI;39;2;0;1.380;-0.4991;389.23;367.71;377.85;21.52;34.706;117.840;8.166;-34.619;42.785;esterna;19.05;-11.784;-15.896;43.870;57.820;59.766;203.4;28.42
TUBI;40;2;0;1.452;-0.4991;387.64;366.65;376.54;20.98;34.706;117.840;8.166;-34.619;42.785;interna;16.00;-3.471;-99.019;-30.940;85.202;95.549;203.7;41.83
TUBI;40;2;0;1.452;-0.4991;387.64;366.65;376.54;20.98;34.706;117.840;8.166;-34.619;42.785;media;17.52;-9.769;-54.150;7.631;55.178;61.781;203.7;27.09
TUBI;40;2;0;1.452;-0.4991;387.64;366.65;376.54;20.98;34.706;117.840;8.166;-34.619;42.785;esterna;19.05;-11.784;-16.786;42.981;57.429;59.766;203.7;28.19
TUBI;41;2;0;1.526;-0.4991;386.03;365.59;375.22;20.45;34.705;117.840;8.166;-34.619;42.785;interna;16.00;-3.471;-98.023;-29.943;84.486;94.552;204.0;41.42
TUBI;41;2;0;1.526;-0.4991;386.03;365.59;375.22;20.45;34.705;117.840;8.166;-34.619;42.785;media;17.52;-9.729;-54.178;7.644;55.224;61.822;204.0;27.08
TUBI;41;2;0;1.526;-0.4991;386.03;365.59;375.22;20.45;34.705;117.840;8.166;-34.619;42.785;esterna;19.05;-11.784;-17.673;42.093;57.050;59.766;204.0;27.97
TUBI;42;2;0;1.603;-0.4991;384.42;364.51;373.89;19.91;34.704;117.840;8.166;-34.619;42.785;interna;16.00;-3.470;-97.014;-28.934;83.767;93.544;204.2;41.02
TUBI;42;2;0;1.603;-0.4991;384.42;364.51;373.89;19.91;34.704;117.840;8.166;-34.619;42.785;media;17.52;-9.687;-54.205;7.658;55.271;61.864;204.2;27.06
TUBI;42;2;0;1.603;-0.4991;384.42;364.51;373.89;19.91;34.704;117.840;8.166;-34.619;42.785;esterna;19.05;-11.784;-18.572;41.195;56.679;59.767;204.2;27.75
TUBI;43;2;0;1.684;-0.4991;382.79;363.43;372.55;19.36;34.704;117.840;8.166;-34.619;42.785;interna;16.00;-3.470;-96.002;-27.921;83.051;92.531;204.5;40.61
TUBI;43;2;0;1.684;-0.4991;382.79;363.43;372.55;19.36;34.704;117.840;8.166;-34.619;42.785;media;17.52;-9.646;-54.233;7.672;55.318;61.905;204.5;27.05
TUBI;43;2;0;1.684;-0.4991;382.79;363.43;372.55;19.36;34.704;117.840;8.166;-34.619;42.785;esterna;19.05;-11.784;-19.474;40.293;56.317;59.767;204.5;27.54
TUBI;44;2;0;1.768;-0.4991;381.16;362.34;371.21;18.82;34.703;117.840;8.166;-34.619;42.785;interna;16.00;-3.470;-94.992;-26.911;82.343;91.522;204.8;40.21
TUBI;44;2;0;1.768;-0.4991;381.16;362.34;371.21;18.82;34.703;117.840;8.166;-34.619;42.785;media;17.52;-9.604;-54.261;7.686;55.365;61.947;204.8;27.04
TUBI;44;2;0;1.768;-0.4991;381.16;362.34;371.21;18.82;34.703;117.840;8.166;-34.619;42.785;esterna;19.05;-11.784;-20.374;39.394;55.969;59.767;204.8;27.33
TUBI;45;2;0;1.855;-0.4991;379.52;361.25;369.85;18.27;34.702;117.840;8.166;-34.619;42.785;interna;16.00;-3.470;-93.973;-25.891;81.635;90.503;205.0;39.82
TUBI;45;2;0;1.855;-0.4991;379.52;361.25;369.85;18.27;34.702;117.840;8.166;-34.619;42.785;media;17.52;-9.563;-54.289;7.700;55.413;61.989;205.0;27.03
TUBI;45;2;0;1.855;-0.4991;379.52;361.25;369.85;18.27;34.702;117.840;8.166;-34.619;42.785;esterna;19.05;-11.784;-21.281;38.486;55.631;59.768;205.0;27.13
TUBI;46;2;0;1.947;-0.4991;377.87;360.15;368.50;17.73;34.702;117.840;8.166;-34.619;42.785;interna;16.00;-3.470;-92.952;-24.870;80.933;89.482;205.3;39.42
TUBI;46;2;0;1.947;-0.4991;377.87;360.15;368.50;17.73;34.702;117.840;8.166;-34.619;42.785;media;17.52;-9.521;-54.318;7.714;55.460;62.031;205.3;27.01
TUBI;46;2;0;1.947;-0.4991;377.87;360.15;368.50;17.73;34.702;117.840;8.166;-34.619;42.785;esterna;19.05;-11.784;-22.191;37.577;55.304;59.768;205.3;26.94
TUBI;47;2;0;2.041;-0.4991;376.22;359.05;367.14;17.18;34.701;117.840;8.166;-34.619;42.785;interna;16.00;-3.470;-91.930;-23.848;80.236;88.460;205.6;39.03
TUBI;47;2;0;2.041;-0.4991;376.22;359.05;367.14;17.18;34.701;117.840;8.166;-34.619;42.785;media;17.52;-9.479;-54.346;7.728;55.508;62.074;205.6;27.00
TUBI;47;2;0;2.041;-0.4991;376.22;359.05;367.14;17.18;34.701;117.840;8.166;-34.619;42.785;esterna;19.05;-11.784;-23.102;36.667;54.990;59.769;205.6;26.75
TUBI;48;2;0;2.140;-0.4991;374.57;357.94;365.77;16.63;34.700;117.840;8.166;-34.619;42.785;interna;16.00;-3.470;-90.913;-22.830;79.550;87.443;205.8;38.65
TUBI;48;2;0;2.140;-0.4991;374.57;357.94;365.77;16.63;34.700;117.840;8.166;-34.619;42.785;media;17.52;-9.437;-54.374;7.742;55.555;62.116;205.8;26.99
TUBI;48;2;0;2.140;-0.4991;374.57;357.94;365.77;16.63;34.700;117.840;8.166;-34.619;42.785;esterna;19.05;-11.784;-24.008;35.761;54.691;59.769;205.8;26.57
TUBI;49;2;0;2.243;-0.4991;372.92;356.83;364.41;16.08;34.699;117.840;8.166;-34.619;42.785;interna;16.00;-3.470;-89.892;-21.808;78.868;86.422;206.1;38.26
TUBI;49;2;0;2.243;-0.4991;372.92;356.83;364.41;16.08;34.699;117.840;8.166;-34.619;42.785;media;17.52;-9.395;-54.402;7.756;55.603;62.158;206.1;26.98
TUBI;49;2;0;2.243;-0.4991;372.92;356.83;364.41;16.08;34.699;117.840;8.166;-34.619;42.785;esterna;19.05;-11.784;-24.918;34.851;54.405;59.769;206.1;26.39
TUBI;50;2;0;2.350;-0.4991;371.26;355.72;363.04;15.54;34.698;117.840;8.166;-34.619;42.785;interna;16.00;-3.470;-88.872;-20.788;78.195;85.402;206.4;37.89
TUBI;50;2;0;2.350;-0.4991;371.26;355.72;363.04;15.54;34.698;117.840;8.166;-34.619;42.785;media;17.52;-9.354;-54.431;7.770;55.651;62.200;206.4;26.96
TUBI;50;2;0;2.350;-0.4991;371.26;355.72;363.04;15.54;34.698;117.840;8.166;-34.619;42.785;esterna;19.05;-11.784;-25.827;33.943;54.132;59.770;206.4;26.23
TUBI;51;2;0;2.461;-0.4991;369.61;354.62;361.68;14.99;34.697;117.840;8.166;-34.619;42.785;interna;16.00;-3.470;-87.854;-19.770;77.530;84.385;206.7;37.52
TUBI;51;2;0;2.461;-0.4991;369.61;354.62;361.68;14.99;34.697;117.840;8.166;-34.619;42.785;media;17.52;-9.312;-54.459;7.784;55.698;62.242;206.7;26.95
TUBI;51;2;0;2.461;-0.4991;369.61;354.62;361.68;14.99;34.697;117.840;8.166;-34.619;42.785;esterna;19.05;-11.784;-26.734;33.037;53.874;59.770;206.7;26.07
TUBI;52;2;0;2.578;-0.4991;367.96;353.51;360.31;14.45;34.697;117.840;8.166;-34.619;42.785;interna;16.00;-3.470;-86.841;-18.756;76.877;83.372;206.9;37.15
TUBI;52;2;0;2.578;-0.4991;367.96;353.51;360.31;14.45;34.697;117.840;8.166;-34.619;42.785;media;17.52;-9.270;-54.487;7.797;55.746;62.284;206.9;26.94
TUBI;52;2;0;2.578;-0.4991;367.96;353.51;360.31;14.45;34.697;117.840;8.166;-34.619;42.785;esterna;19.05;-11.784;-27.637;32.134;53.631;59.771;206.9;25.92
TUBI;53;2;0;2.698;-0.4991;366.34;352.43;358.98;13.91;34.696;117.840;8.166;-34.619;42.785;interna;16.00;-3.470;-85.835;-17.750;76.235;82.366;207.2;36.79
TUBI;53;2;0;2.698;-0.4991;366.34;352.43;358.98;13.91;34.696;117.840;8.166;-34.619;42.785;media;17.52;-9.229;-54.515;7.811;55.793;62.326;207.2;26.93
TUBI;53;2;0;2.698;-0.4991;366.34;352.43;358.98;13.91;34.696;117.840;8.166;-34.619;42.785;esterna;19.05;-11.784;-28.533;31.238;53.404;59.771;207.2;25.77
TUBI;54;2;0;2.824;-0.4991;364.69;351.32;357.62;13.37;34.695;117.840;8.166;-34.619;42.785;interna;16.00;-3.469;-84.835;-16.749;75.605;81.365;207.5;36.44
TUBI;54;2;0;2.824;-0.4991;364.69;351.32;357.62;13.37;34.695;117.840;8.166;-34.619;42.785;media;17.52;-9.188;-54.543;7.825;55.840;62.367;207.5;26.91
TUBI;54;2;0;2.824;-0.4991;364.69;351.32;357.62;13.37;34.695;117.840;8.166;-34.619;42.785;esterna;19.05;-11.784;-29.425;30.347;53.192;59.771;207.5;25.64
TUBI;55;2;0;2.955;-0.4991;363.05;350.22;356.26;12.84;34.694;117.840;8.166;-34.619;42.785;interna;16.00;-3.469;-83.842;-15.755;74.988;80.372;207.7;36.10
TUBI;55;2;0;2.955;-0.4991;363.05;350.22;356.26;12.84;34.694;117.840;8.166;-34.619;42.785;media;17.52;-9.147;-54.570;7.838;55.886;62.409;207.7;26.90
TUBI;55;2;0;2.955;-0.4991;363.05;350.22;356.26;12.84;34.694;117.840;8.166;-34.619;42.785;esterna;19.05;-11.784;-30.310;29.462;52.996;59.772;207.7;25.51
TUBI;56;2;0;3.092;-0.4991;361.43;349.13;354.92;12.31;34.693;117.840;8.166;-34.619;42.785;interna;16.00;-3.469;-82.861;-14.774;74.387;79.392;208.0;35.76
TUBI;56;2;0;3.092;-0.4991;361.43;349.13;354.92;12.31;34.693;117.840;8.166;-34.619;42.785;media;17.52;-9.107;-54.597;7.852;55.933;62.449;208.0;26.89
TUBI;56;2;0;3.092;-0.4991;361.43;349.13;354.92;12.31;34.693;117.840;8.166;-34.619;42.785;esterna;19.05;-11.784;-31.183;28.589;52.816;59.772;208.0;25.39
TUBI;57;2;0;3.234;-0.4991;359.83;348.04;353.59;11.79;34.692;117.840;8.166;-34.619;42.785;interna;16.00;-3.469;-81.887;-13.799;73.797;78.418;208.3;35.43
TUBI;57;2;0;3.234;-0.4991;359.83;348.04;353.59;11.79;34.692;117.840;8.166;-34.619;42.785;media;17.52;-9.067;-54.625;7.865;55.978;62.490;208.3;26.88
TUBI;57;2;0;3.234;-0.4991;359.83;348.04;353.59;11.79;34.692;117.840;8.166;-34.619;42.785;esterna;19.05;-11.784;-32.052;27.721;52.651;59.773;208.3;25.28
TUBI;58;2;0;3.382;-0.4991;358.24;346.97;352.28;11.27;34.691;117.840;8.166;-34.619;42.785;interna;16.00;-3.469;-80.923;-12.835;73.222;77.454;208.5;35.11
TUBI;58;2;0;3.382;-0.4991;358.24;346.97;352.28;11.27;34.691;117.840;8.166;-34.619;42.785;media;17.52;-9.028;-54.651;7.878;56.024;62.530;208.5;26.86
TUBI;58;2;0;3.382;-0.4991;358.24;346.97;352.28;11.27;34.691;117.840;8.166;-34.619;42.785;esterna;19.05;-11.784;-32.911;26.863;52.501;59.773;208.5;25.18
TUBI;59;2;0;3.536;-0.4991;356.67;345.91;350.98;10.76;34.690;117.840;8.166;-34.619;42.785;interna;16.00;-3.469;-79.976;-11.887;72.665;76.507;208.8;34.80
TUBI;59;2;0;3.536;-0.4991;356.67;345.91;350.98;10.76;34.690;117.840;8.166;-34.619;42.785;media;17.52;-8.989;-54.678;7.891;56.068;62.569;208.8;26.85
TUBI;59;2;0;3.536;-0.4991;356.67;345.91;350.98;10.76;34.690;117.840;8.166;-34.619;42.785;esterna;19.05;-11.784;-33.755;26.019;52.367;59.774;208.8;25.08
TUBI;60;2;0;3.697;-0.4991;355.13;344.87;349.70;10.26;34.688;117.840;8.166;-34.619;42.785;interna;16.00;-3.469;-79.039;-10.950;72.122;75.570;209.1;34.50
TUBI;60;2;0;3.697;-0.4991;355.13;344.87;349.70;10.26;34.688;117.840;8.166;-34.619;42.785;media;17.52;-8.950;-54.704;7.904;56.113;62.608;209.1;26.84
TUBI;60;2;0;3.697;-0.4991;355.13;344.87;349.70;10.26;34.688;117.840;8.166;-34.619;42.785;esterna;19.05;-11.784;-34.591;25.184;52.248;59.774;209.1;24.99
TUBI;61;2;0;3.864;-0.4991;353.61;343.84;348.44;9.76;34.687;117.840;8.166;-34.619;42.785;interna;16.00;-3.469;-78.117;-10.027;71.595;74.648;209.3;34.20
TUBI;61;2;0;3.864;-0.4991;353.61;343.84;348.44;9.76;34.687;117.840;8.166;-34.619;42.785;media;17.52;-8.913;-54.730;7.917;56.156;62.647;209.3;26.83
TUBI;61;2;0;3.864;-0.4991;353.61;343.84;348.44;9.76;34.687;117.840;8.166;-34.619;42.785;esterna;19.05;-11.784;-35.413;24.362;52.144;59.775;209.3;24.91
TUBI;62;2;0;4.038;-0.4991;352.11;342.84;347.20;9.28;34.686;117.840;8.166;-34.619;42.785;interna;16.00;-3.469;-77.215;-9.124;71.087;73.746;209.6;33.92
TUBI;62;2;0;4.038;-0.4991;352.11;342.84;347.20;9.28;34.686;117.840;8.166;-34.619;42.785;media;17.52;-8.875;-54.755;7.929;56.199;62.684;209.6;26.82
TUBI;62;2;0;4.038;-0.4991;352.11;342.84;347.20;9.28;34.686;117.840;8.166;-34.619;42.785;esterna;19.05;-11.784;-36.217;23.558;52.054;59.776;209.6;24.84
TUBI;63;2;0;4.219;-0.4991;350.65;341.85;345.99;8.80;34.685;117.840;8.166;-34.619;42.785;interna;16.00;-3.468;-76.327;-8.235;70.596;72.858;209.8;33.65
TUBI;63;2;0;4.219;-0.4991;350.65;341.85;345.99;8.80;34.685;117.840;8.166;-34.619;42.785;media;17.52;-8.839;-54.780;7.941;56.241;62.721;209.8;26.81
TUBI;63;2;0;4.219;-0.4991;350.65;341.85;345.99;8.80;34.685;117.840;8.166;-34.619;42.785;esterna;19.05;-11.784;-37.009;22.767;51.977;59.776;209.8;24.77
TUBI;64;2;0;4.407;-0.4991;349.22;340.88;344.81;8.34;34.684;117.840;8.166;-34.619;42.785;interna;16.00;-3.468;-75.460;-7.368;70.123;71.992;210.0;33.39
TUBI;64;2;0;4.407;-0.4991;349.22;340.88;344.81;8.34;34.684;117.840;8.166;-34.619;42.785;media;17.52;-8.803;-54.804;7.953;56.282;62.757;210.0;26.80
TUBI;64;2;0;4.407;-0.4991;349.22;340.88;344.81;8.34;34.684;117.840;8.166;-34.619;42.785;esterna;19.05;-11.784;-37.782;21.995;51.914;59.777;210.0;24.72
TUBI;65;2;0;4.604;-0.4991;347.82;339.93;343.65;7.88;34.682;117.840;8.166;-34.619;42.785;interna;16.00;-3.468;-74.613;-6.520;69.669;71.145;210.3;33.13
TUBI;65;2;0;4.604;-0.4991;347.82;339.93;343.65;7.88;34.682;117.840;8.166;-34.619;42.785;media;17.52;-8.769;-54.828;7.965;56.322;62.793;210.3;26.79
TUBI;65;2;0;4.604;-0.4991;347.82;339.93;343.65;7.88;34.682;117.840;8.166;-34.619;42.785;esterna;19.05;-11.784;-38.537;21.240;51.864;59.777;210.3;24.67
TUBI;66;2;0;4.809;-0.4991;346.45;339.01;342.52;7.44;34.681;117.840;8.166;-34.619;42.785;interna;16.00;-3.468;-73.784;-5.691;69.232;70.316;210.5;32.89
TUBI;66;2;0;4.809;-0.4991;346.45;339.01;342.52;7.44;34.681;117.840;8.166;-34.619;42.785;media;17.52;-8.735;-54.851;7.976;56.362;62.827;210.5;26.78
TUBI;66;2;0;4.809;-0.4991;346.45;339.01;342.52;7.44;34.681;117.840;8.166;-34.619;42.785;esterna;19.05;-11.784;-39.276;20.502;51.825;59.778;210.5;24.62
TUBI;67;2;0;5.022;-0.4991;345.12;338.12;341.42;7.00;34.680;117.840;8.166;-34.619;42.785;interna;16.00;-3.468;-72.980;-4.885;68.814;69.512;210.7;32.66
TUBI;67;2;0;5.022;-0.4991;345.12;338.12;341.42;7.00;34.680;117.840;8.166;-34.619;42.785;media;17.52;-8.702;-54.874;7.987;56.400;62.861;210.7;26.77
TUBI;67;2;0;5.022;-0.4991;345.12;338.12;341.42;7.00;34.680;117.840;8.166;-34.619;42.785;esterna;19.05;-11.784;-39.994;19.785;51.797;59.779;210.7;24.58
TUBI;68;2;0;5.243;-0.4991;343.83;337.25;340.35;6.58;34.678;117.840;8.166;-34.619;42.785;interna;16.00;-3.468;-72.198;-4.103;68.415;68.731;210.9;32.44
TUBI;68;2;0;5.243;-0.4991;343.83;337.25;340.35;6.58;34.678;117.840;8.166;-34.619;42.785;media;17.52;-8.670;-54.896;7.998;56.437;62.894;210.9;26.76
TUBI;68;2;0;5.243;-0.4991;343.83;337.25;340.35;6.58;34.678;117.840;8.166;-34.619;42.785;esterna;19.05;-11.784;-40.691;19.088;51.780;59.779;210.9;24.55
TUBI;69;2;0;5.474;-0.4991;342.58;336.41;339.31;6.18;34.677;117.840;8.166;-34.619;42.785;interna;16.00;-3.468;-71.440;-3.344;68.035;68.096;211.1;32.22
TUBI;69;2;0;5.474;-0.4991;342.58;336.41;339.31;6.18;34.677;117.840;8.166;-34.619;42.785;media;17.52;-8.638;-54.917;8.008;56.473;62.926;211.1;26.75
TUBI;69;2;0;5.474;-0.4991;342.58;336.41;339.31;6.18;34.677;117.840;8.166;-34.619;42.785;esterna;19.05;-11.784;-41.367;18.413;51.772;59.780;211.1;24.52
TUBI;70;2;0;5.715;-0.4991;341.37;335.59;338.31;5.78;34.675;117.840;8.166;-34.619;42.785;interna;16.00;-3.468;-70.707;-2.609;67.672;68.097;211.3;32.02
TUBI;70;2;0;5.715;-0.4991;341.37;335.59;338.31;5.78;34.675;117.840;8.166;-34.619;42.785;media;17.52;-8.608;-54.938;8.018;56.508;62.956;211.3;26.74
TUBI;70;2;0;5.715;-0.4991;341.37;335.59;338.31;5.78;34.675;117.840;8.166;-34.619;42.785;esterna;19.05;-11.784;-42.022;17.759;51.773;59.781;211.3;24.50
TUBI;71;2;0;5.965;-0.4991;340.21;334.80;337.35;5.40;34.674;117.840;8.166;-34.619;42.785;interna;16.00;-3.467;-69.998;-1.900;67.328;68.098;211.5;31.83
TUBI;71;2;0;5.965;-0.4991;340.21;334.80;337.35;5.40;34.674;117.840;8.166;-34.619;42.785;media;17.52;-8.579;-54.958;8.028;56.542;62.986;211.5;26.73
TUBI;71;2;0;5.965;-0.4991;340.21;334.80;337.35;5.40;34.674;117.840;8.166;-34.619;42.785;esterna;19.05;-11.784;-42.654;17.127;51.781;59.781;211.5;24.48
TUBI;72;2;0;6.226;-0.4991;339.08;334.05;336.42;5.03;34.672;117.840;8.166;-34.619;42.785;interna;16.00;-3.467;-69.315;-1.216;67.002;68.099;211.7;31.65
TUBI;72;2;0;6.226;-0.4991;339.08;334.05;336.42;5.03;34.672;117.840;8.166;-34.619;42.785;media;17.52;-8.551;-54.978;8.037;56.575;63.015;211.7;26.72
TUBI;72;2;0;6.226;-0.4991;339.08;334.05;336.42;5.03;34.672;117.840;8.166;-34.619;42.785;esterna;19.05;-11.784;-43.264;16.518;51.797;59.782;211.7;24.47
TUBI;73;2;0;6.498;-0.4991;338.00;333.32;335.53;4.68;34.671;117.840;8.166;-34.619;42.785;interna;16.00;-3.467;-68.658;-0.558;66.693;68.100;211.9;31.47
TUBI;73;2;0;6.498;-0.4991;338.00;333.32;335.53;4.68;34.671;117.840;8.166;-34.619;42.785;media;17.52;-8.524;-54.996;8.046;56.607;63.043;211.9;26.71
TUBI;73;2;0;6.498;-0.4991;338.00;333.32;335.53;4.68;34.671;117.840;8.166;-34.619;42.785;esterna;19.05;-11.784;-43.850;15.933;51.819;59.783;211.9;24.46
TUBI;74;2;0;6.780;-0.4991;336.97;332.62;334.67;4.34;34.669;117.840;8.166;-34.619;42.785;interna;16.00;-3.467;-68.029;0.071;66.402;68.101;212.1;31.31
TUBI;74;2;0;6.780;-0.4991;336.97;332.62;334.67;4.34;34.669;117.840;8.166;-34.619;42.785;media;17.52;-8.498;-55.014;8.055;56.637;63.069;212.1;26.71
TUBI;74;2;0;6.780;-0.4991;336.97;332.62;334.67;4.34;34.669;117.840;8.166;-34.619;42.785;esterna;19.05;-11.784;-44.412;15.372;51.846;59.784;212.1;24.45
TUBI;75;2;0;7.075;-0.4991;335.98;331.96;333.85;4.02;34.667;117.840;8.166;-34.619;42.785;interna;16.00;-3.467;-67.426;0.676;66.128;68.102;212.2;31.16
TUBI;75;2;0;7.075;-0.4991;335.98;331.96;333.85;4.02;34.667;117.840;8.166;-34.619;42.785;media;17.52;-8.473;-55.032;8.063;56.666;63.095;212.2;26.70
TUBI;75;2;0;7.075;-0.4991;335.98;331.96;333.85;4.02;34.667;117.840;8.166;-34.619;42.785;esterna;19.05;-11.784;-44.950;14.834;51.878;59.785;212.2;24.44
TUBI;76;2;0;7.381;-0.4991;335.03;331.32;333.07;3.71;34.666;117.840;8.166;-34.619;42.785;interna;16.00;-3.467;-66.850;1.253;65.870;68.103;212.4;31.01
TUBI;76;2;0;7.381;-0.4991;335.03;331.32;333.07;3.71;34.666;117.840;8.166;-34.619;42.785;media;17.52;-8.450;-55.048;8.071;56.694;63.120;212.4;26.69
TUBI;76;2;0;7.381;-0.4991;335.03;331.32;333.07;3.71;34.666;117.840;8.166;-34.619;42.785;esterna;19.05;-11.784;-45.465;14.320;51.914;59.785;212.4;24.44
TUBI;77;2;0;7.701;-0.4991;334.13;330.72;332.33;3.42;34.664;117.840;8.166;-34.619;42.785;interna;16.00;-3.466;-66.303;1.801;65.629;68.104;212.5;30.88
TUBI;77;2;0;7.701;-0.4991;334.13;330.72;332.33;3.42;34.664;117.840;8.166;-34.619;42.785;media;17.52;-8.427;-55.064;8.079;56.721;63.143;212.5;26.69
TUBI;77;2;0;7.701;-0.4991;334.13;330.72;332.33;3.42;34.664;117.840;8.166;-34.619;42.785;esterna;19.05;-11.784;-45.954;13.832;51.953;59.786;212.5;24.44
TUBI;78;2;0;8.033;-0.4991;333.28;330.15;331.62;3.14;34.662;117.840;8.166;-34.619;42.785;interna;16.00;-3.466;-65.781;2.324;65.402;68.105;212.7;30.75
TUBI;78;2;0;8.033;-0.4991;333.28;330.15;331.62;3.14;34.662;117.840;8.166;-34.619;42.785;media;17.52;-8.406;-55.079;8.086;56.746;63.165;212.7;26.68
TUBI;78;2;0;8.033;-0.4991;333.28;330.15;331.62;3.14;34.662;117.840;8.166;-34.619;42.785;esterna;19.05;-11.784;-46.420;13.367;51.994;59.787;212.7;24.45
TUBI;79;2;0;8.379;-0.4991;332.47;329.60;330.95;2.87;34.660;117.840;8.166;-34.619;42.785;interna;16.00;-3.466;-65.288;2.818;65.192;68.106;212.8;30.63
TUBI;79;2;0;8.379;-0.4991;332.47;329.60;330.95;2.87;34.660;117.840;8.166;-34.619;42.785;media;17.52;-8.385;-55.094;8.093;56.770;63.187;212.8;26.68
TUBI;79;2;0;8.379;-0.4991;332.47;329.60;330.95;2.87;34.660;117.840;8.166;-34.619;42.785;esterna;19.05;-11.784;-46.861;12.927;52.037;59.788;212.8;24.45
TUBI;80;2;0;8.740;-0.4991;331.71;329.09;330.32;2.62;34.658;117.840;8.166;-34.619;42.785;interna;16.00;-3.466;-64.822;3.285;64.995;68.107;212.9;30.52
TUBI;80;2;0;8.740;-0.4991;331.71;329.09;330.32;2.62;34.658;117.840;8.166;-34.619;42.785;media;17.52;-8.366;-55.108;8.099;56.793;63.207;212.9;26.67
TUBI;80;2;0;8.740;-0.4991;331.71;329.09;330.32;2.62;34.658;117.840;8.166;-34.619;42.785;esterna;19.05;-11.784;-47.278;12.511;52.081;59.789;212.9;24.46
TUBI;81;2;0;9.115;-0.4991;330.99;328.61;329.73;2.38;34.656;117.840;8.166;-34.619;42.785;interna;16.00;-3.466;-64.383;3.725;64.813;68.108;213.1;30.42
TUBI;81;2;0;9.115;-0.4991;330.99;328.61;329.73;2.38;34.656;117.840;8.166;-34.619;42.785;media;17.52;-8.348;-55.121;8.105;56.815;63.226;213.1;26.67
TUBI;81;2;0;9.115;-0.4991;330.99;328.61;329.73;2.38;34.656;117.840;8.166;-34.619;42.785;esterna;19.05;-11.784;-47.671;12.119;52.125;59.790;213.1;24.47
TUBI;82;2;0;9.506;-0.4991;330.31;328.15;329.17;2.16;34.654;117.840;8.166;-34.619;42.785;interna;16.00;-3.465;-63.969;4.140;64.643;68.109;213.2;30.33
TUBI;82;2;0;9.506;-0.4991;330.31;328.15;329.17;2.16;34.654;117.840;8.166;-34.619;42.785;media;17.52;-8.331;-55.133;8.111;56.836;63.244;213.2;26.66
TUBI;82;2;0;9.506;-0.4991;330.31;328.15;329.17;2.16;34.654;117.840;8.166;-34.619;42.785;esterna;19.05;-11.784;-48.041;11.750;52.170;59.791;213.2;24.47
TUBI;83;2;0;9.913;-0.4991;329.68;327.73;328.65;1.95;34.652;117.840;8.166;-34.619;42.785;interna;16.00;-3.465;-63.583;4.528;64.487;68.111;213.3;30.24
TUBI;83;2;0;9.913;-0.4991;329.68;327.73;328.65;1.95;34.652;117.840;8.166;-34.619;42.785;media;17.52;-8.315;-55.145;8.116;56.855;63.261;213.3;26.66
TUBI;83;2;0;9.913;-0.4991;329.68;327.73;328.65;1.95;34.652;117.840;8.166;-34.619;42.785;esterna;19.05;-11.784;-48.387;11.404;52.214;59.792;213.3;24.48
TUBI;84;2;0;10.337;-0.4991;329.09;327.33;328.16;1.76;34.650;117.840;8.166;-34.619;42.785;interna;16.00;-3.465;-63.222;4.890;64.343;68.112;213.4;30.16
TUBI;84;2;0;10.337;-0.4991;329.09;327.33;328.16;1.76;34.650;117.840;8.166;-34.619;42.785;media;17.52;-8.300;-55.156;8.121;56.873;63.277;213.4;26.65
TUBI;84;2;0;10.337;-0.4991;329.09;327.33;328.16;1.76;34.650;117.840;8.166;-34.619;42.785;esterna;19.05;-11.784;-48.711;11.082;52.257;59.793;213.4;24.49
TUBI;85;2;0;10.778;-0.4991;328.54;326.96;327.70;1.58;34.648;117.840;8.166;-34.619;42.785;interna;16.00;-3.465;-62.886;5.228;64.210;68.113;213.5;30.08
TUBI;85;2;0;10.778;-0.4991;328.54;326.96;327.70;1.58;34.648;117.840;8.166;-34.619;42.785;media;17.52;-8.286;-55.166;8.126;56.890;63.292;213.5;26.65
TUBI;85;2;0;10.778;-0.4991;328.54;326.96;327.70;1.58;34.648;117.840;8.166;-34.619;42.785;esterna;19.05;-11.784;-49.012;10.782;52.300;59.794;213.5;24.50
TUBI;86;2;0;11.238;-0.4991;328.03;326.62;327.28;1.41;34.645;117.840;8.166;-34.619;42.785;interna;16.00;-3.465;-62.575;5.540;64.089;68.115;213.5;30.01
TUBI;86;2;0;11.238;-0.4991;328.03;326.62;327.28;1.41;34.645;117.840;8.166;-34.619;42.785;media;17.52;-8.273;-55.176;8.130;56.906;63.306;213.5;26.65
TUBI;86;2;0;11.238;-0.4991;328.03;326.62;327.28;1.41;34.645;117.840;8.166;-34.619;42.785;esterna;19.05;-11.784;-49.292;10.503;52.340;59.795;213.5;24.51
TUBI;87;2;0;11.716;-0.4991;327.55;326.30;326.89;1.25;34.643;117.840;8.166;-34.619;42.785;interna;16.00;-3.464;-62.287;5.829;63.978;68.116;213.6;29.95
TUBI;87;2;0;11.716;-0.4991;327.55;326.30;326.89;1.25;34.643;117.840;8.166;-34.619;42.785;media;17.52;-8.261;-55.185;8.134;56.921;63.319;213.6;26.65
TUBI;87;2;0;11.716;-0.4991;327.55;326.30;326.89;1.25;34.643;117.840;8.166;-34.619;42.785;esterna;19.05;-11.784;-49.551;10.246;52.380;59.796;213.6;24.52
TUBI;88;2;0;12.214;-0.4991;327.12;326.01;326.53;1.11;34.640;117.840;8.166;-34.619;42.785;interna;16.00;-3.464;-62.022;6.096;63.876;68.118;213.7;29.89
TUBI;88;2;0;12.214;-0.4991;327.12;326.01;326.53;1.11;34.640;117.840;8.166;-34.619;42.785;media;17.52;-8.250;-55.194;8.137;56.935;63.331;213.7;26.64
TUBI;88;2;0;12.214;-0.4991;327.12;326.01;326.53;1.11;34.640;117.840;8.166;-34.619;42.785;esterna;19.05;-11.784;-49.789;10.009;52.417;59.798;213.7;24.53
TUBI;89;2;0;12.733;-0.4991;326.71;325.73;326.20;0.98;34.638;117.840;8.166;-34.619;42.785;interna;16.00;-3.464;-61.779;6.340;63.785;68.119;213.8;29.84
TUBI;89;2;0;12.733;-0.4991;326.71;325.73;326.20;0.98;34.638;117.840;8.166;-34.619;42.785;media;17.52;-8.240;-55.202;8.141;56.947;63.343;213.8;26.64
TUBI;89;2;0;12.733;-0.4991;326.71;325.73;326.20;0.98;34.638;117.840;8.166;-34.619;42.785;esterna;19.05;-11.784;-50.008;9.791;52.452;59.799;213.8;24.54
TUBI;0;3;0;0.007;-0.3565;342.39;336.22;339.13;6.16;34.740;117.840;8.582;-34.206;42.787;interna;16.00;-3.474;-71.380;-2.904;68.193;68.476;211.2;32.29
TUBI;0;3;0;0.007;-0.3565;342.39;336.22;339.13;6.16;34.740;117.840;8.582;-34.206;42.787;media;17.52;-8.640;-54.885;8.425;56.736;63.310;211.2;26.87
TUBI;0;3;0;0.007;-0.3565;342.39;336.22;339.13;6.16;34.740;117.840;8.582;-34.206;42.787;esterna;19.05;-11.784;-41.358;18.807;52.108;60.166;211.2;24.68
TUBI;1;3;0;0.022;-0.3565;342.37;336.21;339.11;6.16;34.725;117.840;8.582;-34.206;42.787;interna;16.00;-3.472;-71.377;-2.893;68.196;68.484;211.2;32.29
TUBI;1;3;0;0.022;-0.3565;342.37;336.21;339.11;6.16;34.725;117.840;8.582;-34.206;42.787;media;17.52;-8.639;-54.893;8.425;56.744;63.318;211.2;26.87
TUBI;1;3;0;0.022;-0.3565;342.37;336.21;339.11;6.16;34.725;117.840;8.582;-34.206;42.787;esterna;19.05;-11.784;-41.376;18.797;52.114;60.173;211.2;24.68
TUBI;2;3;0;0.037;-0.3565;342.35;336.20;339.09;6.15;34.725;117.840;8.582;-34.206;42.787;interna;16.00;-3.472;-71.366;-2.881;68.191;68.485;211.2;32.29
TUBI;2;3;0;0.037;-0.3565;342.35;336.20;339.09;6.15;34.725;117.840;8.582;-34.206;42.787;media;17.52;-8.639;-54.894;8.425;56.745;63.319;211.2;26.87
TUBI;2;3;0;0.037;-0.3565;342.35;336.20;339.09;6.15;34.725;117.840;8.582;-34.206;42.787;esterna;19.05;-11.784;-41.386;18.787;52.114;60.173;211.2;24.68
TUBI;3;3;0;0.053;-0.3565;342.33;336.18;339.08;6.14;34.724;117.840;8.582;-34.206;42.787;interna;16.00;-3.472;-71.354;-2.869;68.185;68.485;211.2;32.29
TUBI;3;3;0;0.053;-0.3565;342.33;336.18;339.08;6.14;34.724;117.840;8.582;-34.206;42.787;media;17.52;-8.638;-54.894;8.425;56.746;63.319;211.2;26.87
TUBI;3;3;0;0.053;-0.3565;342.33;336.18;339.08;6.14;34.724;117.840;8.582;-34.206;42.787;esterna;19.05;-11.784;-41.397;18.776;52.114;60.173;211.2;24.68
TUBI;4;3;0;0.070;-0.3565;342.18;336.09;338.96;6.10;34.724;117.840;8.582;-34.206;42.787;interna;16.00;-3.472;-71.263;-2.778;68.141;68.485;211.2;32.26
TUBI;4;3;0;0.070;-0.3565;342.18;336.09;338.96;6.10;34.724;117.840;8.582;-34.206;42.787;media;17.52;-8.634;-54.897;8.426;56.750;63.323;211.2;26.87
TUBI;4;3;0;0.070;-0.3565;342.18;336.09;338.96;6.10;34.724;117.840;8.582;-34.206;42.787;esterna;19.05;-11.784;-41.478;18.695;52.113;60.174;211.2;24.67
TUBI;5;3;0;0.087;-0.3565;342.06;336.01;338.86;6.06;34.723;117.840;8.582;-34.206;42.787;interna;16.00;-3.472;-71.191;-2.706;68.105;68.485;211.2;32.24
TUBI;5;3;0;0.087;-0.3565;342.06;336.01;338.86;6.06;34.723;117.840;8.582;-34.206;42.787;media;17.52;-8.631;-54.899;8.427;56.754;63.326;211.2;26.87
TUBI;5;3;0;0.087;-0.3565;342.06;336.01;338.86;6.06;34.723;117.840;8.582;-34.206;42.787;esterna;19.05;-11.784;-41.543;18.631;52.113;60.174;211.2;24.67
TUBI;6;3;0;0.105;-0.3565;341.96;335.94;338.78;6.02;34.723;117.840;8.582;-34.206;42.787;interna;16.00;-3.472;-71.130;-2.645;68.076;68.486;211.2;32.23
TUBI;6;3;0;0.105;-0.3565;341.96;335.94;338.78;6.02;34.723;117.840;8.582;-34.206;42.787;media;17.52;-8.629;-54.901;8.428;56.757;63.329;211.2;26.87
TUBI;6;3;0;0.105;-0.3565;341.96;335.94;338.78;6.02;34.723;117.840;8.582;-34.206;42.787;esterna;19.05;-11.784;-41.598;18.576;52.113;60.174;211.2;24.67
TUBI;7;3;0;0.124;-0.3565;341.88;335.88;338.70;6.00;34.722;117.840;8.582;-34.206;42.787;interna;16.00;-3.472;-71.077;-2.591;68.050;68.486;211.3;32.21
TUBI;7;3;0;0.124;-0.3565;341.88;335.88;338.70;6.00;34.722;117.840;8.582;-34.206;42.787;media;17.52;-8.627;-54.903;8.429;56.759;63.332;211.3;26.87
TUBI;7;3;0;0.124;-0.3565;341.88;335.88;338.70;6.00;34.722;117.840;8.582;-34.206;42.787;esterna;19.05;-11.784;-41.646;18.529;52.113;60.174;211.3;24.67
TUBI;8;3;0;0.144;-0.3565;341.80;335.83;338.64;5.97;34.722;117.840;8.582;-34.206;42.787;interna;16.00;-3.472;-71.029;-2.543;68.026;68.486;211.3;32.20
TUBI;8;3;0;0.144;-0.3565;341.80;335.83;338.64;5.97;34.722;117.840;8.582;-34.206;42.787;media;17.52;-8.625;-54.904;8.430;56.762;63.334;211.3;26.87
TUBI;8;3;0;0.144;-0.3565;341.80;335.83;338.64;5.97;34.722;117.840;8.582;-34.206;42.787;esterna;19.05;-11.784;-41.689;18.486;52.113;60.174;211.3;24.67
TUBI;9;3;0;0.164;-0.3565;341.73;335.78;338.58;5.95;34.721;117.840;8.582;-34.206;42.787;interna;16.00;-3.472;-70.986;-2.499;68.005;68.487;211.3;32.19
TUBI;9;3;0;0.164;-0.3565;341.73;335.78;338.58;5.95;34.721;117.840;8.582;-34.206;42.787;media;17.52;-8.623;-54.906;8.430;56.764;63.336;211.3;26.87
TUBI;9;3;0;0.164;-0.3565;341.73;335.78;338.58;5.95;34.721;117.840;8.582;-34.206;42.787;esterna;19.05;-11.784;-41.728;18.447;52.113;60.175;211.3;24.66
TUBI;10;3;0;0.185;-0.3565;341.66;335.73;338.52;5.92;34.721;117.840;8.582;-34.206;42.787;interna;16.00;-3.472;-70.943;-2.456;67.985;68.487;211.3;32.18
TUBI;10;3;0;0.185;-0.3565;341.66;335.73;338.52;5.92;34.721;117.840;8.582;-34.206;42.787;media;17.52;-8.621;-54.907;8.431;56.767;63.338;211.3;26.87
TUBI;10;3;0;0.185;-0.3565;341.66;335.73;338.52;5.92;34.721;117.840;8.582;-34.206;42.787;esterna;19.05;-11.784;-41.766;18.409;52.113;60.175;211.3;24.66
TUBI;11;3;0;0.207;-0.3565;431.39;395.32;412.31;36.07;34.717;117.840;8.582;-34.206;42.787;interna;16.00;-3.472;-127.129;-58.640;107.297;123.657;196.5;54.59
TUBI;11;3;0;0.207;-0.3565;431.39;395.32;412.31;36.07;34.717;117.840;8.582;-34.206;42.787;media;17.52;-10.921;-53.378;7.662;54.193;61.039;196.5;27.57
TUBI;11;3;0;0.207;-0.3565;431.39;395.32;412.31;36.07;34.717;117.840;8.582;-34.206;42.787;esterna;19.05;-11.784;8.252;68.428;72.307;80.212;196.5;36.79
TUBI;12;3;0;0.230;-0.3565;429.57;394.13;410.82;35.44;34.717;117.840;8.582;-34.206;42.787;interna;16.00;-3.472;-125.947;-57.458;106.314;122.475;196.8;54.01
TUBI;12;3;0;0.230;-0.3565;429.57;394.13;410.82;35.44;34.717;117.840;8.582;-34.206;42.787;media;17.52;-10.873;-53.410;7.678;54.246;61.088;196.8;27.56
TUBI;12;3;0;0.230;-0.3565;429.57;394.13;410.82;35.44;34.717;117.840;8.582;-34.206;42.787;esterna;19.05;-11.784;7.199;67.375;71.581;79.159;196.8;36.37
TUBI;13;3;0;0.254;-0.3565;427.84;393.00;409.41;34.83;34.717;117.840;8.582;-34.206;42.787;interna;16.00;-3.472;-124.823;-56.333;105.383;121.351;197.1;53.46
TUBI;13;3;0;0.254;-0.3565;427.84;393.00;409.41;34.83;34.717;117.840;8.582;-34.206;42.787;media;17.52;-10.827;-53.441;7.693;54.297;61.134;197.1;27.55
TUBI;13;3;0;0.254;-0.3565;427.84;393.00;409.41;34.83;34.717;117.840;8.582;-34.206;42.787;esterna;19.05;-11.784;6.198;66.375;70.899;78.159;197.1;35.97
TUBI;14;3;0;0.279;-0.3565;426.18;391.92;408.05;34.25;34.717;117.840;8.582;-34.206;42.787;interna;16.00;-3.472;-123.745;-55.256;104.494;120.274;197.4;52.94
TUBI;14;3;0;0.279;-0.3565;426.18;391.92;408.05;34.25;34.717;117.840;8.582;-34.206;42.787;media;17.52;-10.783;-53.470;7.708;54.346;61.178;197.4;27.53
TUBI;14;3;0;0.279;-0.3565;426.18;391.92;408.05;34.25;34.717;117.840;8.582;-34.206;42.787;esterna;19.05;-11.784;5.239;65.416;70.252;77.200;197.4;35.59
TUBI;15;3;0;0.305;-0.3565;424.57;390.87;406.74;33.70;34.716;117.840;8.582;-34.206;42.787;interna;16.00;-3.472;-122.706;-54.216;103.640;119.234;197.7;52.44
TUBI;15;3;0;0.305;-0.3565;424.57;390.87;406.74;33.70;34.716;117.840;8.582;-34.206;42.787;media;17.52;-10.740;-53.499;7.722;54.393;61.221;197.7;27.52
TUBI;15;3;0;0.305;-0.3565;424.57;390.87;406.74;33.70;34.716;117.840;8.582;-34.206;42.787;esterna;19.05;-11.784;4.313;64.490;69.635;76.274;197.7;35.23
TUBI;16;3;0;0.332;-0.3565;423.02;389.85;405.47;33.16;34.716;117.840;8.582;-34.206;42.787;interna;16.00;-3.472;-121.707;-53.217;102.823;118.235;197.9;51.96
TUBI;16;3;0;0.332;-0.3565;423.02;389.85;405.47;33.16;34.716;117.840;8.582;-34.206;42.787;media;17.52;-10.699;-53.526;7.736;54.438;61.262;197.9;27.51
TUBI;16;3;0;0.332;-0.3565;423.02;389.85;405.47;33.16;34.716;117.840;8.582;-34.206;42.787;esterna;19.05;-11.784;3.423;63.600;69.048;75.384;197.9;34.89
TUBI;17;3;0;0.360;-0.3565;421.49;388.86;404.23;32.63;34.716;117.840;8.582;-34.206;42.787;interna;16.00;-3.472;-120.721;-52.231;102.019;117.249;198.2;51.48
TUBI;17;3;0;0.360;-0.3565;421.49;388.86;404.23;32.63;34.716;117.840;8.582;-34.206;42.787;media;17.52;-10.659;-53.553;7.750;54.483;61.303;198.2;27.50
TUBI;17;3;0;0.360;-0.3565;421.49;388.86;404.23;32.63;34.716;117.840;8.582;-34.206;42.787;esterna;19.05;-11.784;2.545;62.722;68.476;74.506;198.2;34.56
TUBI;18;3;0;0.390;-0.3565;420.00;387.88;403.01;32.12;34.716;117.840;8.582;-34.206;42.787;interna;16.00;-3.472;-119.764;-51.274;101.242;116.293;198.4;51.03
TUBI;18;3;0;0.390;-0.3565;420.00;387.88;403.01;32.12;34.716;117.840;8.582;-34.206;42.787;media;17.52;-10.619;-53.579;7.763;54.527;61.342;198.4;27.48
TUBI;18;3;0;0.390;-0.3565;420.00;387.88;403.01;32.12;34.716;117.840;8.582;-34.206;42.787;esterna;19.05;-11.784;1.693;61.871;67.926;73.655;198.4;34.24
TUBI;19;3;0;0.420;-0.3565;418.52;386.92;401.80;31.61;34.715;117.840;8.582;-34.206;42.787;interna;16.00;-3.472;-118.811;-50.321;100.472;115.340;198.6;50.58
TUBI;19;3;0;0.420;-0.3565;418.52;386.92;401.80;31.61;34.715;117.840;8.582;-34.206;42.787;media;17.52;-10.580;-53.605;7.776;54.570;61.381;198.6;27.47
TUBI;19;3;0;0.420;-0.3565;418.52;386.92;401.80;31.61;34.715;117.840;8.582;-34.206;42.787;esterna;19.05;-11.784;0.845;61.022;67.385;72.806;198.6;33.92
TUBI;20;3;0;0.452;-0.3565;417.07;385.96;400.61;31.11;34.715;117.840;8.582;-34.206;42.787;interna;16.00;-3.471;-117.880;-49.390;99.722;114.409;198.9;50.14
TUBI;20;3;0;0.452;-0.3565;417.07;385.96;400.61;31.11;34.715;117.840;8.582;-34.206;42.787;media;17.52;-10.542;-53.631;7.788;54.612;61.419;198.9;27.46
TUBI;20;3;0;0.452;-0.3565;417.07;385.96;400.61;31.11;34.715;117.840;8.582;-34.206;42.787;esterna;19.05;-11.784;0.015;60.193;66.863;71.977;198.9;33.62
TUBI;21;3;0;0.485;-0.3565;415.62;385.01;399.43;30.61;34.715;117.840;8.582;-34.206;42.787;interna;16.00;-3.471;-116.957;-48.467;98.981;113.486;199.1;49.71
TUBI;21;3;0;0.485;-0.3565;415.62;385.01;399.43;30.61;34.715;117.840;8.582;-34.206;42.787;media;17.52;-10.504;-53.656;7.801;54.654;61.457;199.1;27.45
TUBI;21;3;0;0.485;-0.3565;415.62;385.01;399.43;30.61;34.715;117.840;8.582;-34.206;42.787;esterna;19.05;-11.784;-0.807;59.371;66.351;71.155;199.1;33.32
TUBI;22;3;0;0.520;-0.3565;414.18;384.07;398.25;30.11;34.714;117.840;8.582;-34.206;42.787;interna;16.00;-3.471;-116.029;-47.539;98.240;112.558;199.4;49.28
TUBI;22;3;0;0.520;-0.3565;414.18;384.07;398.25;30.11;34.714;117.840;8.582;-34.206;42.787;media;17.52;-10.466;-53.682;7.814;54.697;61.496;199.4;27.44
TUBI;22;3;0;0.520;-0.3565;414.18;384.07;398.25;30.11;34.714;117.840;8.582;-34.206;42.787;esterna;19.05;-11.784;-1.633;58.545;65.843;70.329;199.4;33.03
TUBI;23;3;0;0.556;-0.3565;412.74;383.12;397.07;29.62;34.714;117.840;8.582;-34.206;42.787;interna;16.00;-3.471;-115.115;-46.624;97.513;111.644;199.6;48.86
TUBI;23;3;0;0.556;-0.3565;412.74;383.12;397.07;29.62;34.714;117.840;8.582;-34.206;42.787;media;17.52;-10.429;-53.707;7.826;54.738;61.533;199.6;27.43
TUBI;23;3;0;0.556;-0.3565;412.74;383.12;397.07;29.62;34.714;117.840;8.582;-34.206;42.787;esterna;19.05;-11.784;-2.448;57.731;65.349;69.515;199.6;32.74
TUBI;24;3;0;0.593;-0.3565;411.31;382.18;395.90;29.13;34.714;117.840;8.582;-34.206;42.787;interna;16.00;-3.471;-114.192;-45.701;96.782;110.721;199.8;48.43
TUBI;24;3;0;0.593;-0.3565;411.31;382.18;395.90;29.13;34.714;117.840;8.582;-34.206;42.787;media;17.52;-10.391;-53.732;7.839;54.780;61.571;199.8;27.41
TUBI;24;3;0;0.593;-0.3565;411.31;382.18;395.90;29.13;34.714;117.840;8.582;-34.206;42.787;esterna;19.05;-11.784;-3.269;56.909;64.856;68.693;199.8;32.46
TUBI;25;3;0;0.632;-0.3565;409.87;381.23;394.72;28.64;34.713;117.840;8.582;-34.206;42.787;interna;16.00;-3.471;-113.280;-44.788;96.063;109.808;200.1;48.02
TUBI;25;3;0;0.632;-0.3565;409.87;381.23;394.72;28.64;34.713;117.840;8.582;-34.206;42.787;media;17.52;-10.354;-53.757;7.851;54.822;61.609;200.1;27.40
TUBI;25;3;0;0.632;-0.3565;409.87;381.23;394.72;28.64;34.713;117.840;8.582;-34.206;42.787;esterna;19.05;-11.784;-4.082;56.096;64.376;67.880;200.1;32.18
TUBI;26;3;0;0.672;-0.3565;408.43;380.28;393.54;28.15;34.713;117.840;8.582;-34.206;42.787;interna;16.00;-3.471;-112.366;-43.874;95.345;108.894;200.3;47.60
TUBI;26;3;0;0.672;-0.3565;408.43;380.28;393.54;28.15;34.713;117.840;8.582;-34.206;42.787;media;17.52;-10.316;-53.782;7.864;54.864;61.646;200.3;27.39
TUBI;26;3;0;0.672;-0.3565;408.43;380.28;393.54;28.15;34.713;117.840;8.582;-34.206;42.787;esterna;19.05;-11.784;-4.896;55.282;63.902;67.066;200.3;31.90
TUBI;27;3;0;0.715;-0.3565;406.98;379.33;392.35;27.65;34.712;117.840;8.582;-34.206;42.787;interna;16.00;-3.471;-111.440;-42.948;94.622;107.968;200.5;47.19
TUBI;27;3;0;0.715;-0.3565;406.98;379.33;392.35;27.65;34.712;117.840;8.582;-34.206;42.787;media;17.52;-10.278;-53.808;7.877;54.906;61.685;200.5;27.38
TUBI;27;3;0;0.715;-0.3565;406.98;379.33;392.35;27.65;34.712;117.840;8.582;-34.206;42.787;esterna;19.05;-11.784;-5.721;54.458;63.428;66.242;200.5;31.63
TUBI;28;3;0;0.759;-0.3565;405.53;378.37;391.16;27.15;34.712;117.840;8.582;-34.206;42.787;interna;16.00;-3.471;-110.520;-42.028;93.907;107.049;200.8;46.77
TUBI;28;3;0;0.759;-0.3565;405.53;378.37;391.16;27.15;34.712;117.840;8.582;-34.206;42.787;media;17.52;-10.241;-53.833;7.889;54.948;61.722;200.8;27.37
TUBI;28;3;0;0.759;-0.3565;405.53;378.37;391.16;27.15;34.712;117.840;8.582;-34.206;42.787;esterna;19.05;-11.784;-6.541;53.639;62.965;65.423;200.8;31.36
TUBI;29;3;0;0.804;-0.3565;404.06;377.41;389.96;26.65;34.712;117.840;8.582;-34.206;42.787;interna;16.00;-3.471;-109.586;-41.094;93.186;106.115;201.0;46.36
TUBI;29;3;0;0.804;-0.3565;404.06;377.41;389.96;26.65;34.712;117.840;8.582;-34.206;42.787;media;17.52;-10.203;-53.859;7.902;54.991;61.761;201.0;27.36
TUBI;29;3;0;0.804;-0.3565;404.06;377.41;389.96;26.65;34.712;117.840;8.582;-34.206;42.787;esterna;19.05;-11.784;-7.372;52.807;62.502;64.591;201.0;31.09
TUBI;30;3;0;0.852;-0.3565;402.59;376.43;388.75;26.16;34.711;117.840;8.582;-34.206;42.787;interna;16.00;-3.471;-108.657;-40.165;92.471;105.186;201.2;45.95
TUBI;30;3;0;0.852;-0.3565;402.59;376.43;388.75;26.16;34.711;117.840;8.582;-34.206;42.787;media;17.52;-10.164;-53.884;7.915;55.034;61.799;201.2;27.35
TUBI;30;3;0;0.852;-0.3565;402.59;376.43;388.75;26.16;34.711;117.840;8.582;-34.206;42.787;esterna;19.05;-11.784;-8.200;51.980;62.049;63.764;201.2;30.83
TUBI;31;3;0;0.902;-0.3565;401.11;375.45;387.54;25.65;34.711;117.840;8.582;-34.206;42.787;interna;16.00;-3.471;-107.722;-39.230;91.756;104.251;201.5;45.54
TUBI;31;3;0;0.902;-0.3565;401.11;375.45;387.54;25.65;34.711;117.840;8.582;-34.206;42.787;media;17.52;-10.126;-53.910;7.928;55.077;61.838;201.5;27.33
TUBI;31;3;0;0.902;-0.3565;401.11;375.45;387.54;25.65;34.711;117.840;8.582;-34.206;42.787;esterna;19.05;-11.784;-9.032;51.147;61.602;62.931;201.5;30.57
TUBI;32;3;0;0.953;-0.3565;399.61;374.47;386.31;25.14;34.710;117.840;8.582;-34.206;42.787;interna;16.00;-3.471;-106.773;-38.280;91.034;103.302;201.7;45.12
TUBI;32;3;0;0.953;-0.3565;399.61;374.47;386.31;25.14;34.710;117.840;8.582;-34.206;42.787;media;17.52;-10.087;-53.936;7.941;55.120;61.877;201.7;27.32
TUBI;32;3;0;0.953;-0.3565;399.61;374.47;386.31;25.14;34.710;117.840;8.582;-34.206;42.787;esterna;19.05;-11.784;-9.878;50.302;61.155;62.086;201.7;30.31
TUBI;33;3;0;1.007;-0.3565;398.10;373.47;385.07;24.64;34.710;117.840;8.582;-34.206;42.787;interna;16.00;-3.471;-105.826;-37.333;90.317;102.355;202.0;44.71
TUBI;33;3;0;1.007;-0.3565;398.10;373.47;385.07;24.64;34.710;117.840;8.582;-34.206;42.787;media;17.52;-10.048;-53.962;7.953;55.164;61.916;202.0;27.31
TUBI;33;3;0;1.007;-0.3565;398.10;373.47;385.07;24.64;34.710;117.840;8.582;-34.206;42.787;esterna;19.05;-11.784;-10.722;49.459;60.718;61.243;202.0;30.06
TUBI;34;3;0;1.063;-0.3565;396.58;372.46;383.82;24.12;34.709;117.840;8.582;-34.206;42.787;interna;16.00;-3.471;-104.864;-36.371;89.594;101.393;202.2;44.30
TUBI;34;3;0;1.063;-0.3565;396.58;372.46;383.82;24.12;34.709;117.840;8.582;-34.206;42.787;media;17.52;-10.009;-53.989;7.967;55.208;61.955;202.2;27.30
TUBI;34;3;0;1.063;-0.3565;396.58;372.46;383.82;24.12;34.709;117.840;8.582;-34.206;42.787;esterna;19.05;-11.784;-11.578;48.602;60.284;60.386;202.2;29.81
TUBI;35;3;0;1.122;-0.3565;395.05;371.45;382.56;23.60;34.709;117.840;8.582;-34.206;42.787;interna;16.00;-3.471;-103.896;-35.402;88.871;100.425;202.5;43.89
TUBI;35;3;0;1.122;-0.3565;395.05;371.45;382.56;23.60;34.709;117.840;8.582;-34.206;42.787;media;17.52;-9.969;-54.016;7.980;55.252;61.995;202.5;27.29
TUBI;35;3;0;1.122;-0.3565;395.05;371.45;382.56;23.60;34.709;117.840;8.582;-34.206;42.787;esterna;19.05;-11.784;-12.441;47.740;59.855;60.181;202.5;29.56
TUBI;36;3;0;1.182;-0.3565;393.50;370.42;381.29;23.08;34.708;117.840;8.582;-34.206;42.787;interna;16.00;-3.471;-102.929;-34.435;88.154;99.458;202.7;43.48
TUBI;36;3;0;1.182;-0.3565;393.50;370.42;381.29;23.08;34.708;117.840;8.582;-34.206;42.787;media;17.52;-9.930;-54.042;7.993;55.297;62.035;202.7;27.27
TUBI;36;3;0;1.182;-0.3565;393.50;370.42;381.29;23.08;34.708;117.840;8.582;-34.206;42.787;esterna;19.05;-11.784;-13.302;46.879;59.436;60.181;202.7;29.32
TUBI;37;3;0;1.246;-0.3565;392.04;369.46;380.09;22.59;34.708;117.840;8.582;-34.206;42.787;interna;16.00;-3.471;-102.010;-33.516;87.476;98.539;203.0;43.10
TUBI;37;3;0;1.246;-0.3565;392.04;369.46;380.09;22.59;34.708;117.840;8.582;-34.206;42.787;media;17.52;-9.892;-54.068;8.006;55.339;62.073;203.0;27.26
TUBI;37;3;0;1.246;-0.3565;392.04;369.46;380.09;22.59;34.708;117.840;8.582;-34.206;42.787;esterna;19.05;-11.784;-14.121;46.060;59.048;60.181;203.0;29.09
TUBI;38;3;0;1.311;-0.3565;390.48;368.41;378.80;22.06;34.707;117.840;8.582;-34.206;42.787;interna;16.00;-3.471;-101.030;-32.535;86.759;97.560;203.2;42.69
TUBI;38;3;0;1.311;-0.3565;390.48;368.41;378.80;22.06;34.707;117.840;8.582;-34.206;42.787;media;17.52;-9.852;-54.095;8.019;55.385;62.114;203.2;27.25
TUBI;38;3;0;1.311;-0.3565;390.48;368.41;378.80;22.06;34.707;117.840;8.582;-34.206;42.787;esterna;19.05;-11.784;-14.994;45.188;58.643;60.182;203.2;28.85
TUBI;39;3;0;1.380;-0.3565;388.89;367.36;377.50;21.53;34.706;117.840;8.582;-34.206;42.787;interna;16.00;-3.471;-100.037;-31.542;86.037;96.566;203.5;42.28
TUBI;39;3;0;1.380;-0.3565;388.89;367.36;377.50;21.53;34.706;117.840;8.582;-34.206;42.787;media;17.52;-9.811;-54.122;8.033;55.430;62.155;203.5;27.24
TUBI;39;3;0;1.380;-0.3565;388.89;367.36;377.50;21.53;34.706;117.840;8.582;-34.206;42.787;esterna;19.05;-11.784;-15.879;44.303;58.243;60.182;203.5;28.62
TUBI;40;3;0;1.452;-0.3565;387.30;366.30;376.19;21.00;34.706;117.840;8.582;-34.206;42.787;interna;16.00;-3.471;-99.045;-30.550;85.321;95.575;203.8;41.87
TUBI;40;3;0;1.452;-0.3565;387.30;366.30;376.19;21.00;34.706;117.840;8.582;-34.206;42.787;media;17.52;-9.771;-54.149;8.046;55.476;62.196;203.8;27.23
TUBI;40;3;0;1.452;-0.3565;387.30;366.30;376.19;21.00;34.706;117.840;8.582;-34.206;42.787;esterna;19.05;-11.784;-16.762;43.420;57.854;60.182;203.8;28.39
TUBI;41;3;0;1.526;-0.3565;385.69;365.24;374.87;20.46;34.705;117.840;8.582;-34.206;42.787;interna;16.00;-3.471;-98.041;-29.545;84.602;94.570;204.0;41.47
TUBI;41;3;0;1.526;-0.3565;385.69;365.24;374.87;20.46;34.705;117.840;8.582;-34.206;42.787;media;17.52;-9.729;-54.177;8.060;55.523;62.237;204.0;27.21
TUBI;41;3;0;1.526;-0.3565;385.69;365.24;374.87;20.46;34.705;117.840;8.582;-34.206;42.787;esterna;19.05;-11.784;-17.657;42.525;57.471;60.182;204.0;28.17
TUBI;42;3;0;1.603;-0.3565;384.08;364.16;373.54;19.92;34.704;117.840;8.582;-34.206;42.787;interna;16.00;-3.470;-97.032;-28.535;83.886;93.561;204.3;41.06
TUBI;42;3;0;1.603;-0.3565;384.08;364.16;373.54;19.92;34.704;117.840;8.582;-34.206;42.787;media;17.52;-9.688;-54.205;8.074;55.569;62.279;204.3;27.20
TUBI;42;3;0;1.603;-0.3565;384.08;364.16;373.54;19.92;34.704;117.840;8.582;-34.206;42.787;esterna;19.05;-11.784;-18.556;41.627;57.099;60.183;204.3;27.95
TUBI;43;3;0;1.684;-0.3565;382.45;363.08;372.20;19.37;34.704;117.840;8.582;-34.206;42.787;interna;16.00;-3.470;-96.025;-27.528;83.177;92.555;204.6;40.66
TUBI;43;3;0;1.684;-0.3565;382.45;363.08;372.20;19.37;34.704;117.840;8.582;-34.206;42.787;media;17.52;-9.647;-54.233;8.088;55.616;62.320;204.6;27.19
TUBI;43;3;0;1.684;-0.3565;382.45;363.08;372.20;19.37;34.704;117.840;8.582;-34.206;42.787;esterna;19.05;-11.784;-19.453;40.730;56.739;60.183;204.6;27.74
TUBI;44;3;0;1.768;-0.3565;380.82;361.99;370.86;18.83;34.703;117.840;8.582;-34.206;42.787;interna;16.00;-3.470;-95.008;-26.511;82.468;91.538;204.8;40.26
TUBI;44;3;0;1.768;-0.3565;380.82;361.99;370.86;18.83;34.703;117.840;8.582;-34.206;42.787;media;17.52;-9.605;-54.261;8.102;55.663;62.362;204.8;27.18
TUBI;44;3;0;1.768;-0.3565;380.82;361.99;370.86;18.83;34.703;117.840;8.582;-34.206;42.787;esterna;19.05;-11.784;-20.359;39.824;56.387;60.183;204.8;27.53
TUBI;45;3;0;1.855;-0.3565;379.18;360.90;369.51;18.28;34.702;117.840;8.582;-34.206;42.787;interna;16.00;-3.470;-93.988;-25.491;81.763;90.518;205.1;39.87
TUBI;45;3;0;1.855;-0.3565;379.18;360.90;369.51;18.28;34.702;117.840;8.582;-34.206;42.787;media;17.52;-9.563;-54.289;8.116;55.710;62.405;205.1;27.16
TUBI;45;3;0;1.855;-0.3565;379.18;360.90;369.51;18.28;34.702;117.840;8.582;-34.206;42.787;esterna;19.05;-11.784;-21.268;38.916;56.047;60.184;205.1;27.33
TUBI;46;3;0;1.947;-0.3565;377.53;359.80;368.15;17.73;34.702;117.840;8.582;-34.206;42.787;interna;16.00;-3.470;-92.966;-24.468;81.063;89.496;205.4;39.47
TUBI;46;3;0;1.947;-0.3565;377.53;359.80;368.15;17.73;34.702;117.840;8.582;-34.206;42.787;media;17.52;-9.521;-54.317;8.129;55.758;62.447;205.4;27.15
TUBI;46;3;0;1.947;-0.3565;377.53;359.80;368.15;17.73;34.702;117.840;8.582;-34.206;42.787;esterna;19.05;-11.784;-22.178;38.006;55.719;60.184;205.4;27.13
TUBI;47;3;0;2.041;-0.3565;375.89;358.70;366.80;17.19;34.701;117.840;8.582;-34.206;42.787;interna;16.00;-3.470;-91.949;-23.451;80.374;88.479;205.6;39.08
TUBI;47;3;0;2.041;-0.3565;375.89;358.70;366.80;17.19;34.701;117.840;8.582;-34.206;42.787;media;17.52;-9.480;-54.345;8.143;55.805;62.489;205.6;27.14
TUBI;47;3;0;2.041;-0.3565;375.89;358.70;366.80;17.19;34.701;117.840;8.582;-34.206;42.787;esterna;19.05;-11.784;-23.085;37.100;55.405;60.185;205.6;26.94
TUBI;48;3;0;2.140;-0.3565;374.24;357.60;365.43;16.64;34.700;117.840;8.582;-34.206;42.787;interna;16.00;-3.470;-90.926;-22.427;79.687;87.456;205.9;38.70
TUBI;48;3;0;2.140;-0.3565;374.24;357.60;365.43;16.64;34.700;117.840;8.582;-34.206;42.787;media;17.52;-9.438;-54.374;8.157;55.852;62.531;205.9;27.12
TUBI;48;3;0;2.140;-0.3565;374.24;357.60;365.43;16.64;34.700;117.840;8.582;-34.206;42.787;esterna;19.05;-11.784;-23.997;36.188;55.103;60.185;205.9;26.76
TUBI;49;3;0;2.243;-0.3565;372.58;356.49;364.07;16.09;34.699;117.840;8.582;-34.206;42.787;interna;16.00;-3.470;-89.903;-21.404;79.008;86.433;206.2;38.32
TUBI;49;3;0;2.243;-0.3565;372.58;356.49;364.07;16.09;34.699;117.840;8.582;-34.206;42.787;media;17.52;-9.396;-54.402;8.171;55.900;62.573;206.2;27.11
TUBI;49;3;0;2.243;-0.3565;372.58;356.49;364.07;16.09;34.699;117.840;8.582;-34.206;42.787;esterna;19.05;-11.784;-24.908;35.277;54.815;60.185;206.2;26.58
TUBI;50;3;0;2.350;-0.3565;370.95;355.41;362.73;15.54;34.698;117.840;8.582;-34.206;42.787;interna;16.00;-3.470;-88.880;-20.380;78.336;85.410;206.5;37.94
TUBI;50;3;0;2.350;-0.3565;370.95;355.41;362.73;15.54;34.698;117.840;8.582;-34.206;42.787;media;17.52;-9.354;-54.430;8.185;55.948;62.616;206.5;27.10
TUBI;50;3;0;2.350;-0.3565;370.95;355.41;362.73;15.54;34.698;117.840;8.582;-34.206;42.787;esterna;19.05;-11.784;-25.820;34.366;54.540;60.186;206.5;26.42
TUBI;51;3;0;2.461;-0.3565;369.29;354.29;361.36;15.00;34.697;117.840;8.582;-34.206;42.787;interna;16.00;-3.470;-87.868;-19.367;77.679;84.398;206.7;37.58
TUBI;51;3;0;2.461;-0.3565;369.29;354.29;361.36;15.00;34.697;117.840;8.582;-34.206;42.787;media;17.52;-9.312;-54.458;8.199;55.995;62.658;206.7;27.09
TUBI;51;3;0;2.461;-0.3565;369.29;354.29;361.36;15.00;34.697;117.840;8.582;-34.206;42.787;esterna;19.05;-11.784;-26.722;33.464;54.281;60.186;206.7;26.26
TUBI;52;3;0;2.578;-0.3565;367.64;353.18;359.99;14.45;34.697;117.840;8.582;-34.206;42.787;interna;16.00;-3.470;-86.854;-18.354;77.029;83.385;207.0;37.21
TUBI;52;3;0;2.578;-0.3565;367.64;353.18;359.99;14.45;34.697;117.840;8.582;-34.206;42.787;media;17.52;-9.271;-54.487;8.213;56.042;62.700;207.0;27.07
TUBI;52;3;0;2.578;-0.3565;367.64;353.18;359.99;14.45;34.697;117.840;8.582;-34.206;42.787;esterna;19.05;-11.784;-27.625;32.562;54.037;60.187;207.0;26.10
TUBI;53;3;0;2.698;-0.3565;365.99;352.08;358.63;13.91;34.696;117.840;8.582;-34.206;42.787;interna;16.00;-3.470;-85.846;-17.345;76.390;82.376;207.3;36.85
TUBI;53;3;0;2.698;-0.3565;365.99;352.08;358.63;13.91;34.696;117.840;8.582;-34.206;42.787;media;17.52;-9.229;-54.515;8.227;56.089;62.741;207.3;27.06
TUBI;53;3;0;2.698;-0.3565;365.99;352.08;358.63;13.91;34.696;117.840;8.582;-34.206;42.787;esterna;19.05;-11.784;-28.523;31.664;53.807;60.187;207.3;25.96
TUBI;54;3;0;2.824;-0.3565;364.35;350.98;357.28;13.37;34.695;117.840;8.582;-34.206;42.787;interna;16.00;-3.469;-84.844;-16.342;75.763;81.374;207.5;36.50
TUBI;54;3;0;2.824;-0.3565;364.35;350.98;357.28;13.37;34.695;117.840;8.582;-34.206;42.787;media;17.52;-9.188;-54.542;8.241;56.136;62.783;207.5;27.05
TUBI;54;3;0;2.824;-0.3565;364.35;350.98;357.28;13.37;34.695;117.840;8.582;-34.206;42.787;esterna;19.05;-11.784;-29.417;30.771;53.593;60.187;207.5;25.82
TUBI;55;3;0;2.955;-0.3565;362.73;349.89;355.93;12.84;34.694;117.840;8.582;-34.206;42.787;interna;16.00;-3.469;-83.853;-15.351;75.151;80.384;207.8;36.16
TUBI;55;3;0;2.955;-0.3565;362.73;349.89;355.93;12.84;34.694;117.840;8.582;-34.206;42.787;media;17.52;-9.148;-54.570;8.254;56.182;62.824;207.8;27.03
TUBI;55;3;0;2.955;-0.3565;362.73;349.89;355.93;12.84;34.694;117.840;8.582;-34.206;42.787;esterna;19.05;-11.784;-30.299;29.889;53.395;60.188;207.8;25.69
TUBI;56;3;0;3.092;-0.3565;361.12;348.80;354.60;12.31;34.693;117.840;8.582;-34.206;42.787;interna;16.00;-3.469;-82.867;-14.364;74.550;79.398;208.1;35.83
TUBI;56;3;0;3.092;-0.3565;361.12;348.80;354.60;12.31;34.693;117.840;8.582;-34.206;42.787;media;17.52;-9.107;-54.597;8.268;56.228;62.865;208.1;27.02
TUBI;56;3;0;3.092;-0.3565;361.12;348.80;354.60;12.31;34.693;117.840;8.582;-34.206;42.787;esterna;19.05;-11.784;-31.178;29.010;53.212;60.188;208.1;25.57
TUBI;57;3;0;3.234;-0.3565;359.52;347.73;353.28;11.79;34.692;117.840;8.582;-34.206;42.787;interna;16.00;-3.469;-81.891;-13.387;73.963;78.422;208.3;35.50
TUBI;57;3;0;3.234;-0.3565;359.52;347.73;353.28;11.79;34.692;117.840;8.582;-34.206;42.787;media;17.52;-9.067;-54.624;8.281;56.274;62.906;208.3;27.01
TUBI;57;3;0;3.234;-0.3565;359.52;347.73;353.28;11.79;34.692;117.840;8.582;-34.206;42.787;esterna;19.05;-11.784;-32.048;28.140;53.044;60.189;208.3;25.46
TUBI;58;3;0;3.382;-0.3565;357.94;346.67;351.98;11.27;34.691;117.840;8.582;-34.206;42.787;interna;16.00;-3.469;-80.930;-12.426;73.394;77.461;208.6;35.18
TUBI;58;3;0;3.382;-0.3565;357.94;346.67;351.98;11.27;34.691;117.840;8.582;-34.206;42.787;media;17.52;-9.028;-54.651;8.294;56.319;62.945;208.6;27.00
TUBI;58;3;0;3.382;-0.3565;357.94;346.67;351.98;11.27;34.691;117.840;8.582;-34.206;42.787;esterna;19.05;-11.784;-32.905;27.284;52.892;60.189;208.6;25.36
TUBI;59;3;0;3.536;-0.3565;356.39;345.63;350.69;10.76;34.690;117.840;8.582;-34.206;42.787;interna;16.00;-3.469;-79.978;-11.473;72.837;76.509;208.9;34.87
TUBI;59;3;0;3.536;-0.3565;356.39;345.63;350.69;10.76;34.690;117.840;8.582;-34.206;42.787;media;17.52;-8.989;-54.678;8.307;56.364;62.985;208.9;26.99
TUBI;59;3;0;3.536;-0.3565;356.39;345.63;350.69;10.76;34.690;117.840;8.582;-34.206;42.787;esterna;19.05;-11.784;-33.754;26.436;52.755;60.190;208.9;25.26
TUBI;60;3;0;3.697;-0.3565;354.85;344.60;349.43;10.26;34.688;117.840;8.582;-34.206;42.787;interna;16.00;-3.469;-79.039;-10.534;72.297;75.570;209.1;34.57
TUBI;60;3;0;3.697;-0.3565;354.85;344.60;349.43;10.26;34.688;117.840;8.582;-34.206;42.787;media;17.52;-8.950;-54.704;8.320;56.408;63.024;209.1;26.97
TUBI;60;3;0;3.697;-0.3565;354.85;344.60;349.43;10.26;34.688;117.840;8.582;-34.206;42.787;esterna;19.05;-11.784;-34.591;25.600;52.634;60.190;209.1;25.17
TUBI;61;3;0;3.864;-0.3565;353.34;343.58;348.18;9.76;34.687;117.840;8.582;-34.206;42.787;interna;16.00;-3.469;-78.119;-9.613;71.776;74.650;209.4;34.28
TUBI;61;3;0;3.864;-0.3565;353.34;343.58;348.18;9.76;34.687;117.840;8.582;-34.206;42.787;media;17.52;-8.913;-54.730;8.333;56.451;63.062;209.4;26.96
TUBI;61;3;0;3.864;-0.3565;353.34;343.58;348.18;9.76;34.687;117.840;8.582;-34.206;42.787;esterna;19.05;-11.784;-35.411;24.780;52.527;60.191;209.4;25.09
TUBI;62;3;0;4.038;-0.3565;351.86;342.59;346.96;9.28;34.686;117.840;8.582;-34.206;42.787;interna;16.00;-3.469;-77.212;-8.705;71.270;73.744;209.6;34.00
TUBI;62;3;0;4.038;-0.3565;351.86;342.59;346.96;9.28;34.686;117.840;8.582;-34.206;42.787;media;17.52;-8.875;-54.755;8.345;56.494;63.100;209.6;26.95
TUBI;62;3;0;4.038;-0.3565;351.86;342.59;346.96;9.28;34.686;117.840;8.582;-34.206;42.787;esterna;19.05;-11.784;-36.219;23.972;52.434;60.192;209.6;25.02
TUBI;63;3;0;4.219;-0.3565;350.41;341.61;345.76;8.80;34.685;117.840;8.582;-34.206;42.787;interna;16.00;-3.468;-76.326;-7.818;70.783;72.858;209.8;33.73
TUBI;63;3;0;4.219;-0.3565;350.41;341.61;345.76;8.80;34.685;117.840;8.582;-34.206;42.787;media;17.52;-8.839;-54.780;8.357;56.536;63.137;209.8;26.94
TUBI;63;3;0;4.219;-0.3565;350.41;341.61;345.76;8.80;34.685;117.840;8.582;-34.206;42.787;esterna;19.05;-11.784;-37.010;23.183;52.355;60.192;209.8;24.95
TUBI;64;3;0;4.407;-0.3565;348.99;340.66;344.58;8.33;34.684;117.840;8.582;-34.206;42.787;interna;16.00;-3.468;-75.458;-6.950;70.314;71.990;210.1;33.47
TUBI;64;3;0;4.407;-0.3565;348.99;340.66;344.58;8.33;34.684;117.840;8.582;-34.206;42.787;media;17.52;-8.803;-54.804;8.369;56.577;63.173;210.1;26.93
TUBI;64;3;0;4.407;-0.3565;348.99;340.66;344.58;8.33;34.684;117.840;8.582;-34.206;42.787;esterna;19.05;-11.784;-37.783;22.409;52.289;60.193;210.1;24.89
TUBI;65;3;0;4.604;-0.3565;347.60;339.72;343.43;7.88;34.682;117.840;8.582;-34.206;42.787;interna;16.00;-3.468;-74.608;-6.099;69.861;71.140;210.3;33.22
TUBI;65;3;0;4.604;-0.3565;347.60;339.72;343.43;7.88;34.682;117.840;8.582;-34.206;42.787;media;17.52;-8.768;-54.828;8.381;56.617;63.209;210.3;26.92
TUBI;65;3;0;4.604;-0.3565;347.60;339.72;343.43;7.88;34.682;117.840;8.582;-34.206;42.787;esterna;19.05;-11.784;-38.542;21.651;52.236;60.193;210.3;24.84
TUBI;66;3;0;4.809;-0.3565;346.25;338.82;342.32;7.43;34.681;117.840;8.582;-34.206;42.787;interna;16.00;-3.468;-73.781;-5.271;69.429;70.313;210.5;32.98
TUBI;66;3;0;4.809;-0.3565;346.25;338.82;342.32;7.43;34.681;117.840;8.582;-34.206;42.787;media;17.52;-8.735;-54.851;8.392;56.656;63.243;210.5;26.91
TUBI;66;3;0;4.809;-0.3565;346.25;338.82;342.32;7.43;34.681;117.840;8.582;-34.206;42.787;esterna;19.05;-11.784;-39.279;20.915;52.194;60.194;210.5;24.79
TUBI;67;3;0;5.022;-0.3565;344.93;337.93;341.23;7.00;34.680;117.840;8.582;-34.206;42.787;interna;16.00;-3.468;-72.976;-4.465;69.015;69.508;210.8;32.75
TUBI;67;3;0;5.022;-0.3565;344.93;337.93;341.23;7.00;34.680;117.840;8.582;-34.206;42.787;media;17.52;-8.701;-54.874;8.403;56.694;63.277;210.8;26.90
TUBI;67;3;0;5.022;-0.3565;344.93;337.93;341.23;7.00;34.680;117.840;8.582;-34.206;42.787;esterna;19.05;-11.784;-39.998;20.197;52.164;60.195;210.8;24.75
TUBI;68;3;0;5.243;-0.3565;343.66;337.07;340.17;6.58;34.678;117.840;8.582;-34.206;42.787;interna;16.00;-3.468;-72.193;-3.682;68.619;68.725;211.0;32.53
TUBI;68;3;0;5.243;-0.3565;343.66;337.07;340.17;6.58;34.678;117.840;8.582;-34.206;42.787;media;17.52;-8.669;-54.896;8.414;56.731;63.310;211.0;26.89
TUBI;68;3;0;5.243;-0.3565;343.66;337.07;340.17;6.58;34.678;117.840;8.582;-34.206;42.787;esterna;19.05;-11.784;-40.696;19.500;52.144;60.195;211.0;24.72
TUBI;69;3;0;5.474;-0.3565;342.42;336.24;339.15;6.17;34.677;117.840;8.582;-34.206;42.787;interna;16.00;-3.468;-71.434;-2.922;68.241;68.512;211.2;32.32
TUBI;69;3;0;5.474;-0.3565;342.42;336.24;339.15;6.17;34.677;117.840;8.582;-34.206;42.787;media;17.52;-8.638;-54.917;8.424;56.767;63.342;211.2;26.88
TUBI;69;3;0;5.474;-0.3565;342.42;336.24;339.15;6.17;34.677;117.840;8.582;-34.206;42.787;esterna;19.05;-11.784;-41.372;18.823;52.134;60.196;211.2;24.69
TUBI;70;3;0;5.715;-0.3565;341.22;335.44;338.16;5.78;34.675;117.840;8.582;-34.206;42.787;interna;16.00;-3.468;-70.700;-2.187;67.882;68.513;211.4;32.12
TUBI;70;3;0;5.715;-0.3565;341.22;335.44;338.16;5.78;34.675;117.840;8.582;-34.206;42.787;media;17.52;-8.608;-54.938;8.434;56.802;63.373;211.4;26.87
TUBI;70;3;0;5.715;-0.3565;341.22;335.44;338.16;5.78;34.675;117.840;8.582;-34.206;42.787;esterna;19.05;-11.784;-42.028;18.169;52.132;60.197;211.4;24.66
TUBI;71;3;0;5.965;-0.3565;340.06;334.67;337.21;5.40;34.674;117.840;8.582;-34.206;42.787;interna;16.00;-3.467;-69.991;-1.477;67.541;68.514;211.6;31.93
TUBI;71;3;0;5.965;-0.3565;340.06;334.67;337.21;5.40;34.674;117.840;8.582;-34.206;42.787;media;17.52;-8.579;-54.958;8.444;56.836;63.402;211.6;26.87
TUBI;71;3;0;5.965;-0.3565;340.06;334.67;337.21;5.40;34.674;117.840;8.582;-34.206;42.787;esterna;19.05;-11.784;-42.660;17.537;52.138;60.197;211.6;24.64
TUBI;72;3;0;6.226;-0.3565;338.95;333.92;336.29;5.03;34.672;117.840;8.582;-34.206;42.787;interna;16.00;-3.467;-69.308;-0.793;67.218;68.515;211.7;31.75
TUBI;72;3;0;6.226;-0.3565;338.95;333.92;336.29;5.03;34.672;117.840;8.582;-34.206;42.787;media;17.52;-8.551;-54.978;8.453;56.869;63.431;211.7;26.86
TUBI;72;3;0;6.226;-0.3565;338.95;333.92;336.29;5.03;34.672;117.840;8.582;-34.206;42.787;esterna;19.05;-11.784;-43.270;16.928;52.152;60.198;211.7;24.63
TUBI;73;3;0;6.498;-0.3565;337.88;333.20;335.41;4.68;34.671;117.840;8.582;-34.206;42.787;interna;16.00;-3.467;-68.651;-0.135;66.912;68.516;211.9;31.57
TUBI;73;3;0;6.498;-0.3565;337.88;333.20;335.41;4.68;34.671;117.840;8.582;-34.206;42.787;media;17.52;-8.524;-54.997;8.462;56.900;63.459;211.9;26.85
TUBI;73;3;0;6.498;-0.3565;337.88;333.20;335.41;4.68;34.671;117.840;8.582;-34.206;42.787;esterna;19.05;-11.784;-43.857;16.342;52.171;60.199;211.9;24.62
TUBI;74;3;0;6.780;-0.3565;336.86;332.52;334.56;4.34;34.669;117.840;8.582;-34.206;42.787;interna;16.00;-3.467;-68.020;0.496;66.624;68.517;212.1;31.41
TUBI;74;3;0;6.780;-0.3565;336.86;332.52;334.56;4.34;34.669;117.840;8.582;-34.206;42.787;media;17.52;-8.498;-55.015;8.471;56.931;63.486;212.1;26.84
TUBI;74;3;0;6.780;-0.3565;336.86;332.52;334.56;4.34;34.669;117.840;8.582;-34.206;42.787;esterna;19.05;-11.784;-44.420;15.780;52.196;60.200;212.1;24.61
TUBI;75;3;0;7.075;-0.3565;335.88;331.86;333.75;4.02;34.667;117.840;8.582;-34.206;42.787;interna;16.00;-3.467;-67.418;1.099;66.353;68.518;212.2;31.26
TUBI;75;3;0;7.075;-0.3565;335.88;331.86;333.75;4.02;34.667;117.840;8.582;-34.206;42.787;media;17.52;-8.473;-55.032;8.479;56.960;63.511;212.2;26.84
TUBI;75;3;0;7.075;-0.3565;335.88;331.86;333.75;4.02;34.667;117.840;8.582;-34.206;42.787;esterna;19.05;-11.784;-44.957;15.243;52.226;60.200;212.2;24.61
TUBI;76;3;0;7.381;-0.3565;334.94;331.24;332.98;3.71;34.666;117.840;8.582;-34.206;42.787;interna;16.00;-3.467;-66.842;1.676;66.098;68.519;212.4;31.12
TUBI;76;3;0;7.381;-0.3565;334.94;331.24;332.98;3.71;34.666;117.840;8.582;-34.206;42.787;media;17.52;-8.449;-55.049;8.487;56.987;63.536;212.4;26.83
TUBI;76;3;0;7.381;-0.3565;334.94;331.24;332.98;3.71;34.666;117.840;8.582;-34.206;42.787;esterna;19.05;-11.784;-45.472;14.729;52.259;60.201;212.4;24.60
TUBI;77;3;0;7.701;-0.3565;334.05;330.64;332.25;3.41;34.664;117.840;8.582;-34.206;42.787;interna;16.00;-3.466;-66.295;2.225;65.859;68.520;212.6;30.99
TUBI;77;3;0;7.701;-0.3565;334.05;330.64;332.25;3.41;34.664;117.840;8.582;-34.206;42.787;media;17.52;-8.427;-55.064;8.495;57.014;63.559;212.6;26.82
TUBI;77;3;0;7.701;-0.3565;334.05;330.64;332.25;3.41;34.664;117.840;8.582;-34.206;42.787;esterna;19.05;-11.784;-45.961;14.241;52.296;60.202;212.6;24.60
TUBI;78;3;0;8.033;-0.3565;333.21;330.07;331.55;3.13;34.662;117.840;8.582;-34.206;42.787;interna;16.00;-3.466;-65.774;2.747;65.635;68.521;212.7;30.86
TUBI;78;3;0;8.033;-0.3565;333.21;330.07;331.55;3.13;34.662;117.840;8.582;-34.206;42.787;media;17.52;-8.405;-55.080;8.502;57.039;63.582;212.7;26.82
TUBI;78;3;0;8.033;-0.3565;333.21;330.07;331.55;3.13;34.662;117.840;8.582;-34.206;42.787;esterna;19.05;-11.784;-46.427;13.776;52.335;60.203;212.7;24.61
TUBI;79;3;0;8.379;-0.3565;332.41;329.54;330.89;2.87;34.660;117.840;8.582;-34.206;42.787;interna;16.00;-3.466;-65.281;3.241;65.427;68.522;212.8;30.74
TUBI;79;3;0;8.379;-0.3565;332.41;329.54;330.89;2.87;34.660;117.840;8.582;-34.206;42.787;media;17.52;-8.385;-55.094;8.509;57.063;63.603;212.8;26.81
TUBI;79;3;0;8.379;-0.3565;332.41;329.54;330.89;2.87;34.660;117.840;8.582;-34.206;42.787;esterna;19.05;-11.784;-46.868;13.336;52.376;60.204;212.8;24.61
TUBI;80;3;0;8.740;-0.3565;331.65;329.03;330.27;2.62;34.658;117.840;8.582;-34.206;42.787;interna;16.00;-3.466;-64.815;3.708;65.233;68.523;212.9;30.63
TUBI;80;3;0;8.740;-0.3565;331.65;329.03;330.27;2.62;34.658;117.840;8.582;-34.206;42.787;media;17.52;-8.366;-55.108;8.515;57.086;63.623;212.9;26.81
TUBI;80;3;0;8.740;-0.3565;331.65;329.03;330.27;2.62;34.658;117.840;8.582;-34.206;42.787;esterna;19.05;-11.784;-47.284;12.921;52.418;60.205;212.9;24.62
TUBI;81;3;0;9.115;-0.3565;330.94;328.56;329.68;2.38;34.656;117.840;8.582;-34.206;42.787;interna;16.00;-3.466;-64.375;4.149;65.052;68.524;213.1;30.53
TUBI;81;3;0;9.115;-0.3565;330.94;328.56;329.68;2.38;34.656;117.840;8.582;-34.206;42.787;media;17.52;-8.348;-55.121;8.521;57.108;63.642;213.1;26.80
TUBI;81;3;0;9.115;-0.3565;330.94;328.56;329.68;2.38;34.656;117.840;8.582;-34.206;42.787;esterna;19.05;-11.784;-47.678;12.528;52.460;60.206;213.1;24.62
TUBI;82;3;0;9.506;-0.3565;330.27;328.11;329.13;2.16;34.654;117.840;8.582;-34.206;42.787;interna;16.00;-3.465;-63.963;4.563;64.885;68.525;213.2;30.44
TUBI;82;3;0;9.506;-0.3565;330.27;328.11;329.13;2.16;34.654;117.840;8.582;-34.206;42.787;media;17.52;-8.331;-55.133;8.527;57.128;63.660;213.2;26.80
TUBI;82;3;0;9.506;-0.3565;330.27;328.11;329.13;2.16;34.654;117.840;8.582;-34.206;42.787;esterna;19.05;-11.784;-48.047;12.160;52.503;60.207;213.2;24.63
TUBI;83;3;0;9.913;-0.3565;329.64;327.69;328.61;1.95;34.652;117.840;8.582;-34.206;42.787;interna;16.00;-3.465;-63.576;4.950;64.731;68.527;213.3;30.35
TUBI;83;3;0;9.913;-0.3565;329.64;327.69;328.61;1.95;34.652;117.840;8.582;-34.206;42.787;media;17.52;-8.315;-55.145;8.532;57.147;63.677;213.3;26.79
TUBI;83;3;0;9.913;-0.3565;329.64;327.69;328.61;1.95;34.652;117.840;8.582;-34.206;42.787;esterna;19.05;-11.784;-48.393;11.815;52.546;60.208;213.3;24.64
TUBI;84;3;0;10.337;-0.3565;329.05;327.30;328.13;1.75;34.650;117.840;8.582;-34.206;42.787;interna;16.00;-3.465;-63.216;5.312;64.588;68.528;213.4;30.27
TUBI;84;3;0;10.337;-0.3565;329.05;327.30;328.13;1.75;34.650;117.840;8.582;-34.206;42.787;media;17.52;-8.300;-55.156;8.537;57.165;63.693;213.4;26.79
TUBI;84;3;0;10.337;-0.3565;329.05;327.30;328.13;1.75;34.650;117.840;8.582;-34.206;42.787;esterna;19.05;-11.784;-48.716;11.492;52.588;60.209;213.4;24.65
TUBI;85;3;0;10.778;-0.3565;328.51;326.93;327.67;1.57;34.648;117.840;8.582;-34.206;42.787;interna;16.00;-3.465;-62.880;5.649;64.457;68.529;213.5;30.20
TUBI;85;3;0;10.778;-0.3565;328.51;326.93;327.67;1.57;34.648;117.840;8.582;-34.206;42.787;media;17.52;-8.286;-55.166;8.542;57.182;63.708;213.5;26.79
TUBI;85;3;0;10.778;-0.3565;328.51;326.93;327.67;1.57;34.648;117.840;8.582;-34.206;42.787;esterna;19.05;-11.784;-49.017;11.193;52.628;60.210;213.5;24.65
TUBI;86;3;0;11.238;-0.3565;328.00;326.59;327.26;1.41;34.645;117.840;8.582;-34.206;42.787;interna;16.00;-3.465;-62.569;5.961;64.338;68.531;213.5;30.13
TUBI;86;3;0;11.238;-0.3565;328.00;326.59;327.26;1.41;34.645;117.840;8.582;-34.206;42.787;media;17.52;-8.273;-55.176;8.546;57.198;63.722;213.5;26.78
TUBI;86;3;0;11.238;-0.3565;328.00;326.59;327.26;1.41;34.645;117.840;8.582;-34.206;42.787;esterna;19.05;-11.784;-49.296;10.915;52.668;60.211;213.5;24.66
TUBI;87;3;0;11.716;-0.3565;327.53;326.28;326.87;1.25;34.643;117.840;8.582;-34.206;42.787;interna;16.00;-3.464;-62.282;6.250;64.228;68.532;213.6;30.07
TUBI;87;3;0;11.716;-0.3565;327.53;326.28;326.87;1.25;34.643;117.840;8.582;-34.206;42.787;media;17.52;-8.261;-55.185;8.550;57.213;63.735;213.6;26.78
TUBI;87;3;0;11.716;-0.3565;327.53;326.28;326.87;1.25;34.643;117.840;8.582;-34.206;42.787;esterna;19.05;-11.784;-49.555;10.657;52.706;60.212;213.6;24.67
TUBI;88;3;0;12.214;-0.3565;327.10;325.99;326.51;1.11;34.640;117.840;8.582;-34.206;42.787;interna;16.00;-3.464;-62.017;6.516;64.128;68.533;213.7;30.01
TUBI;88;3;0;12.214;-0.3565;327.10;325.99;326.51;1.11;34.640;117.840;8.582;-34.206;42.787;media;17.52;-8.250;-55.194;8.553;57.227;63.747;213.7;26.78
TUBI;88;3;0;12.214;-0.3565;327.10;325.99;326.51;1.11;34.640;117.840;8.582;-34.206;42.787;esterna;19.05;-11.784;-49.793;10.421;52.742;60.214;213.7;24.68
TUBI;89;3;0;12.733;-0.3565;326.70;325.72;326.18;0.98;34.638;117.840;8.582;-34.206;42.787;interna;16.00;-3.464;-61.775;6.760;64.038;68.535;213.8;29.96
TUBI;89;3;0;12.733;-0.3565;326.70;325.72;326.18;0.98;34.638;117.840;8.582;-34.206;42.787;media;17.52;-8.240;-55.202;8.557;57.239;63.759;213.8;26.78
TUBI;89;3;0;12.733;-0.3565;326.70;325.72;326.18;0.98;34.638;117.840;8.582;-34.206;42.787;esterna;19.05;-11.784;-50.011;10.203;52.776;60.215;213.8;24.69
TUBI;0;4;0;0.007;-0.2139;342.67;336.50;339.41;6.16;34.740;117.840;7.857;-34.926;42.784;interna;16.00;-3.474;-71.376;-3.625;67.827;67.902;211.1;32.13
TUBI;0;4;0;0.007;-0.2139;342.67;336.50;339.41;6.16;34.740;117.840;7.857;-34.926;42.784;media;17.52;-8.640;-54.885;7.700;56.225;62.585;211.1;26.63
TUBI;0;4;0;0.007;-0.2139;342.67;336.50;339.41;6.16;34.740;117.840;7.857;-34.926;42.784;esterna;19.05;-11.784;-41.362;18.080;51.478;59.441;211.1;24.38
TUBI;1;4;0;0.022;-0.2139;342.65;336.49;339.39;6.16;34.725;117.840;7.857;-34.926;42.784;interna;16.00;-3.472;-71.374;-3.614;67.831;67.901;211.1;32.13
TUBI;1;4;0;0.022;-0.2139;342.65;336.49;339.39;6.16;34.725;117.840;7.857;-34.926;42.784;media;17.52;-8.639;-54.893;7.700;56.233;62.594;211.1;26.64
TUBI;1;4;0;0.022;-0.2139;342.65;336.49;339.39;6.16;34.725;117.840;7.857;-34.926;42.784;esterna;19.05;-11.784;-41.379;18.070;51.484;59.449;211.1;24.39
TUBI;2;4;0;0.037;-0.2139;342.63;336.48;339.37;6.15;34.725;117.840;7.857;-34.926;42.784;interna;16.00;-3.472;-71.362;-3.602;67.825;67.890;211.1;32.13
TUBI;2;4;0;0.037;-0.2139;342.63;336.48;339.37;6.15;34.725;117.840;7.857;-34.926;42.784;media;17.52;-8.638;-54.894;7.701;56.234;62.594;211.1;26.64
TUBI;2;4;0;0.037;-0.2139;342.63;336.48;339.37;6.15;34.725;117.840;7.857;-34.926;42.784;esterna;19.05;-11.784;-41.389;18.059;51.484;59.449;211.1;24.39
TUBI;3;4;0;0.053;-0.2139;342.61;336.46;339.36;6.14;34.724;117.840;7.857;-34.926;42.784;interna;16.00;-3.472;-71.350;-3.590;67.819;67.878;211.1;32.12
TUBI;3;4;0;0.053;-0.2139;342.61;336.46;339.36;6.14;34.724;117.840;7.857;-34.926;42.784;media;17.52;-8.638;-54.894;7.701;56.235;62.595;211.1;26.64
TUBI;3;4;0;0.053;-0.2139;342.61;336.46;339.36;6.14;34.724;117.840;7.857;-34.926;42.784;esterna;19.05;-11.784;-41.401;18.048;51.484;59.449;211.1;24.39
TUBI;4;4;0;0.070;-0.2139;342.46;336.36;339.24;6.10;34.724;117.840;7.857;-34.926;42.784;interna;16.00;-3.472;-71.262;-3.501;67.775;67.790;211.2;32.10
TUBI;4;4;0;0.070;-0.2139;342.46;336.36;339.24;6.10;34.724;117.840;7.857;-34.926;42.784;media;17.52;-8.634;-54.897;7.702;56.239;62.599;211.2;26.63
TUBI;4;4;0;0.070;-0.2139;342.46;336.36;339.24;6.10;34.724;117.840;7.857;-34.926;42.784;esterna;19.05;-11.784;-41.480;17.970;51.485;59.449;211.2;24.38
TUBI;5;4;0;0.087;-0.2139;342.34;336.28;339.14;6.06;34.723;117.840;7.857;-34.926;42.784;interna;16.00;-3.472;-71.190;-3.429;67.739;67.761;211.2;32.08
TUBI;5;4;0;0.087;-0.2139;342.34;336.28;339.14;6.06;34.723;117.840;7.857;-34.926;42.784;media;17.52;-8.631;-54.899;7.703;56.243;62.602;211.2;26.63
TUBI;5;4;0;0.087;-0.2139;342.34;336.28;339.14;6.06;34.723;117.840;7.857;-34.926;42.784;esterna;19.05;-11.784;-41.544;17.905;51.485;59.449;211.2;24.38
TUBI;6;4;0;0.105;-0.2139;342.24;336.21;339.05;6.02;34.723;117.840;7.857;-34.926;42.784;interna;16.00;-3.472;-71.127;-3.365;67.708;67.761;211.2;32.06
TUBI;6;4;0;0.105;-0.2139;342.24;336.21;339.05;6.02;34.723;117.840;7.857;-34.926;42.784;media;17.52;-8.629;-54.901;7.704;56.246;62.605;211.2;26.63
TUBI;6;4;0;0.105;-0.2139;342.24;336.21;339.05;6.02;34.723;117.840;7.857;-34.926;42.784;esterna;19.05;-11.784;-41.601;17.849;51.485;59.450;211.2;24.38
TUBI;7;4;0;0.124;-0.2139;342.15;336.15;338.98;5.99;34.722;117.840;7.857;-34.926;42.784;interna;16.00;-3.472;-71.073;-3.312;67.682;67.762;211.2;32.05
TUBI;7;4;0;0.124;-0.2139;342.15;336.15;338.98;5.99;34.722;117.840;7.857;-34.926;42.784;media;17.52;-8.626;-54.903;7.705;56.249;62.607;211.2;26.63
TUBI;7;4;0;0.124;-0.2139;342.15;336.15;338.98;5.99;34.722;117.840;7.857;-34.926;42.784;esterna;19.05;-11.784;-41.649;17.801;51.485;59.450;211.2;24.38
TUBI;8;4;0;0.144;-0.2139;342.07;336.10;338.91;5.97;34.722;117.840;7.857;-34.926;42.784;interna;16.00;-3.472;-71.026;-3.264;67.658;67.762;211.2;32.03
TUBI;8;4;0;0.144;-0.2139;342.07;336.10;338.91;5.97;34.722;117.840;7.857;-34.926;42.784;media;17.52;-8.624;-54.904;7.705;56.251;62.610;211.2;26.63
TUBI;8;4;0;0.144;-0.2139;342.07;336.10;338.91;5.97;34.722;117.840;7.857;-34.926;42.784;esterna;19.05;-11.784;-41.692;17.758;51.486;59.450;211.2;24.38
TUBI;9;4;0;0.164;-0.2139;341.99;336.05;338.85;5.94;34.721;117.840;7.857;-34.926;42.784;interna;16.00;-3.472;-70.982;-3.220;67.636;67.762;211.2;32.02
TUBI;9;4;0;0.164;-0.2139;341.99;336.05;338.85;5.94;34.721;117.840;7.857;-34.926;42.784;media;17.52;-8.623;-54.906;7.706;56.254;62.612;211.2;26.63
TUBI;9;4;0;0.164;-0.2139;341.99;336.05;338.85;5.94;34.721;117.840;7.857;-34.926;42.784;esterna;19.05;-11.784;-41.731;17.719;51.486;59.450;211.2;24.37
TUBI;10;4;0;0.185;-0.2139;341.93;336.00;338.79;5.92;34.721;117.840;7.857;-34.926;42.784;interna;16.00;-3.472;-70.942;-3.179;67.617;67.763;211.2;32.01
TUBI;10;4;0;0.185;-0.2139;341.93;336.00;338.79;5.92;34.721;117.840;7.857;-34.926;42.784;media;17.52;-8.621;-54.907;7.706;56.256;62.614;211.2;26.63
TUBI;10;4;0;0.185;-0.2139;341.93;336.00;338.79;5.92;34.721;117.840;7.857;-34.926;42.784;esterna;19.05;-11.784;-41.768;17.683;51.486;59.451;211.2;24.37
TUBI;11;4;0;0.207;-0.2139;431.62;395.56;412.54;36.05;34.717;117.840;7.857;-34.926;42.784;interna;16.00;-3.472;-127.095;-59.330;107.226;123.623;196.5;54.57
TUBI;11;4;0;0.207;-0.2139;431.62;395.56;412.54;36.05;34.717;117.840;7.857;-34.926;42.784;media;17.52;-10.920;-53.378;6.938;53.664;60.316;196.5;27.31
TUBI;11;4;0;0.207;-0.2139;431.62;395.56;412.54;36.05;34.717;117.840;7.857;-34.926;42.784;esterna;19.05;-11.784;8.221;67.674;71.583;79.458;196.5;36.43
TUBI;12;4;0;0.230;-0.2139;429.81;394.40;411.08;35.42;34.717;117.840;7.857;-34.926;42.784;interna;16.00;-3.472;-125.910;-58.146;106.237;122.439;196.8;53.99
TUBI;12;4;0;0.230;-0.2139;429.81;394.40;411.08;35.42;34.717;117.840;7.857;-34.926;42.784;media;17.52;-10.871;-53.411;6.954;53.718;60.365;196.8;27.30
TUBI;12;4;0;0.230;-0.2139;429.81;394.40;411.08;35.42;34.717;117.840;7.857;-34.926;42.784;esterna;19.05;-11.784;7.167;66.619;70.854;78.403;196.8;36.01
TUBI;13;4;0;0.254;-0.2139;428.10;393.29;409.68;34.81;34.717;117.840;7.857;-34.926;42.784;interna;16.00;-3.472;-124.784;-57.020;105.300;121.313;197.1;53.43
TUBI;13;4;0;0.254;-0.2139;428.10;393.29;409.68;34.81;34.717;117.840;7.857;-34.926;42.784;media;17.52;-10.825;-53.442;6.970;53.770;60.411;197.1;27.29
TUBI;13;4;0;0.254;-0.2139;428.10;393.29;409.68;34.81;34.717;117.840;7.857;-34.926;42.784;esterna;19.05;-11.784;6.164;65.616;70.170;77.400;197.1;35.61
TUBI;14;4;0;0.279;-0.2139;426.46;392.22;408.35;34.24;34.717;117.840;7.857;-34.926;42.784;interna;16.00;-3.472;-123.717;-55.952;104.416;120.245;197.3;52.91
TUBI;14;4;0;0.279;-0.2139;426.46;392.22;408.35;34.24;34.717;117.840;7.857;-34.926;42.784;media;17.52;-10.781;-53.471;6.984;53.818;60.455;197.3;27.27
TUBI;14;4;0;0.279;-0.2139;426.46;392.22;408.35;34.24;34.717;117.840;7.857;-34.926;42.784;esterna;19.05;-11.784;5.214;64.666;69.527;76.450;197.3;35.23
TUBI;15;4;0;0.305;-0.2139;424.87;391.19;407.05;33.68;34.716;117.840;7.857;-34.926;42.784;interna;16.00;-3.472;-122.676;-54.911;103.556;119.204;197.6;52.41
TUBI;15;4;0;0.305;-0.2139;424.87;391.19;407.05;33.68;34.716;117.840;7.857;-34.926;42.784;media;17.52;-10.739;-53.499;6.998;53.866;60.498;197.6;27.26
TUBI;15;4;0;0.305;-0.2139;424.87;391.19;407.05;33.68;34.716;117.840;7.857;-34.926;42.784;esterna;19.05;-11.784;4.286;63.739;68.908;75.523;197.6;34.87
TUBI;16;4;0;0.332;-0.2139;423.33;390.19;405.80;33.14;34.716;117.840;7.857;-34.926;42.784;interna;16.00;-3.472;-121.675;-53.910;102.733;118.204;197.8;51.93
TUBI;16;4;0;0.332;-0.2139;423.33;390.19;405.80;33.14;34.716;117.840;7.857;-34.926;42.784;media;17.52;-10.698;-53.527;7.012;53.912;60.539;197.8;27.25
TUBI;16;4;0;0.332;-0.2139;423.33;390.19;405.80;33.14;34.716;117.840;7.857;-34.926;42.784;esterna;19.05;-11.784;3.395;62.848;68.319;74.632;197.8;34.53
TUBI;17;4;0;0.360;-0.2139;421.82;389.21;404.57;32.61;34.716;117.840;7.857;-34.926;42.784;interna;16.00;-3.472;-120.688;-52.923;101.925;117.216;198.1;51.45
TUBI;17;4;0;0.360;-0.2139;421.82;389.21;404.57;32.61;34.716;117.840;7.857;-34.926;42.784;media;17.52;-10.657;-53.554;7.026;53.957;60.580;198.1;27.24
TUBI;17;4;0;0.360;-0.2139;421.82;389.21;404.57;32.61;34.716;117.840;7.857;-34.926;42.784;esterna;19.05;-11.784;2.516;61.969;67.744;73.753;198.1;34.20
TUBI;18;4;0;0.390;-0.2139;420.34;388.24;403.36;32.10;34.716;117.840;7.857;-34.926;42.784;interna;16.00;-3.472;-119.730;-51.965;101.143;116.259;198.3;51.00
TUBI;18;4;0;0.390;-0.2139;420.34;388.24;403.36;32.10;34.716;117.840;7.857;-34.926;42.784;media;17.52;-10.618;-53.580;7.039;54.001;60.619;198.3;27.23
TUBI;18;4;0;0.390;-0.2139;420.34;388.24;403.36;32.10;34.716;117.840;7.857;-34.926;42.784;esterna;19.05;-11.784;1.663;61.116;67.193;72.900;198.3;33.88
TUBI;19;4;0;0.420;-0.2139;418.88;387.29;402.17;31.59;34.715;117.840;7.857;-34.926;42.784;interna;16.00;-3.472;-118.776;-51.010;100.368;115.305;198.6;50.55
TUBI;19;4;0;0.420;-0.2139;418.88;387.29;402.17;31.59;34.715;117.840;7.857;-34.926;42.784;media;17.52;-10.579;-53.606;7.052;54.045;60.658;198.6;27.22
TUBI;19;4;0;0.420;-0.2139;418.88;387.29;402.17;31.59;34.715;117.840;7.857;-34.926;42.784;esterna;19.05;-11.784;0.813;60.266;66.651;72.050;198.6;33.57
TUBI;20;4;0;0.452;-0.2139;417.44;386.35;400.99;31.09;34.715;117.840;7.857;-34.926;42.784;interna;16.00;-3.471;-117.844;-50.078;99.613;114.372;198.8;50.11
TUBI;20;4;0;0.452;-0.2139;417.44;386.35;400.99;31.09;34.715;117.840;7.857;-34.926;42.784;media;17.52;-10.541;-53.632;7.065;54.087;60.697;198.8;27.21
TUBI;20;4;0;0.452;-0.2139;417.44;386.35;400.99;31.09;34.715;117.840;7.857;-34.926;42.784;esterna;19.05;-11.784;-0.017;59.436;66.127;71.220;198.8;33.26
TUBI;21;4;0;0.485;-0.2139;416.00;385.41;399.82;30.58;34.715;117.840;7.857;-34.926;42.784;interna;16.00;-3.471;-116.910;-49.144;98.859;113.438;199.0;49.67
TUBI;21;4;0;0.485;-0.2139;416.00;385.41;399.82;30.58;34.715;117.840;7.857;-34.926;42.784;media;17.52;-10.503;-53.658;7.077;54.130;60.735;199.0;27.20
TUBI;21;4;0;0.485;-0.2139;416.00;385.41;399.82;30.58;34.715;117.840;7.857;-34.926;42.784;esterna;19.05;-11.784;-0.849;58.604;65.608;70.388;199.0;32.96
TUBI;22;4;0;0.520;-0.2139;414.57;384.48;398.65;30.09;34.714;117.840;7.857;-34.926;42.784;interna;16.00;-3.471;-115.991;-48.225;98.122;112.520;199.3;49.24
TUBI;22;4;0;0.520;-0.2139;414.57;384.48;398.65;30.09;34.714;117.840;7.857;-34.926;42.784;media;17.52;-10.465;-53.683;7.090;54.172;60.773;199.3;27.19
TUBI;22;4;0;0.520;-0.2139;414.57;384.48;398.65;30.09;34.714;117.840;7.857;-34.926;42.784;esterna;19.05;-11.784;-1.667;57.787;65.104;69.571;199.3;32.67
TUBI;23;4;0;0.556;-0.2139;413.15;383.55;397.49;29.60;34.714;117.840;7.857;-34.926;42.784;interna;16.00;-3.471;-115.076;-47.310;97.390;111.605;199.5;48.82
TUBI;23;4;0;0.556;-0.2139;413.15;383.55;397.49;29.60;34.714;117.840;7.857;-34.926;42.784;media;17.52;-10.427;-53.708;7.102;54.214;60.810;199.5;27.17
TUBI;23;4;0;0.556;-0.2139;413.15;383.55;397.49;29.60;34.714;117.840;7.857;-34.926;42.784;esterna;19.05;-11.784;-2.482;56.972;64.609;68.756;199.5;32.39
TUBI;24;4;0;0.593;-0.2139;411.73;382.62;396.33;29.11;34.714;117.840;7.857;-34.926;42.784;interna;16.00;-3.471;-114.153;-46.386;96.655;110.682;199.7;48.39
TUBI;24;4;0;0.593;-0.2139;411.73;382.62;396.33;29.11;34.714;117.840;7.857;-34.926;42.784;media;17.52;-10.390;-53.733;7.115;54.257;60.848;199.7;27.16
TUBI;24;4;0;0.593;-0.2139;411.73;382.62;396.33;29.11;34.714;117.840;7.857;-34.926;42.784;esterna;19.05;-11.784;-3.304;56.150;64.116;67.934;199.7;32.10
TUBI;25;4;0;0.632;-0.2139;410.30;381.69;395.16;28.61;34.713;117.840;7.857;-34.926;42.784;interna;16.00;-3.471;-113.240;-45.473;95.931;109.768;200.0;47.97
TUBI;25;4;0;0.632;-0.2139;410.30;381.69;395.16;28.61;34.713;117.840;7.857;-34.926;42.784;media;17.52;-10.352;-53.758;7.128;54.299;60.886;200.0;27.15
TUBI;25;4;0;0.632;-0.2139;410.30;381.69;395.16;28.61;34.713;117.840;7.857;-34.926;42.784;esterna;19.05;-11.784;-4.118;55.336;63.635;67.120;200.0;31.82
TUBI;26;4;0;0.672;-0.2139;408.87;380.75;394.00;28.12;34.713;117.840;7.857;-34.926;42.784;interna;16.00;-3.471;-112.325;-44.558;95.209;108.854;200.2;47.56
TUBI;26;4;0;0.672;-0.2139;408.87;380.75;394.00;28.12;34.713;117.840;7.857;-34.926;42.784;media;17.52;-10.315;-53.784;7.140;54.341;60.924;200.2;27.14
TUBI;26;4;0;0.672;-0.2139;408.87;380.75;394.00;28.12;34.713;117.840;7.857;-34.926;42.784;esterna;19.05;-11.784;-4.932;54.522;63.159;66.306;200.2;31.55
TUBI;27;4;0;0.715;-0.2139;407.44;379.81;392.82;27.63;34.712;117.840;7.857;-34.926;42.784;interna;16.00;-3.471;-111.399;-43.631;94.482;107.928;200.4;47.14
TUBI;27;4;0;0.715;-0.2139;407.44;379.81;392.82;27.63;34.712;117.840;7.857;-34.926;42.784;media;17.52;-10.277;-53.809;7.153;54.384;60.962;200.4;27.13
TUBI;27;4;0;0.715;-0.2139;407.44;379.81;392.82;27.63;34.712;117.840;7.857;-34.926;42.784;esterna;19.05;-11.784;-5.758;53.697;62.685;65.481;200.4;31.27
TUBI;28;4;0;0.759;-0.2139;405.99;378.86;391.64;27.13;34.712;117.840;7.857;-34.926;42.784;interna;16.00;-3.471;-110.478;-42.711;93.762;107.007;200.7;46.72
TUBI;28;4;0;0.759;-0.2139;405.99;378.86;391.64;27.13;34.712;117.840;7.857;-34.926;42.784;media;17.52;-10.239;-53.834;7.165;54.426;61.000;200.7;27.12
TUBI;28;4;0;0.759;-0.2139;405.99;378.86;391.64;27.13;34.712;117.840;7.857;-34.926;42.784;esterna;19.05;-11.784;-6.577;52.877;62.222;64.661;200.7;31.01
TUBI;29;4;0;0.804;-0.2139;404.54;377.91;390.45;26.63;34.712;117.840;7.857;-34.926;42.784;interna;16.00;-3.471;-109.545;-41.777;93.036;106.074;200.9;46.31
TUBI;29;4;0;0.804;-0.2139;404.54;377.91;390.45;26.63;34.712;117.840;7.857;-34.926;42.784;media;17.52;-10.201;-53.860;7.178;54.469;61.038;200.9;27.11
TUBI;29;4;0;0.804;-0.2139;404.54;377.91;390.45;26.63;34.712;117.840;7.857;-34.926;42.784;esterna;19.05;-11.784;-7.409;52.046;61.759;63.830;200.9;30.74
TUBI;30;4;0;0.852;-0.2139;403.08;376.94;389.25;26.13;34.711;117.840;7.857;-34.926;42.784;interna;16.00;-3.471;-108.615;-40.847;92.317;105.144;201.1;45.89
TUBI;30;4;0;0.852;-0.2139;403.08;376.94;389.25;26.13;34.711;117.840;7.857;-34.926;42.784;media;17.52;-10.163;-53.886;7.191;54.512;61.076;201.1;27.10
TUBI;30;4;0;0.852;-0.2139;403.08;376.94;389.25;26.13;34.711;117.840;7.857;-34.926;42.784;esterna;19.05;-11.784;-8.237;51.218;61.306;63.002;201.1;30.48
TUBI;31;4;0;0.902;-0.2139;401.60;375.97;388.05;25.63;34.711;117.840;7.857;-34.926;42.784;interna;16.00;-3.471;-107.681;-39.912;91.597;104.210;201.4;45.48
TUBI;31;4;0;0.902;-0.2139;401.60;375.97;388.05;25.63;34.711;117.840;7.857;-34.926;42.784;media;17.52;-10.124;-53.911;7.204;54.555;61.115;201.4;27.09
TUBI;31;4;0;0.902;-0.2139;401.60;375.97;388.05;25.63;34.711;117.840;7.857;-34.926;42.784;esterna;19.05;-11.784;-9.070;50.386;60.858;62.170;201.4;30.22
TUBI;32;4;0;0.953;-0.2139;400.12;375.00;386.83;25.12;34.710;117.840;7.857;-34.926;42.784;interna;16.00;-3.471;-106.731;-38.963;90.871;103.260;201.6;45.07
TUBI;32;4;0;0.953;-0.2139;400.12;375.00;386.83;25.12;34.710;117.840;7.857;-34.926;42.784;media;17.52;-10.086;-53.937;7.217;54.599;61.154;201.6;27.08
TUBI;32;4;0;0.953;-0.2139;400.12;375.00;386.83;25.12;34.710;117.840;7.857;-34.926;42.784;esterna;19.05;-11.784;-9.915;49.540;60.412;61.324;201.6;29.96
TUBI;33;4;0;1.007;-0.2139;398.62;374.01;385.60;24.61;34.710;117.840;7.857;-34.926;42.784;interna;16.00;-3.471;-105.784;-38.015;90.150;102.313;201.9;44.66
TUBI;33;4;0;1.007;-0.2139;398.62;374.01;385.60;24.61;34.710;117.840;7.857;-34.926;42.784;media;17.52;-10.047;-53.964;7.230;54.643;61.193;201.9;27.07
TUBI;33;4;0;1.007;-0.2139;398.62;374.01;385.60;24.61;34.710;117.840;7.857;-34.926;42.784;esterna;19.05;-11.784;-10.759;48.697;59.975;60.481;201.9;29.71
TUBI;34;4;0;1.063;-0.2139;397.11;373.01;384.36;24.10;34.709;117.840;7.857;-34.926;42.784;interna;16.00;-3.471;-104.823;-37.054;89.422;101.352;202.1;44.24
TUBI;34;4;0;1.063;-0.2139;397.11;373.01;384.36;24.10;34.709;117.840;7.857;-34.926;42.784;media;17.52;-10.007;-53.990;7.243;54.688;61.233;202.1;27.06
TUBI;34;4;0;1.063;-0.2139;397.11;373.01;384.36;24.10;34.709;117.840;7.857;-34.926;42.784;esterna;19.05;-11.784;-11.615;47.841;59.541;59.625;202.1;29.46
TUBI;35;4;0;1.122;-0.2139;395.58;372.00;383.11;23.58;34.709;117.840;7.857;-34.926;42.784;interna;16.00;-3.471;-103.863;-36.093;88.700;100.392;202.4;43.83
TUBI;35;4;0;1.122;-0.2139;395.58;372.00;383.11;23.58;34.709;117.840;7.857;-34.926;42.784;media;17.52;-9.968;-54.016;7.256;54.732;61.272;202.4;27.04
TUBI;35;4;0;1.122;-0.2139;395.58;372.00;383.11;23.58;34.709;117.840;7.857;-34.926;42.784;esterna;19.05;-11.784;-12.470;46.986;59.116;59.456;202.4;29.21
TUBI;36;4;0;1.182;-0.2139;394.04;370.99;381.85;23.06;34.708;117.840;7.857;-34.926;42.784;interna;16.00;-3.471;-102.888;-35.119;87.972;99.418;202.6;43.42
TUBI;36;4;0;1.182;-0.2139;394.04;370.99;381.85;23.06;34.708;117.840;7.857;-34.926;42.784;media;17.52;-9.928;-54.043;7.269;54.777;61.313;202.6;27.03
TUBI;36;4;0;1.182;-0.2139;394.04;370.99;381.85;23.06;34.708;117.840;7.857;-34.926;42.784;esterna;19.05;-11.784;-13.338;46.118;58.695;59.457;202.6;28.97
TUBI;37;4;0;1.246;-0.2139;392.60;370.03;380.66;22.57;34.708;117.840;7.857;-34.926;42.784;interna;16.00;-3.471;-101.978;-34.207;87.296;98.507;202.9;43.03
TUBI;37;4;0;1.246;-0.2139;392.60;370.03;380.66;22.57;34.708;117.840;7.857;-34.926;42.784;media;17.52;-9.891;-54.068;7.282;54.820;61.350;202.9;27.02
TUBI;37;4;0;1.246;-0.2139;392.60;370.03;380.66;22.57;34.708;117.840;7.857;-34.926;42.784;esterna;19.05;-11.784;-14.150;45.307;58.310;59.457;202.9;28.74
TUBI;38;4;0;1.311;-0.2139;391.03;368.99;379.37;22.04;34.707;117.840;7.857;-34.926;42.784;interna;16.00;-3.471;-100.991;-33.220;86.568;97.520;203.1;42.62
TUBI;38;4;0;1.311;-0.2139;391.03;368.99;379.37;22.04;34.707;117.840;7.857;-34.926;42.784;media;17.52;-9.850;-54.096;7.295;54.866;61.391;203.1;27.01
TUBI;38;4;0;1.311;-0.2139;391.03;368.99;379.37;22.04;34.707;117.840;7.857;-34.926;42.784;esterna;19.05;-11.784;-15.029;44.428;57.903;59.457;203.1;28.51
TUBI;39;4;0;1.380;-0.2139;389.45;367.94;378.07;21.51;34.706;117.840;7.857;-34.926;42.784;interna;16.00;-3.471;-99.998;-32.227;85.841;96.528;203.4;42.21
TUBI;39;4;0;1.380;-0.2139;389.45;367.94;378.07;21.51;34.706;117.840;7.857;-34.926;42.784;media;17.52;-9.810;-54.123;7.309;54.912;61.432;203.4;27.00
TUBI;39;4;0;1.380;-0.2139;389.45;367.94;378.07;21.51;34.706;117.840;7.857;-34.926;42.784;esterna;19.05;-11.784;-15.913;43.544;57.504;59.457;203.4;28.27
TUBI;40;4;0;1.452;-0.2139;387.87;366.89;376.77;20.98;34.706;117.840;7.857;-34.926;42.784;interna;16.00;-3.471;-99.007;-31.236;85.121;95.537;203.6;41.80
TUBI;40;4;0;1.452;-0.2139;387.87;366.89;376.77;20.98;34.706;117.840;7.857;-34.926;42.784;media;17.52;-9.769;-54.150;7.322;54.958;61.473;203.6;26.99
TUBI;40;4;0;1.452;-0.2139;387.87;366.89;376.77;20.98;34.706;117.840;7.857;-34.926;42.784;esterna;19.05;-11.784;-16.796;42.662;57.117;59.458;203.6;28.05
TUBI;41;4;0;1.526;-0.2139;386.26;365.83;375.45;20.44;34.705;117.840;7.857;-34.926;42.784;interna;16.00;-3.471;-98.004;-30.232;84.397;94.533;203.9;41.39
TUBI;41;4;0;1.526;-0.2139;386.26;365.83;375.45;20.44;34.705;117.840;7.857;-34.926;42.784;media;17.52;-9.728;-54.178;7.336;55.005;61.514;203.9;26.97
TUBI;41;4;0;1.526;-0.2139;386.26;365.83;375.45;20.44;34.705;117.840;7.857;-34.926;42.784;esterna;19.05;-11.784;-17.690;41.768;56.736;59.458;203.9;27.82
TUBI;42;4;0;1.603;-0.2139;384.65;364.76;374.13;19.90;34.704;117.840;7.857;-34.926;42.784;interna;16.00;-3.470;-96.996;-29.224;83.676;93.525;204.2;40.98
TUBI;42;4;0;1.603;-0.2139;384.65;364.76;374.13;19.90;34.704;117.840;7.857;-34.926;42.784;media;17.52;-9.687;-54.206;7.350;55.052;61.556;204.2;26.96
TUBI;42;4;0;1.603;-0.2139;384.65;364.76;374.13;19.90;34.704;117.840;7.857;-34.926;42.784;esterna;19.05;-11.784;-18.588;40.870;56.365;59.458;204.2;27.61
TUBI;43;4;0;1.684;-0.2139;383.03;363.68;372.79;19.36;34.704;117.840;7.857;-34.926;42.784;interna;16.00;-3.470;-95.990;-28.218;82.962;92.520;204.4;40.58
TUBI;43;4;0;1.684;-0.2139;383.03;363.68;372.79;19.36;34.704;117.840;7.857;-34.926;42.784;media;17.52;-9.645;-54.234;7.364;55.098;61.597;204.4;26.95
TUBI;43;4;0;1.684;-0.2139;383.03;363.68;372.79;19.36;34.704;117.840;7.857;-34.926;42.784;esterna;19.05;-11.784;-19.484;39.975;56.007;59.459;204.4;27.40
TUBI;44;4;0;1.768;-0.2139;381.40;362.59;371.45;18.81;34.703;117.840;7.857;-34.926;42.784;interna;16.00;-3.470;-94.975;-27.202;82.248;91.504;204.7;40.18
TUBI;44;4;0;1.768;-0.2139;381.40;362.59;371.45;18.81;34.703;117.840;7.857;-34.926;42.784;media;17.52;-9.604;-54.262;7.378;55.146;61.639;204.7;26.94
TUBI;44;4;0;1.768;-0.2139;381.40;362.59;371.45;18.81;34.703;117.840;7.857;-34.926;42.784;esterna;19.05;-11.784;-20.389;39.070;55.658;59.459;204.7;27.19
TUBI;45;4;0;1.855;-0.2139;379.76;361.50;370.10;18.26;34.702;117.840;7.857;-34.926;42.784;interna;16.00;-3.470;-93.956;-26.183;81.538;90.486;205.0;39.78
TUBI;45;4;0;1.855;-0.2139;379.76;361.50;370.10;18.26;34.702;117.840;7.857;-34.926;42.784;media;17.52;-9.562;-54.290;7.392;55.193;61.681;205.0;26.93
TUBI;45;4;0;1.855;-0.2139;379.76;361.50;370.10;18.26;34.702;117.840;7.857;-34.926;42.784;esterna;19.05;-11.784;-21.297;38.163;55.320;59.459;205.0;26.99
TUBI;46;4;0;1.947;-0.2139;378.12;360.40;368.75;17.72;34.702;117.840;7.857;-34.926;42.784;interna;16.00;-3.470;-92.942;-25.168;80.837;89.472;205.3;39.38
TUBI;46;4;0;1.947;-0.2139;378.12;360.40;368.75;17.72;34.702;117.840;7.857;-34.926;42.784;media;17.52;-9.520;-54.318;7.405;55.241;61.723;205.3;26.91
TUBI;46;4;0;1.947;-0.2139;378.12;360.40;368.75;17.72;34.702;117.840;7.857;-34.926;42.784;esterna;19.05;-11.784;-22.200;37.259;54.996;59.460;205.3;26.79
TUBI;47;4;0;2.041;-0.2139;376.47;359.30;367.39;17.17;34.701;117.840;7.857;-34.926;42.784;interna;16.00;-3.470;-91.920;-24.146;80.138;88.450;205.5;38.99
TUBI;47;4;0;2.041;-0.2139;376.47;359.30;367.39;17.17;34.701;117.840;7.857;-34.926;42.784;media;17.52;-9.479;-54.346;7.419;55.289;61.766;205.5;26.90
TUBI;47;4;0;2.041;-0.2139;376.47;359.30;367.39;17.17;34.701;117.840;7.857;-34.926;42.784;esterna;19.05;-11.784;-23.111;36.349;54.684;59.460;205.5;26.61
TUBI;48;4;0;2.140;-0.2139;374.82;358.19;366.02;16.62;34.700;117.840;7.857;-34.926;42.784;interna;16.00;-3.470;-90.898;-23.124;79.446;87.428;205.8;38.60
TUBI;48;4;0;2.140;-0.2139;374.82;358.19;366.02;16.62;34.700;117.840;7.857;-34.926;42.784;media;17.52;-9.437;-54.374;7.433;55.336;61.808;205.8;26.89
TUBI;48;4;0;2.140;-0.2139;374.82;358.19;366.02;16.62;34.700;117.840;7.857;-34.926;42.784;esterna;19.05;-11.784;-24.021;35.439;54.384;59.461;205.8;26.43
TUBI;49;4;0;2.243;-0.2139;373.16;357.09;364.66;16.08;34.699;117.840;7.857;-34.926;42.784;interna;16.00;-3.470;-89.877;-22.102;78.762;86.407;206.1;38.22
TUBI;49;4;0;2.243;-0.2139;373.16;357.09;364.66;16.08;34.699;117.840;7.857;-34.926;42.784;media;17.52;-9.395;-54.403;7.447;55.384;61.850;206.1;26.88
TUBI;49;4;0;2.243;-0.2139;373.16;357.09;364.66;16.08;34.699;117.840;7.857;-34.926;42.784;esterna;19.05;-11.784;-24.931;34.530;54.099;59.461;206.1;26.25
TUBI;50;4;0;2.350;-0.2139;371.50;355.98;363.29;15.53;34.698;117.840;7.857;-34.926;42.784;interna;16.00;-3.470;-88.858;-21.082;78.086;85.388;206.3;37.84
TUBI;50;4;0;2.350;-0.2139;371.50;355.98;363.29;15.53;34.698;117.840;7.857;-34.926;42.784;media;17.52;-9.353;-54.431;7.461;55.432;61.892;206.3;26.86
TUBI;50;4;0;2.350;-0.2139;371.50;355.98;363.29;15.53;34.698;117.840;7.857;-34.926;42.784;esterna;19.05;-11.784;-25.839;33.622;53.828;59.461;206.3;26.09
TUBI;51;4;0;2.461;-0.2139;369.85;354.87;361.92;14.99;34.697;117.840;7.857;-34.926;42.784;interna;16.00;-3.470;-87.846;-20.071;77.423;84.377;206.6;37.47
TUBI;51;4;0;2.461;-0.2139;369.85;354.87;361.92;14.99;34.697;117.840;7.857;-34.926;42.784;media;17.52;-9.312;-54.459;7.475;55.479;61.934;206.6;26.85
TUBI;51;4;0;2.461;-0.2139;369.85;354.87;361.92;14.99;34.697;117.840;7.857;-34.926;42.784;esterna;19.05;-11.784;-26.741;32.721;53.573;59.462;206.6;25.93
TUBI;52;4;0;2.578;-0.2139;368.20;353.76;360.56;14.44;34.697;117.840;7.857;-34.926;42.784;interna;16.00;-3.470;-86.834;-19.057;76.767;83.364;206.9;37.11
TUBI;52;4;0;2.578;-0.2139;368.20;353.76;360.56;14.44;34.697;117.840;7.857;-34.926;42.784;media;17.52;-9.270;-54.487;7.489;55.527;61.976;206.9;26.84
TUBI;52;4;0;2.578;-0.2139;368.20;353.76;360.56;14.44;34.697;117.840;7.857;-34.926;42.784;esterna;19.05;-11.784;-27.643;31.819;53.331;59.462;206.9;25.78
TUBI;53;4;0;2.698;-0.2139;366.56;352.65;359.20;13.90;34.696;117.840;7.857;-34.926;42.784;interna;16.00;-3.470;-85.827;-18.050;76.122;82.357;207.2;36.75
TUBI;53;4;0;2.698;-0.2139;366.56;352.65;359.20;13.90;34.696;117.840;7.857;-34.926;42.784;media;17.52;-9.229;-54.515;7.503;55.574;62.018;207.2;26.83
TUBI;53;4;0;2.698;-0.2139;366.56;352.65;359.20;13.90;34.696;117.840;7.857;-34.926;42.784;esterna;19.05;-11.784;-28.541;30.922;53.105;59.463;207.2;25.64
TUBI;54;4;0;2.824;-0.2139;364.92;351.55;357.85;13.36;34.695;117.840;7.857;-34.926;42.784;interna;16.00;-3.469;-84.826;-17.048;75.488;81.356;207.4;36.39
TUBI;54;4;0;2.824;-0.2139;364.92;351.55;357.85;13.36;34.695;117.840;7.857;-34.926;42.784;media;17.52;-9.188;-54.543;7.517;55.621;62.059;207.4;26.81
TUBI;54;4;0;2.824;-0.2139;364.92;351.55;357.85;13.36;34.695;117.840;7.857;-34.926;42.784;esterna;19.05;-11.784;-29.433;30.030;52.895;59.463;207.4;25.50
TUBI;55;4;0;2.955;-0.2139;363.31;350.47;356.52;12.83;34.694;117.840;7.857;-34.926;42.784;interna;16.00;-3.469;-83.835;-16.057;74.870;80.366;207.7;36.05
TUBI;55;4;0;2.955;-0.2139;363.31;350.47;356.52;12.83;34.694;117.840;7.857;-34.926;42.784;media;17.52;-9.147;-54.570;7.530;55.668;62.100;207.7;26.80
TUBI;55;4;0;2.955;-0.2139;363.31;350.47;356.52;12.83;34.694;117.840;7.857;-34.926;42.784;esterna;19.05;-11.784;-30.316;29.148;52.701;59.464;207.7;25.37
TUBI;56;4;0;3.092;-0.2139;361.68;349.37;355.17;12.30;34.693;117.840;7.857;-34.926;42.784;interna;16.00;-3.469;-82.852;-15.073;74.264;79.383;208.0;35.71
TUBI;56;4;0;3.092;-0.2139;361.68;349.37;355.17;12.30;34.693;117.840;7.857;-34.926;42.784;media;17.52;-9.107;-54.598;7.544;55.714;62.141;208.0;26.79
TUBI;56;4;0;3.092;-0.2139;361.68;349.37;355.17;12.30;34.693;117.840;7.857;-34.926;42.784;esterna;19.05;-11.784;-31.192;28.272;52.522;59.464;208.0;25.26
TUBI;57;4;0;3.234;-0.2139;360.06;348.28;353.83;11.78;34.692;117.840;7.857;-34.926;42.784;interna;16.00;-3.469;-81.878;-14.099;73.672;78.409;208.2;35.38
TUBI;57;4;0;3.234;-0.2139;360.06;348.28;353.83;11.78;34.692;117.840;7.857;-34.926;42.784;media;17.52;-9.067;-54.625;7.557;55.760;62.182;208.2;26.78
TUBI;57;4;0;3.234;-0.2139;360.06;348.28;353.83;11.78;34.692;117.840;7.857;-34.926;42.784;esterna;19.05;-11.784;-32.060;27.405;52.359;59.464;208.2;25.14
TUBI;58;4;0;3.382;-0.2139;358.47;347.20;352.51;11.27;34.691;117.840;7.857;-34.926;42.784;interna;16.00;-3.469;-80.920;-13.140;73.097;77.451;208.5;35.06
TUBI;58;4;0;3.382;-0.2139;358.47;347.20;352.51;11.27;34.691;117.840;7.857;-34.926;42.784;media;17.52;-9.027;-54.651;7.570;55.806;62.222;208.5;26.77
TUBI;58;4;0;3.382;-0.2139;358.47;347.20;352.51;11.27;34.691;117.840;7.857;-34.926;42.784;esterna;19.05;-11.784;-32.914;26.551;52.212;59.465;208.5;25.04
TUBI;59;4;0;3.536;-0.2139;356.89;346.14;351.20;10.76;34.690;117.840;7.857;-34.926;42.784;interna;16.00;-3.469;-79.970;-12.190;72.535;76.501;208.8;34.75
TUBI;59;4;0;3.536;-0.2139;356.89;346.14;351.20;10.76;34.690;117.840;7.857;-34.926;42.784;media;17.52;-8.989;-54.678;7.583;55.851;62.261;208.8;26.75
TUBI;59;4;0;3.536;-0.2139;356.89;346.14;351.20;10.76;34.690;117.840;7.857;-34.926;42.784;esterna;19.05;-11.784;-33.760;25.705;52.079;59.466;208.8;24.95
TUBI;60;4;0;3.697;-0.2139;355.34;345.09;349.92;10.25;34.688;117.840;7.857;-34.926;42.784;interna;16.00;-3.469;-79.034;-11.253;71.990;75.566;209.0;34.44
TUBI;60;4;0;3.697;-0.2139;355.34;345.09;349.92;10.25;34.688;117.840;7.857;-34.926;42.784;media;17.52;-8.950;-54.704;7.596;55.895;62.300;209.0;26.74
TUBI;60;4;0;3.697;-0.2139;355.34;345.09;349.92;10.25;34.688;117.840;7.857;-34.926;42.784;esterna;19.05;-11.784;-34.595;24.871;51.962;59.466;209.0;24.86
TUBI;61;4;0;3.864;-0.2139;353.81;344.05;348.65;9.76;34.687;117.840;7.857;-34.926;42.784;interna;16.00;-3.469;-78.117;-10.335;71.463;74.648;209.3;34.15
TUBI;61;4;0;3.864;-0.2139;353.81;344.05;348.65;9.76;34.687;117.840;7.857;-34.926;42.784;media;17.52;-8.912;-54.730;7.608;55.938;62.338;209.3;26.73
TUBI;61;4;0;3.864;-0.2139;353.81;344.05;348.65;9.76;34.687;117.840;7.857;-34.926;42.784;esterna;19.05;-11.784;-35.413;24.054;51.860;59.467;209.3;24.78
TUBI;62;4;0;4.038;-0.2139;352.31;343.03;347.40;9.28;34.686;117.840;7.857;-34.926;42.784;interna;16.00;-3.469;-77.212;-9.430;70.951;73.744;209.5;33.86
TUBI;62;4;0;4.038;-0.2139;352.31;343.03;347.40;9.28;34.686;117.840;7.857;-34.926;42.784;media;17.52;-8.875;-54.755;7.621;55.981;62.376;209.5;26.72
TUBI;62;4;0;4.038;-0.2139;352.31;343.03;347.40;9.28;34.686;117.840;7.857;-34.926;42.784;esterna;19.05;-11.784;-36.219;23.248;51.772;59.467;209.5;24.71
TUBI;63;4;0;4.219;-0.2139;350.84;342.04;346.18;8.80;34.685;117.840;7.857;-34.926;42.784;interna;16.00;-3.468;-76.328;-8.545;70.459;72.860;209.8;33.59
TUBI;63;4;0;4.219;-0.2139;350.84;342.04;346.18;8.80;34.685;117.840;7.857;-34.926;42.784;media;17.52;-8.839;-54.780;7.633;56.023;62.413;209.8;26.71
TUBI;63;4;0;4.219;-0.2139;350.84;342.04;346.18;8.80;34.685;117.840;7.857;-34.926;42.784;esterna;19.05;-11.784;-37.008;22.460;51.698;59.468;209.8;24.65
TUBI;64;4;0;4.407;-0.2139;349.40;341.06;344.99;8.34;34.684;117.840;7.857;-34.926;42.784;interna;16.00;-3.468;-75.460;-7.676;69.982;71.991;210.0;33.32
TUBI;64;4;0;4.407;-0.2139;349.40;341.06;344.99;8.34;34.684;117.840;7.857;-34.926;42.784;media;17.52;-8.803;-54.804;7.645;56.065;62.449;210.0;26.70
TUBI;64;4;0;4.407;-0.2139;349.40;341.06;344.99;8.34;34.684;117.840;7.857;-34.926;42.784;esterna;19.05;-11.784;-37.782;21.686;51.636;59.468;210.0;24.59
TUBI;65;4;0;4.604;-0.2139;347.99;340.11;343.82;7.88;34.682;117.840;7.857;-34.926;42.784;interna;16.00;-3.468;-74.614;-6.829;69.526;71.145;210.2;33.07
TUBI;65;4;0;4.604;-0.2139;347.99;340.11;343.82;7.88;34.682;117.840;7.857;-34.926;42.784;media;17.52;-8.769;-54.828;7.656;56.105;62.484;210.2;26.69
TUBI;65;4;0;4.604;-0.2139;347.99;340.11;343.82;7.88;34.682;117.840;7.857;-34.926;42.784;esterna;19.05;-11.784;-38.537;20.932;51.588;59.469;210.2;24.54
TUBI;66;4;0;4.809;-0.2139;346.61;339.18;342.68;7.44;34.681;117.840;7.857;-34.926;42.784;interna;16.00;-3.468;-73.788;-6.003;69.088;70.320;210.5;32.83
TUBI;66;4;0;4.809;-0.2139;346.61;339.18;342.68;7.44;34.681;117.840;7.857;-34.926;42.784;media;17.52;-8.735;-54.851;7.668;56.144;62.519;210.5;26.68
TUBI;66;4;0;4.809;-0.2139;346.61;339.18;342.68;7.44;34.681;117.840;7.857;-34.926;42.784;esterna;19.05;-11.784;-39.273;20.197;51.551;59.470;210.5;24.49
TUBI;67;4;0;5.022;-0.2139;345.28;338.27;341.57;7.01;34.680;117.840;7.857;-34.926;42.784;interna;16.00;-3.468;-72.984;-5.198;68.668;69.516;210.7;32.59
TUBI;67;4;0;5.022;-0.2139;345.28;338.27;341.57;7.01;34.680;117.840;7.857;-34.926;42.784;media;17.52;-8.702;-54.874;7.679;56.183;62.552;210.7;26.67
TUBI;67;4;0;5.022;-0.2139;345.28;338.27;341.57;7.01;34.680;117.840;7.857;-34.926;42.784;esterna;19.05;-11.784;-39.990;19.480;51.525;59.470;210.7;24.46
TUBI;68;4;0;5.243;-0.2139;343.98;337.39;340.49;6.59;34.678;117.840;7.857;-34.926;42.784;interna;16.00;-3.468;-72.201;-4.414;68.265;68.733;210.9;32.37
TUBI;68;4;0;5.243;-0.2139;343.98;337.39;340.49;6.59;34.678;117.840;7.857;-34.926;42.784;media;17.52;-8.670;-54.896;7.689;56.220;62.585;210.9;26.66
TUBI;68;4;0;5.243;-0.2139;343.98;337.39;340.49;6.59;34.678;117.840;7.857;-34.926;42.784;esterna;19.05;-11.784;-40.689;18.782;51.510;59.471;210.9;24.42
TUBI;69;4;0;5.474;-0.2139;342.72;336.54;339.45;6.18;34.677;117.840;7.857;-34.926;42.784;interna;16.00;-3.468;-71.444;-3.656;67.882;67.976;211.1;32.15
TUBI;69;4;0;5.474;-0.2139;342.72;336.54;339.45;6.18;34.677;117.840;7.857;-34.926;42.784;media;17.52;-8.639;-54.917;7.700;56.256;62.617;211.1;26.65
TUBI;69;4;0;5.474;-0.2139;342.72;336.54;339.45;6.18;34.677;117.840;7.857;-34.926;42.784;esterna;19.05;-11.784;-41.364;18.107;51.504;59.472;211.1;24.40
TUBI;70;4;0;5.715;-0.2139;341.50;335.71;338.44;5.78;34.675;117.840;7.857;-34.926;42.784;interna;16.00;-3.468;-70.710;-2.922;67.517;67.789;211.3;31.95
TUBI;70;4;0;5.715;-0.2139;341.50;335.71;338.44;5.78;34.675;117.840;7.857;-34.926;42.784;media;17.52;-8.608;-54.938;7.710;56.291;62.648;211.3;26.64
TUBI;70;4;0;5.715;-0.2139;341.50;335.71;338.44;5.78;34.675;117.840;7.857;-34.926;42.784;esterna;19.05;-11.784;-42.019;17.454;51.507;59.472;211.3;24.37
TUBI;71;4;0;5.965;-0.2139;340.32;334.92;337.46;5.40;34.674;117.840;7.857;-34.926;42.784;interna;16.00;-3.467;-70.002;-2.213;67.171;67.790;211.5;31.76
TUBI;71;4;0;5.965;-0.2139;340.32;334.92;337.46;5.40;34.674;117.840;7.857;-34.926;42.784;media;17.52;-8.579;-54.958;7.720;56.326;62.678;211.5;26.63
TUBI;71;4;0;5.965;-0.2139;340.32;334.92;337.46;5.40;34.674;117.840;7.857;-34.926;42.784;esterna;19.05;-11.784;-42.651;16.822;51.518;59.473;211.5;24.36
TUBI;72;4;0;6.226;-0.2139;339.19;334.15;336.53;5.04;34.672;117.840;7.857;-34.926;42.784;interna;16.00;-3.467;-69.320;-1.529;66.842;67.791;211.7;31.57
TUBI;72;4;0;6.226;-0.2139;339.19;334.15;336.53;5.04;34.672;117.840;7.857;-34.926;42.784;media;17.52;-8.551;-54.978;7.729;56.358;62.706;211.7;26.62
TUBI;72;4;0;6.226;-0.2139;339.19;334.15;336.53;5.04;34.672;117.840;7.857;-34.926;42.784;esterna;19.05;-11.784;-43.260;16.214;51.535;59.474;211.7;24.34
TUBI;73;4;0;6.498;-0.2139;338.10;333.42;335.62;4.69;34.671;117.840;7.857;-34.926;42.784;interna;16.00;-3.467;-68.665;-0.873;66.532;67.791;211.9;31.40
TUBI;73;4;0;6.498;-0.2139;338.10;333.42;335.62;4.69;34.671;117.840;7.857;-34.926;42.784;media;17.52;-8.524;-54.996;7.738;56.390;62.734;211.9;26.61
TUBI;73;4;0;6.498;-0.2139;338.10;333.42;335.62;4.69;34.671;117.840;7.857;-34.926;42.784;esterna;19.05;-11.784;-43.844;15.630;51.559;59.475;211.9;24.33
TUBI;74;4;0;6.780;-0.2139;337.06;332.71;334.76;4.35;34.669;117.840;7.857;-34.926;42.784;interna;16.00;-3.467;-68.035;-0.242;66.239;67.792;212.0;31.24
TUBI;74;4;0;6.780;-0.2139;337.06;332.71;334.76;4.35;34.669;117.840;7.857;-34.926;42.784;media;17.52;-8.498;-55.014;7.747;56.420;62.761;212.0;26.61
TUBI;74;4;0;6.780;-0.2139;337.06;332.71;334.76;4.35;34.669;117.840;7.857;-34.926;42.784;esterna;19.05;-11.784;-44.407;15.068;51.588;59.475;212.0;24.33
TUBI;75;4;0;7.075;-0.2139;336.06;332.04;333.93;4.02;34.667;117.840;7.857;-34.926;42.784;interna;16.00;-3.467;-67.432;0.362;65.962;67.793;212.2;31.08
TUBI;75;4;0;7.075;-0.2139;336.06;332.04;333.93;4.02;34.667;117.840;7.857;-34.926;42.784;media;17.52;-8.474;-55.032;7.755;56.450;62.786;212.2;26.60
TUBI;75;4;0;7.075;-0.2139;336.06;332.04;333.93;4.02;34.667;117.840;7.857;-34.926;42.784;esterna;19.05;-11.784;-44.946;14.531;51.621;59.476;212.2;24.33
TUBI;76;4;0;7.381;-0.2139;335.11;331.40;333.15;3.71;34.666;117.840;7.857;-34.926;42.784;interna;16.00;-3.467;-66.857;0.937;65.703;67.794;212.4;30.94
TUBI;76;4;0;7.381;-0.2139;335.11;331.40;333.15;3.71;34.666;117.840;7.857;-34.926;42.784;media;17.52;-8.450;-55.048;7.763;56.478;62.811;212.4;26.59
TUBI;76;4;0;7.381;-0.2139;335.11;331.40;333.15;3.71;34.666;117.840;7.857;-34.926;42.784;esterna;19.05;-11.784;-45.459;14.018;51.659;59.477;212.4;24.32
TUBI;77;4;0;7.701;-0.2139;334.20;330.78;332.39;3.42;34.664;117.840;7.857;-34.926;42.784;interna;16.00;-3.466;-66.308;1.487;65.459;67.795;212.5;30.80
TUBI;77;4;0;7.701;-0.2139;334.20;330.78;332.39;3.42;34.664;117.840;7.857;-34.926;42.784;media;17.52;-8.427;-55.064;7.770;56.504;62.834;212.5;26.59
TUBI;77;4;0;7.701;-0.2139;334.20;330.78;332.39;3.42;34.664;117.840;7.857;-34.926;42.784;esterna;19.05;-11.784;-45.949;13.529;51.699;59.478;212.5;24.33
TUBI;78;4;0;8.033;-0.2139;333.34;330.20;331.68;3.14;34.662;117.840;7.857;-34.926;42.784;interna;16.00;-3.466;-65.788;2.009;65.232;67.796;212.7;30.67
TUBI;78;4;0;8.033;-0.2139;333.34;330.20;331.68;3.14;34.662;117.840;7.857;-34.926;42.784;media;17.52;-8.406;-55.079;7.777;56.530;62.857;212.7;26.58
TUBI;78;4;0;8.033;-0.2139;333.34;330.20;331.68;3.14;34.662;117.840;7.857;-34.926;42.784;esterna;19.05;-11.784;-46.414;13.064;51.742;59.479;212.7;24.33
TUBI;79;4;0;8.379;-0.2139;332.53;329.65;331.01;2.87;34.660;117.840;7.857;-34.926;42.784;interna;16.00;-3.466;-65.294;2.504;65.018;67.798;212.8;30.55
TUBI;79;4;0;8.379;-0.2139;332.53;329.65;331.01;2.87;34.660;117.840;7.857;-34.926;42.784;media;17.52;-8.386;-55.094;7.784;56.554;62.878;212.8;26.58
TUBI;79;4;0;8.379;-0.2139;332.53;329.65;331.01;2.87;34.660;117.840;7.857;-34.926;42.784;esterna;19.05;-11.784;-46.856;12.623;51.786;59.480;212.8;24.34
TUBI;80;4;0;8.740;-0.2139;331.76;329.14;330.37;2.62;34.658;117.840;7.857;-34.926;42.784;interna;16.00;-3.466;-64.828;2.971;64.820;67.799;212.9;30.44
TUBI;80;4;0;8.740;-0.2139;331.76;329.14;330.37;2.62;34.658;117.840;7.857;-34.926;42.784;media;17.52;-8.366;-55.108;7.790;56.577;62.898;212.9;26.57
TUBI;80;4;0;8.740;-0.2139;331.76;329.14;330.37;2.62;34.658;117.840;7.857;-34.926;42.784;esterna;19.05;-11.784;-47.273;12.207;51.831;59.481;212.9;24.34
TUBI;81;4;0;9.115;-0.2139;331.03;328.65;329.77;2.39;34.656;117.840;7.857;-34.926;42.784;interna;16.00;-3.466;-64.388;3.412;64.636;67.800;213.0;30.34
TUBI;81;4;0;9.115;-0.2139;331.03;328.65;329.77;2.39;34.656;117.840;7.857;-34.926;42.784;media;17.52;-8.348;-55.121;7.797;56.599;62.917;213.0;26.57
TUBI;81;4;0;9.115;-0.2139;331.03;328.65;329.77;2.39;34.656;117.840;7.857;-34.926;42.784;esterna;19.05;-11.784;-47.666;11.815;51.877;59.481;213.0;24.35
TUBI;82;4;0;9.506;-0.2139;330.35;328.19;329.21;2.16;34.654;117.840;7.857;-34.926;42.784;interna;16.00;-3.465;-63.975;3.826;64.465;67.801;213.2;30.24
TUBI;82;4;0;9.506;-0.2139;330.35;328.19;329.21;2.16;34.654;117.840;7.857;-34.926;42.784;media;17.52;-8.331;-55.133;7.802;56.619;62.935;213.2;26.56
TUBI;82;4;0;9.506;-0.2139;330.35;328.19;329.21;2.16;34.654;117.840;7.857;-34.926;42.784;esterna;19.05;-11.784;-48.036;11.447;51.923;59.482;213.2;24.36
TUBI;83;4;0;9.913;-0.2139;329.71;327.76;328.68;1.95;34.652;117.840;7.857;-34.926;42.784;interna;16.00;-3.465;-63.588;4.215;64.307;67.802;213.3;30.15
TUBI;83;4;0;9.913;-0.2139;329.71;327.76;328.68;1.95;34.652;117.840;7.857;-34.926;42.784;media;17.52;-8.315;-55.145;7.808;56.639;62.952;213.3;26.56
TUBI;83;4;0;9.913;-0.2139;329.71;327.76;328.68;1.95;34.652;117.840;7.857;-34.926;42.784;esterna;19.05;-11.784;-48.383;11.100;51.969;59.484;213.3;24.37
TUBI;84;4;0;10.337;-0.2139;329.12;327.36;328.19;1.76;34.650;117.840;7.857;-34.926;42.784;interna;16.00;-3.465;-63.226;4.577;64.162;67.804;213.4;30.07
TUBI;84;4;0;10.337;-0.2139;329.12;327.36;328.19;1.76;34.650;117.840;7.857;-34.926;42.784;media;17.52;-8.300;-55.156;7.812;56.657;62.968;213.4;26.55
TUBI;84;4;0;10.337;-0.2139;329.12;327.36;328.19;1.76;34.650;117.840;7.857;-34.926;42.784;esterna;19.05;-11.784;-48.707;10.778;52.013;59.485;213.4;24.38
TUBI;85;4;0;10.778;-0.2139;328.56;326.98;327.73;1.58;34.648;117.840;7.857;-34.926;42.784;interna;16.00;-3.465;-62.891;4.914;64.028;67.805;213.5;30.00
TUBI;85;4;0;10.778;-0.2139;328.56;326.98;327.73;1.58;34.648;117.840;7.857;-34.926;42.784;media;17.52;-8.286;-55.166;7.817;56.674;62.983;213.5;26.55
TUBI;85;4;0;10.778;-0.2139;328.56;326.98;327.73;1.58;34.648;117.840;7.857;-34.926;42.784;esterna;19.05;-11.784;-49.008;10.478;52.056;59.486;213.5;24.39
TUBI;86;4;0;11.238;-0.2139;328.05;326.64;327.30;1.41;34.645;117.840;7.857;-34.926;42.784;interna;16.00;-3.465;-62.579;5.228;63.905;67.806;213.5;29.93
TUBI;86;4;0;11.238;-0.2139;328.05;326.64;327.30;1.41;34.645;117.840;7.857;-34.926;42.784;media;17.52;-8.274;-55.176;7.821;56.690;62.997;213.5;26.55
TUBI;86;4;0;11.238;-0.2139;328.05;326.64;327.30;1.41;34.645;117.840;7.857;-34.926;42.784;esterna;19.05;-11.784;-49.288;10.199;52.098;59.487;213.5;24.40
TUBI;87;4;0;11.716;-0.2139;327.57;326.31;326.91;1.26;34.643;117.840;7.857;-34.926;42.784;interna;16.00;-3.464;-62.291;5.517;63.793;67.808;213.6;29.86
TUBI;87;4;0;11.716;-0.2139;327.57;326.31;326.91;1.26;34.643;117.840;7.857;-34.926;42.784;media;17.52;-8.262;-55.185;7.825;56.705;63.010;213.6;26.54
TUBI;87;4;0;11.716;-0.2139;327.57;326.31;326.91;1.26;34.643;117.840;7.857;-34.926;42.784;esterna;19.05;-11.784;-49.547;9.941;52.138;59.488;213.6;24.41
TUBI;88;4;0;12.214;-0.2139;327.13;326.02;326.54;1.11;34.640;117.840;7.857;-34.926;42.784;interna;16.00;-3.464;-62.025;5.784;63.691;67.809;213.7;29.80
TUBI;88;4;0;12.214;-0.2139;327.13;326.02;326.54;1.11;34.640;117.840;7.857;-34.926;42.784;media;17.52;-8.251;-55.194;7.829;56.719;63.023;213.7;26.54
TUBI;88;4;0;12.214;-0.2139;327.13;326.02;326.54;1.11;34.640;117.840;7.857;-34.926;42.784;esterna;19.05;-11.784;-49.786;9.703;52.177;59.489;213.7;24.42
TUBI;89;4;0;12.733;-0.2139;326.73;325.75;326.21;0.98;34.638;117.840;7.857;-34.926;42.784;interna;16.00;-3.464;-61.782;6.029;63.598;67.811;213.8;29.75
TUBI;89;4;0;12.733;-0.2139;326.73;325.75;326.21;0.98;34.638;117.840;7.857;-34.926;42.784;media;17.52;-8.240;-55.202;7.832;56.732;63.034;213.8;26.54
TUBI;89;4;0;12.733;-0.2139;326.73;325.75;326.21;0.98;34.638;117.840;7.857;-34.926;42.784;esterna;19.05;-11.784;-50.005;9.486;52.213;59.490;213.8;24.43
TUBI;0;5;0;0.007;-0.0713;342.92;336.75;339.66;6.16;34.740;117.840;7.368;-35.413;42.781;interna;16.00;-3.474;-71.375;-4.113;67.584;67.901;211.1;32.02
TUBI;0;5;0;0.007;-0.0713;342.92;336.75;339.66;6.16;34.740;117.840;7.368;-35.413;42.781;media;17.52;-8.640;-54.885;7.211;55.883;62.096;211.1;26.48
TUBI;0;5;0;0.007;-0.0713;342.92;336.75;339.66;6.16;34.740;117.840;7.368;-35.413;42.781;esterna;19.05;-11.784;-41.363;17.590;51.054;58.952;211.1;24.19
TUBI;1;5;0;0.022;-0.0713;342.90;336.74;339.64;6.16;34.725;117.840;7.368;-35.413;42.781;interna;16.00;-3.472;-71.372;-4.101;67.588;67.900;211.1;32.02
TUBI;1;5;0;0.022;-0.0713;342.90;336.74;339.64;6.16;34.725;117.840;7.368;-35.413;42.781;media;17.52;-8.639;-54.893;7.211;55.891;62.105;211.1;26.48
TUBI;1;5;0;0.022;-0.0713;342.90;336.74;339.64;6.16;34.725;117.840;7.368;-35.413;42.781;esterna;19.05;-11.784;-41.380;17.580;51.061;58.959;211.1;24.19
TUBI;2;5;0;0.037;-0.0713;342.88;336.73;339.62;6.15;34.725;117.840;7.368;-35.413;42.781;interna;16.00;-3.472;-71.361;-4.090;67.582;67.889;211.1;32.02
TUBI;2;5;0;0.037;-0.0713;342.88;336.73;339.62;6.15;34.725;117.840;7.368;-35.413;42.781;media;17.52;-8.638;-54.894;7.211;55.892;62.105;211.1;26.48
TUBI;2;5;0;0.037;-0.0713;342.88;336.73;339.62;6.15;34.725;117.840;7.368;-35.413;42.781;esterna;19.05;-11.784;-41.391;17.569;51.061;58.960;211.1;24.19
TUBI;3;5;0;0.053;-0.0713;342.86;336.71;339.61;6.14;34.724;117.840;7.368;-35.413;42.781;interna;16.00;-3.472;-71.349;-4.078;67.576;67.877;211.1;32.01
TUBI;3;5;0;0.053;-0.0713;342.86;336.71;339.61;6.14;34.724;117.840;7.368;-35.413;42.781;media;17.52;-8.638;-54.894;7.212;55.893;62.106;211.1;26.48
TUBI;3;5;0;0.053;-0.0713;342.86;336.71;339.61;6.14;34.724;117.840;7.368;-35.413;42.781;esterna;19.05;-11.784;-41.402;17.558;51.061;58.960;211.1;24.19
TUBI;4;5;0;0.070;-0.0713;342.71;336.61;339.48;6.09;34.724;117.840;7.368;-35.413;42.781;interna;16.00;-3.472;-71.259;-3.987;67.531;67.786;211.1;31.99
TUBI;4;5;0;0.070;-0.0713;342.71;336.61;339.48;6.09;34.724;117.840;7.368;-35.413;42.781;media;17.52;-8.634;-54.897;7.213;55.897;62.110;211.1;26.48
TUBI;4;5;0;0.070;-0.0713;342.71;336.61;339.48;6.09;34.724;117.840;7.368;-35.413;42.781;esterna;19.05;-11.784;-41.482;17.478;51.061;58.960;211.1;24.19
TUBI;5;5;0;0.087;-0.0713;342.58;336.53;339.38;6.05;34.723;117.840;7.368;-35.413;42.781;interna;16.00;-3.472;-71.187;-3.915;67.494;67.714;211.1;31.97
TUBI;5;5;0;0.087;-0.0713;342.58;336.53;339.38;6.05;34.723;117.840;7.368;-35.413;42.781;media;17.52;-8.631;-54.899;7.214;55.901;62.113;211.1;26.48
TUBI;5;5;0;0.087;-0.0713;342.58;336.53;339.38;6.05;34.723;117.840;7.368;-35.413;42.781;esterna;19.05;-11.784;-41.547;17.413;51.062;58.960;211.1;24.19
TUBI;6;5;0;0.105;-0.0713;342.48;336.46;339.29;6.02;34.723;117.840;7.368;-35.413;42.781;interna;16.00;-3.472;-71.126;-3.853;67.464;67.653;211.1;31.95
TUBI;6;5;0;0.105;-0.0713;342.48;336.46;339.29;6.02;34.723;117.840;7.368;-35.413;42.781;media;17.52;-8.629;-54.901;7.215;55.904;62.116;211.1;26.48
TUBI;6;5;0;0.105;-0.0713;342.48;336.46;339.29;6.02;34.723;117.840;7.368;-35.413;42.781;esterna;19.05;-11.784;-41.602;17.359;51.062;58.961;211.1;24.18
TUBI;7;5;0;0.124;-0.0713;342.39;336.40;339.22;5.99;34.722;117.840;7.368;-35.413;42.781;interna;16.00;-3.472;-71.072;-3.800;67.437;67.600;211.2;31.94
TUBI;7;5;0;0.124;-0.0713;342.39;336.40;339.22;5.99;34.722;117.840;7.368;-35.413;42.781;media;17.52;-8.626;-54.903;7.215;55.907;62.118;211.2;26.48
TUBI;7;5;0;0.124;-0.0713;342.39;336.40;339.22;5.99;34.722;117.840;7.368;-35.413;42.781;esterna;19.05;-11.784;-41.650;17.311;51.063;58.961;211.2;24.18
TUBI;8;5;0;0.144;-0.0713;342.31;336.34;339.15;5.97;34.722;117.840;7.368;-35.413;42.781;interna;16.00;-3.472;-71.025;-3.752;67.413;67.552;211.2;31.92
TUBI;8;5;0;0.144;-0.0713;342.31;336.34;339.15;5.97;34.722;117.840;7.368;-35.413;42.781;media;17.52;-8.624;-54.904;7.216;55.909;62.121;211.2;26.48
TUBI;8;5;0;0.144;-0.0713;342.31;336.34;339.15;5.97;34.722;117.840;7.368;-35.413;42.781;esterna;19.05;-11.784;-41.693;17.268;51.064;58.961;211.2;24.18
TUBI;9;5;0;0.164;-0.0713;342.23;336.29;339.09;5.94;34.721;117.840;7.368;-35.413;42.781;interna;16.00;-3.472;-70.981;-3.708;67.391;67.509;211.2;31.91
TUBI;9;5;0;0.164;-0.0713;342.23;336.29;339.09;5.94;34.721;117.840;7.368;-35.413;42.781;media;17.52;-8.623;-54.906;7.217;55.912;62.123;211.2;26.48
TUBI;9;5;0;0.164;-0.0713;342.23;336.29;339.09;5.94;34.721;117.840;7.368;-35.413;42.781;esterna;19.05;-11.784;-41.732;17.229;51.064;58.961;211.2;24.18
TUBI;10;5;0;0.185;-0.0713;342.16;336.24;339.03;5.92;34.721;117.840;7.368;-35.413;42.781;interna;16.00;-3.472;-70.939;-3.665;67.370;67.467;211.2;31.90
TUBI;10;5;0;0.185;-0.0713;342.16;336.24;339.03;5.92;34.721;117.840;7.368;-35.413;42.781;media;17.52;-8.621;-54.907;7.217;55.914;62.125;211.2;26.48
TUBI;10;5;0;0.185;-0.0713;342.16;336.24;339.03;5.92;34.721;117.840;7.368;-35.413;42.781;esterna;19.05;-11.784;-41.770;17.191;51.065;58.962;211.2;24.18
TUBI;11;5;0;0.207;-0.0713;431.46;395.39;412.38;36.07;34.717;117.840;7.368;-35.413;42.781;interna;16.00;-3.472;-127.119;-59.844;107.220;123.647;196.5;54.56
TUBI;11;5;0;0.207;-0.0713;431.46;395.39;412.38;36.07;34.717;117.840;7.368;-35.413;42.781;media;17.52;-10.921;-53.378;6.449;53.308;59.826;196.5;27.13
TUBI;11;5;0;0.207;-0.0713;431.46;395.39;412.38;36.07;34.717;117.840;7.368;-35.413;42.781;esterna;19.05;-11.784;8.243;67.206;71.124;78.990;196.5;36.19
TUBI;12;5;0;0.230;-0.0713;429.68;394.25;410.93;35.43;34.717;117.840;7.368;-35.413;42.781;interna;16.00;-3.472;-125.931;-58.656;106.225;122.459;196.8;53.97
TUBI;12;5;0;0.230;-0.0713;429.68;394.25;410.93;35.43;34.717;117.840;7.368;-35.413;42.781;media;17.52;-10.872;-53.410;6.465;53.362;59.875;196.8;27.11
TUBI;12;5;0;0.230;-0.0713;429.68;394.25;410.93;35.43;34.717;117.840;7.368;-35.413;42.781;esterna;19.05;-11.784;7.185;66.148;70.392;77.932;196.8;35.77
TUBI;13;5;0;0.254;-0.0713;427.98;393.16;409.56;34.82;34.717;117.840;7.368;-35.413;42.781;interna;16.00;-3.472;-124.802;-57.527;105.283;121.331;197.1;53.42
TUBI;13;5;0;0.254;-0.0713;427.98;393.16;409.56;34.82;34.717;117.840;7.368;-35.413;42.781;media;17.52;-10.826;-53.441;6.480;53.414;59.922;197.1;27.10
TUBI;13;5;0;0.254;-0.0713;427.98;393.16;409.56;34.82;34.717;117.840;7.368;-35.413;42.781;esterna;19.05;-11.784;6.180;65.143;69.704;76.927;197.1;35.37
TUBI;14;5;0;0.279;-0.0713;426.35;392.11;408.24;34.24;34.717;117.840;7.368;-35.413;42.781;interna;16.00;-3.472;-123.721;-56.445;104.384;120.249;197.4;52.89
TUBI;14;5;0;0.279;-0.0713;426.35;392.11;408.24;34.24;34.717;117.840;7.368;-35.413;42.781;media;17.52;-10.782;-53.471;6.495;53.464;59.966;197.4;27.09
TUBI;14;5;0;0.279;-0.0713;426.35;392.11;408.24;34.24;34.717;117.840;7.368;-35.413;42.781;esterna;19.05;-11.784;5.217;64.180;69.052;75.964;197.4;34.99
TUBI;15;5;0;0.305;-0.0713;424.78;391.10;406.96;33.69;34.716;117.840;7.368;-35.413;42.781;interna;16.00;-3.472;-122.688;-55.412;103.529;119.216;197.6;52.39
TUBI;15;5;0;0.305;-0.0713;424.78;391.10;406.96;33.69;34.716;117.840;7.368;-35.413;42.781;media;17.52;-10.739;-53.499;6.509;53.511;60.008;197.6;27.08
TUBI;15;5;0;0.305;-0.0713;424.78;391.10;406.96;33.69;34.716;117.840;7.368;-35.413;42.781;esterna;19.05;-11.784;4.297;63.261;68.436;75.045;197.6;34.63
TUBI;16;5;0;0.332;-0.0713;423.25;390.11;405.72;33.14;34.716;117.840;7.368;-35.413;42.781;interna;16.00;-3.472;-121.674;-54.398;102.692;118.202;197.9;51.90
TUBI;16;5;0;0.332;-0.0713;423.25;390.11;405.72;33.14;34.716;117.840;7.368;-35.413;42.781;media;17.52;-10.698;-53.527;6.523;53.558;60.050;197.9;27.07
TUBI;16;5;0;0.332;-0.0713;423.25;390.11;405.72;33.14;34.716;117.840;7.368;-35.413;42.781;esterna;19.05;-11.784;3.394;62.358;67.838;74.142;197.9;34.29
TUBI;17;5;0;0.360;-0.0713;421.76;389.15;404.51;32.62;34.716;117.840;7.368;-35.413;42.781;interna;16.00;-3.472;-120.695;-53.419;101.888;117.223;198.1;51.43
TUBI;17;5;0;0.360;-0.0713;421.76;389.15;404.51;32.62;34.716;117.840;7.368;-35.413;42.781;media;17.52;-10.658;-53.554;6.537;53.603;60.090;198.1;27.06
TUBI;17;5;0;0.360;-0.0713;421.76;389.15;404.51;32.62;34.716;117.840;7.368;-35.413;42.781;esterna;19.05;-11.784;2.522;61.486;67.268;73.270;198.1;33.96
TUBI;18;5;0;0.390;-0.0713;420.30;388.20;403.32;32.10;34.716;117.840;7.368;-35.413;42.781;interna;16.00;-3.472;-119.724;-52.448;101.093;116.253;198.3;50.97
TUBI;18;5;0;0.390;-0.0713;420.30;388.20;403.32;32.10;34.716;117.840;7.368;-35.413;42.781;media;17.52;-10.618;-53.580;6.550;53.648;60.130;198.3;27.05
TUBI;18;5;0;0.390;-0.0713;420.30;388.20;403.32;32.10;34.716;117.840;7.368;-35.413;42.781;esterna;19.05;-11.784;1.658;60.621;66.708;72.405;198.3;33.63
TUBI;19;5;0;0.420;-0.0713;418.85;387.27;402.14;31.59;34.715;117.840;7.368;-35.413;42.781;interna;16.00;-3.472;-118.779;-51.502;100.322;115.307;198.6;50.52
TUBI;19;5;0;0.420;-0.0713;418.85;387.27;402.14;31.59;34.715;117.840;7.368;-35.413;42.781;media;17.52;-10.579;-53.606;6.563;53.691;60.169;198.6;27.04
TUBI;19;5;0;0.420;-0.0713;418.85;387.27;402.14;31.59;34.715;117.840;7.368;-35.413;42.781;esterna;19.05;-11.784;0.816;59.780;66.170;71.564;198.6;33.32
TUBI;20;5;0;0.452;-0.0713;417.43;386.34;400.98;31.09;34.715;117.840;7.368;-35.413;42.781;interna;16.00;-3.471;-117.844;-50.568;99.562;114.373;198.8;50.08
TUBI;20;5;0;0.452;-0.0713;417.43;386.34;400.98;31.09;34.715;117.840;7.368;-35.413;42.781;media;17.52;-10.541;-53.632;6.576;53.734;60.207;198.8;27.03
TUBI;20;5;0;0.452;-0.0713;417.43;386.34;400.98;31.09;34.715;117.840;7.368;-35.413;42.781;esterna;19.05;-11.784;-0.017;58.948;65.644;70.732;198.8;33.02
TUBI;21;5;0;0.485;-0.0713;416.00;385.42;399.82;30.58;34.715;117.840;7.368;-35.413;42.781;interna;16.00;-3.471;-116.908;-49.631;98.805;113.436;199.0;49.64
TUBI;21;5;0;0.485;-0.0713;416.00;385.42;399.82;30.58;34.715;117.840;7.368;-35.413;42.781;media;17.52;-10.502;-53.658;6.588;53.778;60.246;199.0;27.02
TUBI;21;5;0;0.485;-0.0713;416.00;385.42;399.82;30.58;34.715;117.840;7.368;-35.413;42.781;esterna;19.05;-11.784;-0.851;58.114;65.123;69.898;199.0;32.72
TUBI;22;5;0;0.520;-0.0713;414.59;384.50;398.68;30.09;34.714;117.840;7.368;-35.413;42.781;interna;16.00;-3.471;-115.987;-48.710;98.063;112.516;199.3;49.21
TUBI;22;5;0;0.520;-0.0713;414.59;384.50;398.68;30.09;34.714;117.840;7.368;-35.413;42.781;media;17.52;-10.465;-53.683;6.601;53.820;60.284;199.3;27.01
TUBI;22;5;0;0.520;-0.0713;414.59;384.50;398.68;30.09;34.714;117.840;7.368;-35.413;42.781;esterna;19.05;-11.784;-1.670;57.294;64.618;69.078;199.3;32.43
TUBI;23;5;0;0.556;-0.0713;413.19;383.59;397.53;29.60;34.714;117.840;7.368;-35.413;42.781;interna;16.00;-3.471;-115.071;-47.793;97.327;111.599;199.5;48.79
TUBI;23;5;0;0.556;-0.0713;413.19;383.59;397.53;29.60;34.714;117.840;7.368;-35.413;42.781;media;17.52;-10.427;-53.708;6.613;53.862;60.322;199.5;27.00
TUBI;23;5;0;0.556;-0.0713;413.19;383.59;397.53;29.60;34.714;117.840;7.368;-35.413;42.781;esterna;19.05;-11.784;-2.487;56.478;64.121;68.262;199.5;32.14
TUBI;24;5;0;0.593;-0.0713;411.77;382.67;396.38;29.10;34.714;117.840;7.368;-35.413;42.781;interna;16.00;-3.471;-114.146;-46.868;96.588;110.674;199.7;48.36
TUBI;24;5;0;0.593;-0.0713;411.77;382.67;396.38;29.10;34.714;117.840;7.368;-35.413;42.781;media;17.52;-10.389;-53.733;6.626;53.905;60.360;199.7;26.99
TUBI;24;5;0;0.593;-0.0713;411.77;382.67;396.38;29.10;34.714;117.840;7.368;-35.413;42.781;esterna;19.05;-11.784;-3.311;55.654;63.626;67.438;199.7;31.86
TUBI;25;5;0;0.632;-0.0713;410.36;381.75;395.23;28.61;34.713;117.840;7.368;-35.413;42.781;interna;16.00;-3.471;-113.230;-45.953;95.859;109.759;200.0;47.94
TUBI;25;5;0;0.632;-0.0713;410.36;381.75;395.23;28.61;34.713;117.840;7.368;-35.413;42.781;media;17.52;-10.352;-53.759;6.639;53.947;60.397;200.0;26.98
TUBI;25;5;0;0.632;-0.0713;410.36;381.75;395.23;28.61;34.713;117.840;7.368;-35.413;42.781;esterna;19.05;-11.784;-4.126;54.839;63.143;66.623;200.0;31.58
TUBI;26;5;0;0.672;-0.0713;408.95;380.83;394.08;28.12;34.713;117.840;7.368;-35.413;42.781;interna;16.00;-3.471;-112.314;-45.036;95.133;108.843;200.2;47.52
TUBI;26;5;0;0.672;-0.0713;408.95;380.83;394.08;28.12;34.713;117.840;7.368;-35.413;42.781;media;17.52;-10.314;-53.784;6.651;53.990;60.435;200.2;26.97
TUBI;26;5;0;0.672;-0.0713;408.95;380.83;394.08;28.12;34.713;117.840;7.368;-35.413;42.781;esterna;19.05;-11.784;-4.942;54.023;62.667;65.807;200.2;31.30
TUBI;27;5;0;0.715;-0.0713;407.53;379.91;392.92;27.62;34.712;117.840;7.368;-35.413;42.781;interna;16.00;-3.471;-111.386;-44.108;94.402;107.915;200.4;47.10
TUBI;27;5;0;0.715;-0.0713;407.53;379.91;392.92;27.62;34.712;117.840;7.368;-35.413;42.781;media;17.52;-10.276;-53.809;6.664;54.033;60.473;200.4;26.96
TUBI;27;5;0;0.715;-0.0713;407.53;379.91;392.92;27.62;34.712;117.840;7.368;-35.413;42.781;esterna;19.05;-11.784;-5.769;53.197;62.192;64.981;200.4;31.03
TUBI;28;5;0;0.759;-0.0713;406.10;378.97;391.75;27.13;34.712;117.840;7.368;-35.413;42.781;interna;16.00;-3.471;-110.464;-43.186;93.678;106.993;200.7;46.69
TUBI;28;5;0;0.759;-0.0713;406.10;378.97;391.75;27.13;34.712;117.840;7.368;-35.413;42.781;media;17.52;-10.238;-53.835;6.677;54.076;60.511;200.7;26.95
TUBI;28;5;0;0.759;-0.0713;406.10;378.97;391.75;27.13;34.712;117.840;7.368;-35.413;42.781;esterna;19.05;-11.784;-6.590;52.376;61.727;64.160;200.7;30.76
TUBI;29;5;0;0.804;-0.0713;404.66;378.03;390.58;26.63;34.712;117.840;7.368;-35.413;42.781;interna;16.00;-3.471;-109.538;-42.260;92.955;106.067;200.9;46.27
TUBI;29;5;0;0.804;-0.0713;404.66;378.03;390.58;26.63;34.712;117.840;7.368;-35.413;42.781;media;17.52;-10.201;-53.860;6.689;54.119;60.549;200.9;26.94
TUBI;29;5;0;0.804;-0.0713;404.66;378.03;390.58;26.63;34.712;117.840;7.368;-35.413;42.781;esterna;19.05;-11.784;-7.415;51.551;61.267;63.335;200.9;30.50
TUBI;30;5;0;0.852;-0.0713;403.21;377.09;389.39;26.12;34.711;117.840;7.368;-35.413;42.781;interna;16.00;-3.471;-108.598;-41.319;92.225;105.127;201.1;45.86
TUBI;30;5;0;0.852;-0.0713;403.21;377.09;389.39;26.12;34.711;117.840;7.368;-35.413;42.781;media;17.52;-10.162;-53.886;6.702;54.162;60.588;201.1;26.93
TUBI;30;5;0;0.852;-0.0713;403.21;377.09;389.39;26.12;34.711;117.840;7.368;-35.413;42.781;esterna;19.05;-11.784;-8.252;50.714;60.809;62.498;201.1;30.23
TUBI;31;5;0;0.902;-0.0713;401.75;376.13;388.20;25.62;34.711;117.840;7.368;-35.413;42.781;interna;16.00;-3.471;-107.662;-40.383;91.501;104.191;201.4;45.44
TUBI;31;5;0;0.902;-0.0713;401.75;376.13;388.20;25.62;34.711;117.840;7.368;-35.413;42.781;media;17.52;-10.124;-53.912;6.715;54.206;60.627;201.4;26.92
TUBI;31;5;0;0.902;-0.0713;401.75;376.13;388.20;25.62;34.711;117.840;7.368;-35.413;42.781;esterna;19.05;-11.784;-9.086;49.880;60.361;61.664;201.4;29.98
TUBI;32;5;0;0.953;-0.0713;400.28;375.17;386.99;25.11;34.710;117.840;7.368;-35.413;42.781;interna;16.00;-3.471;-106.712;-39.432;90.770;103.241;201.6;45.02
TUBI;32;5;0;0.953;-0.0713;400.28;375.17;386.99;25.11;34.710;117.840;7.368;-35.413;42.781;media;17.52;-10.085;-53.938;6.728;54.250;60.666;201.6;26.91
TUBI;32;5;0;0.953;-0.0713;400.28;375.17;386.99;25.11;34.710;117.840;7.368;-35.413;42.781;esterna;19.05;-11.784;-9.933;49.034;59.914;60.818;201.6;29.72
TUBI;33;5;0;1.007;-0.0713;398.80;374.19;385.78;24.60;34.710;117.840;7.368;-35.413;42.781;interna;16.00;-3.471;-105.763;-38.484;90.045;102.293;201.8;44.61
TUBI;33;5;0;1.007;-0.0713;398.80;374.19;385.78;24.60;34.710;117.840;7.368;-35.413;42.781;media;17.52;-10.046;-53.964;6.741;54.294;60.705;201.8;26.90
TUBI;33;5;0;1.007;-0.0713;398.80;374.19;385.78;24.60;34.710;117.840;7.368;-35.413;42.781;esterna;19.05;-11.784;-10.777;48.190;59.477;59.974;201.8;29.47
TUBI;34;5;0;1.063;-0.0713;397.30;373.21;384.56;24.09;34.709;117.840;7.368;-35.413;42.781;interna;16.00;-3.471;-104.809;-37.529;89.319;101.338;202.1;44.20
TUBI;34;5;0;1.063;-0.0713;397.30;373.21;384.56;24.09;34.709;117.840;7.368;-35.413;42.781;media;17.52;-10.007;-53.990;6.754;54.339;60.744;202.1;26.89
TUBI;34;5;0;1.063;-0.0713;397.30;373.21;384.56;24.09;34.709;117.840;7.368;-35.413;42.781;esterna;19.05;-11.784;-11.628;47.339;59.045;59.123;202.1;29.22
TUBI;35;5;0;1.122;-0.0713;395.79;372.22;383.32;23.57;34.709;117.840;7.368;-35.413;42.781;interna;16.00;-3.471;-103.840;-36.559;88.587;100.369;202.3;43.78
TUBI;35;5;0;1.122;-0.0713;395.79;372.22;383.32;23.57;34.709;117.840;7.368;-35.413;42.781;media;17.52;-9.967;-54.017;6.767;54.384;60.784;202.3;26.88
TUBI;35;5;0;1.122;-0.0713;395.79;372.22;383.32;23.57;34.709;117.840;7.368;-35.413;42.781;esterna;19.05;-11.784;-12.491;46.476;58.617;58.967;202.3;28.97
TUBI;36;5;0;1.182;-0.0713;394.26;371.22;382.07;23.05;34.708;117.840;7.368;-35.413;42.781;interna;16.00;-3.471;-102.865;-35.584;87.855;99.394;202.6;43.37
TUBI;36;5;0;1.182;-0.0713;394.26;371.22;382.07;23.05;34.708;117.840;7.368;-35.413;42.781;media;17.52;-9.927;-54.044;6.781;54.429;60.824;202.6;26.87
TUBI;36;5;0;1.182;-0.0713;394.26;371.22;382.07;23.05;34.708;117.840;7.368;-35.413;42.781;esterna;19.05;-11.784;-13.360;45.608;58.196;58.968;202.6;28.73
TUBI;37;5;0;1.246;-0.0713;392.83;370.27;380.89;22.56;34.708;117.840;7.368;-35.413;42.781;interna;16.00;-3.471;-101.953;-34.672;87.175;98.482;202.8;42.98
TUBI;37;5;0;1.246;-0.0713;392.83;370.27;380.89;22.56;34.708;117.840;7.368;-35.413;42.781;media;17.52;-9.890;-54.069;6.793;54.472;60.862;202.8;26.86
TUBI;37;5;0;1.246;-0.0713;392.83;370.27;380.89;22.56;34.708;117.840;7.368;-35.413;42.781;esterna;19.05;-11.784;-14.172;44.796;57.811;58.968;202.8;28.50
TUBI;38;5;0;1.311;-0.0713;391.28;369.25;379.62;22.03;34.707;117.840;7.368;-35.413;42.781;interna;16.00;-3.471;-100.973;-33.691;86.449;97.502;203.1;42.57
TUBI;38;5;0;1.311;-0.0713;391.28;369.25;379.62;22.03;34.707;117.840;7.368;-35.413;42.781;media;17.52;-9.850;-54.096;6.806;54.517;60.903;203.1;26.85
TUBI;38;5;0;1.311;-0.0713;391.28;369.25;379.62;22.03;34.707;117.840;7.368;-35.413;42.781;esterna;19.05;-11.784;-15.045;43.923;57.407;58.968;203.1;28.27
TUBI;39;5;0;1.380;-0.0713;389.71;368.21;378.34;21.50;34.706;117.840;7.368;-35.413;42.781;interna;16.00;-3.471;-99.979;-32.698;85.718;96.509;203.3;42.16
TUBI;39;5;0;1.380;-0.0713;389.71;368.21;378.34;21.50;34.706;117.840;7.368;-35.413;42.781;media;17.52;-9.809;-54.124;6.820;54.564;60.944;203.3;26.83
TUBI;39;5;0;1.380;-0.0713;389.71;368.21;378.34;21.50;34.706;117.840;7.368;-35.413;42.781;esterna;19.05;-11.784;-15.930;43.038;57.009;58.968;203.3;28.04
TUBI;40;5;0;1.452;-0.0713;388.13;367.17;377.04;20.96;34.706;117.840;7.368;-35.413;42.781;interna;16.00;-3.471;-98.981;-31.698;84.988;95.510;203.6;41.74
TUBI;40;5;0;1.452;-0.0713;388.13;367.17;377.04;20.96;34.706;117.840;7.368;-35.413;42.781;media;17.52;-9.768;-54.151;6.834;54.611;60.985;203.6;26.82
TUBI;40;5;0;1.452;-0.0713;388.13;367.17;377.04;20.96;34.706;117.840;7.368;-35.413;42.781;esterna;19.05;-11.784;-16.820;42.149;56.619;58.969;203.6;27.81
TUBI;41;5;0;1.526;-0.0713;386.55;366.12;375.74;20.43;34.705;117.840;7.368;-35.413;42.781;interna;16.00;-3.471;-97.984;-30.701;84.265;94.513;203.9;41.34
TUBI;41;5;0;1.526;-0.0713;386.55;366.12;375.74;20.43;34.705;117.840;7.368;-35.413;42.781;media;17.52;-9.727;-54.179;6.847;54.657;61.026;203.9;26.81
TUBI;41;5;0;1.526;-0.0713;386.55;366.12;375.74;20.43;34.705;117.840;7.368;-35.413;42.781;esterna;19.05;-11.784;-17.708;41.261;56.241;58.969;203.9;27.59
TUBI;42;5;0;1.603;-0.0713;384.95;365.06;374.43;19.88;34.704;117.840;7.368;-35.413;42.781;interna;16.00;-3.470;-96.975;-29.692;83.539;93.505;204.1;40.93
TUBI;42;5;0;1.603;-0.0713;384.95;365.06;374.43;19.88;34.704;117.840;7.368;-35.413;42.781;media;17.52;-9.686;-54.206;6.861;54.704;61.068;204.1;26.80
TUBI;42;5;0;1.603;-0.0713;384.95;365.06;374.43;19.88;34.704;117.840;7.368;-35.413;42.781;esterna;19.05;-11.784;-18.607;40.363;55.871;58.969;204.1;27.37
TUBI;43;5;0;1.684;-0.0713;383.34;363.99;373.10;19.34;34.704;117.840;7.368;-35.413;42.781;interna;16.00;-3.470;-95.963;-28.679;82.817;92.492;204.4;40.52
TUBI;43;5;0;1.684;-0.0713;383.34;363.99;373.10;19.34;34.704;117.840;7.368;-35.413;42.781;media;17.52;-9.644;-54.234;6.875;54.752;61.109;204.4;26.79
TUBI;43;5;0;1.684;-0.0713;383.34;363.99;373.10;19.34;34.704;117.840;7.368;-35.413;42.781;esterna;19.05;-11.784;-19.509;39.461;55.512;58.970;204.4;27.16
TUBI;44;5;0;1.768;-0.0713;381.72;362.92;371.77;18.80;34.703;117.840;7.368;-35.413;42.781;interna;16.00;-3.470;-94.953;-27.669;82.103;91.483;204.6;40.12
TUBI;44;5;0;1.768;-0.0713;381.72;362.92;371.77;18.80;34.703;117.840;7.368;-35.413;42.781;media;17.52;-9.603;-54.262;6.889;54.799;61.151;204.6;26.78
TUBI;44;5;0;1.768;-0.0713;381.72;362.92;371.77;18.80;34.703;117.840;7.368;-35.413;42.781;esterna;19.05;-11.784;-20.408;38.562;55.166;58.970;204.6;26.96
TUBI;45;5;0;1.855;-0.0713;380.09;361.84;370.43;18.25;34.702;117.840;7.368;-35.413;42.781;interna;16.00;-3.470;-93.935;-26.650;81.389;90.464;204.9;39.72
TUBI;45;5;0;1.855;-0.0713;380.09;361.84;370.43;18.25;34.702;117.840;7.368;-35.413;42.781;media;17.52;-9.561;-54.290;6.903;54.847;61.193;204.9;26.77
TUBI;45;5;0;1.855;-0.0713;380.09;361.84;370.43;18.25;34.702;117.840;7.368;-35.413;42.781;esterna;19.05;-11.784;-21.316;37.655;54.829;58.970;204.9;26.76
TUBI;46;5;0;1.947;-0.0713;378.45;360.75;369.09;17.71;34.702;117.840;7.368;-35.413;42.781;interna;16.00;-3.470;-92.914;-25.630;80.680;89.444;205.2;39.32
TUBI;46;5;0;1.947;-0.0713;378.45;360.75;369.09;17.71;34.702;117.840;7.368;-35.413;42.781;media;17.52;-9.519;-54.319;6.917;54.895;61.235;205.2;26.75
TUBI;46;5;0;1.947;-0.0713;378.45;360.75;369.09;17.71;34.702;117.840;7.368;-35.413;42.781;esterna;19.05;-11.784;-22.225;36.746;54.505;58.971;205.2;26.56
TUBI;47;5;0;2.041;-0.0713;376.81;359.65;367.73;17.16;34.701;117.840;7.368;-35.413;42.781;interna;16.00;-3.470;-91.893;-24.608;79.977;88.423;205.5;38.93
TUBI;47;5;0;2.041;-0.0713;376.81;359.65;367.73;17.16;34.701;117.840;7.368;-35.413;42.781;media;17.52;-9.477;-54.347;6.931;54.943;61.278;205.5;26.74
TUBI;47;5;0;2.041;-0.0713;376.81;359.65;367.73;17.16;34.701;117.840;7.368;-35.413;42.781;esterna;19.05;-11.784;-23.135;35.836;54.195;58.971;205.5;26.38
TUBI;48;5;0;2.140;-0.0713;375.17;358.56;366.38;16.61;34.700;117.840;7.368;-35.413;42.781;interna;16.00;-3.470;-90.877;-23.591;79.285;87.407;205.7;38.54
TUBI;48;5;0;2.140;-0.0713;375.17;358.56;366.38;16.61;34.700;117.840;7.368;-35.413;42.781;media;17.52;-9.436;-54.375;6.945;54.991;61.320;205.7;26.73
TUBI;48;5;0;2.140;-0.0713;375.17;358.56;366.38;16.61;34.700;117.840;7.368;-35.413;42.781;esterna;19.05;-11.784;-24.040;34.931;53.899;58.971;205.7;26.20
TUBI;49;5;0;2.243;-0.0713;373.52;357.45;365.02;16.06;34.699;117.840;7.368;-35.413;42.781;interna;16.00;-3.470;-89.856;-22.570;78.596;86.386;206.0;38.15
TUBI;49;5;0;2.243;-0.0713;373.52;357.45;365.02;16.06;34.699;117.840;7.368;-35.413;42.781;media;17.52;-9.394;-54.403;6.959;55.039;61.362;206.0;26.72
TUBI;49;5;0;2.243;-0.0713;373.52;357.45;365.02;16.06;34.699;117.840;7.368;-35.413;42.781;esterna;19.05;-11.784;-24.950;34.022;53.615;58.972;206.0;26.03
TUBI;50;5;0;2.350;-0.0713;371.87;356.35;363.66;15.52;34.698;117.840;7.368;-35.413;42.781;interna;16.00;-3.470;-88.837;-21.551;77.917;85.368;206.3;37.77
TUBI;50;5;0;2.350;-0.0713;371.87;356.35;363.66;15.52;34.698;117.840;7.368;-35.413;42.781;media;17.52;-9.352;-54.432;6.973;55.087;61.404;206.3;26.71
TUBI;50;5;0;2.350;-0.0713;371.87;356.35;363.66;15.52;34.698;117.840;7.368;-35.413;42.781;esterna;19.05;-11.784;-25.858;33.115;53.346;58.972;206.3;25.86
TUBI;51;5;0;2.461;-0.0713;370.22;355.25;362.30;14.97;34.697;117.840;7.368;-35.413;42.781;interna;16.00;-3.470;-87.822;-20.535;77.246;84.352;206.5;37.40
TUBI;51;5;0;2.461;-0.0713;370.22;355.25;362.30;14.97;34.697;117.840;7.368;-35.413;42.781;media;17.52;-9.310;-54.460;6.986;55.135;61.446;206.5;26.69
TUBI;51;5;0;2.461;-0.0713;370.22;355.25;362.30;14.97;34.697;117.840;7.368;-35.413;42.781;esterna;19.05;-11.784;-26.763;32.210;53.092;58.973;206.5;25.71
TUBI;52;5;0;2.578;-0.0713;368.57;354.14;360.94;14.43;34.697;117.840;7.368;-35.413;42.781;interna;16.00;-3.470;-86.815;-19.527;76.589;83.345;206.8;37.03
TUBI;52;5;0;2.578;-0.0713;368.57;354.14;360.94;14.43;34.697;117.840;7.368;-35.413;42.781;media;17.52;-9.269;-54.488;7.000;55.182;61.488;206.8;26.68
TUBI;52;5;0;2.578;-0.0713;368.57;354.14;360.94;14.43;34.697;117.840;7.368;-35.413;42.781;esterna;19.05;-11.784;-27.660;31.313;52.855;58.973;206.8;25.56
TUBI;53;5;0;2.698;-0.0713;366.93;353.04;359.58;13.89;34.696;117.840;7.368;-35.413;42.781;interna;16.00;-3.470;-85.808;-18.520;75.940;82.339;207.1;36.67
TUBI;53;5;0;2.698;-0.0713;366.93;353.04;359.58;13.89;34.696;117.840;7.368;-35.413;42.781;media;17.52;-9.228;-54.516;7.014;55.230;61.530;207.1;26.67
TUBI;53;5;0;2.698;-0.0713;366.93;353.04;359.58;13.89;34.696;117.840;7.368;-35.413;42.781;esterna;19.05;-11.784;-28.557;30.416;52.631;58.974;207.1;25.42
TUBI;54;5;0;2.824;-0.0713;365.29;351.94;358.23;13.35;34.695;117.840;7.368;-35.413;42.781;interna;16.00;-3.469;-84.808;-17.520;75.303;81.339;207.4;36.32
TUBI;54;5;0;2.824;-0.0713;365.29;351.94;358.23;13.35;34.695;117.840;7.368;-35.413;42.781;media;17.52;-9.187;-54.543;7.028;55.277;61.571;207.4;26.66
TUBI;54;5;0;2.824;-0.0713;365.29;351.94;358.23;13.35;34.695;117.840;7.368;-35.413;42.781;esterna;19.05;-11.784;-29.448;29.526;52.423;58.974;207.4;25.28
TUBI;55;5;0;2.955;-0.0713;363.67;350.85;356.89;12.82;34.694;117.840;7.368;-35.413;42.781;interna;16.00;-3.469;-83.820;-16.531;74.682;80.351;207.6;35.97
TUBI;55;5;0;2.955;-0.0713;363.67;350.85;356.89;12.82;34.694;117.840;7.368;-35.413;42.781;media;17.52;-9.146;-54.571;7.041;55.324;61.612;207.6;26.65
TUBI;55;5;0;2.955;-0.0713;363.67;350.85;356.89;12.82;34.694;117.840;7.368;-35.413;42.781;esterna;19.05;-11.784;-30.329;28.645;52.232;58.974;207.6;25.16
TUBI;56;5;0;3.092;-0.0713;362.05;349.76;355.55;12.30;34.693;117.840;7.368;-35.413;42.781;interna;16.00;-3.469;-82.837;-15.547;74.071;79.367;207.9;35.63
TUBI;56;5;0;3.092;-0.0713;362.05;349.76;355.55;12.30;34.693;117.840;7.368;-35.413;42.781;media;17.52;-9.106;-54.598;7.055;55.370;61.653;207.9;26.63
TUBI;56;5;0;3.092;-0.0713;362.05;349.76;355.55;12.30;34.693;117.840;7.368;-35.413;42.781;esterna;19.05;-11.784;-31.206;27.769;52.056;58.975;207.9;25.04
TUBI;57;5;0;3.234;-0.0713;360.47;348.70;354.25;11.77;34.692;117.840;7.368;-35.413;42.781;interna;16.00;-3.469;-81.861;-14.570;73.473;78.392;208.2;35.30
TUBI;57;5;0;3.234;-0.0713;360.47;348.70;354.25;11.77;34.692;117.840;7.368;-35.413;42.781;media;17.52;-9.066;-54.625;7.068;55.417;61.693;208.2;26.62
TUBI;57;5;0;3.234;-0.0713;360.47;348.70;354.25;11.77;34.692;117.840;7.368;-35.413;42.781;esterna;19.05;-11.784;-32.075;26.900;51.896;58.975;208.2;24.93
TUBI;58;5;0;3.382;-0.0713;358.87;347.61;352.91;11.26;34.691;117.840;7.368;-35.413;42.781;interna;16.00;-3.469;-80.901;-13.610;72.892;77.432;208.4;34.97
TUBI;58;5;0;3.382;-0.0713;358.87;347.61;352.91;11.26;34.691;117.840;7.368;-35.413;42.781;media;17.52;-9.027;-54.652;7.081;55.462;61.733;208.4;26.61
TUBI;58;5;0;3.382;-0.0713;358.87;347.61;352.91;11.26;34.691;117.840;7.368;-35.413;42.781;esterna;19.05;-11.784;-32.931;26.045;51.751;58.976;208.4;24.83
TUBI;59;5;0;3.536;-0.0713;357.29;346.54;351.60;10.75;34.690;117.840;7.368;-35.413;42.781;interna;16.00;-3.469;-79.957;-12.665;72.329;76.488;208.7;34.66
TUBI;59;5;0;3.536;-0.0713;357.29;346.54;351.60;10.75;34.690;117.840;7.368;-35.413;42.781;media;17.52;-8.988;-54.678;7.094;55.507;61.772;208.7;26.60
TUBI;59;5;0;3.536;-0.0713;357.29;346.54;351.60;10.75;34.690;117.840;7.368;-35.413;42.781;esterna;19.05;-11.784;-33.773;25.204;51.623;58.976;208.7;24.74
TUBI;60;5;0;3.697;-0.0713;355.72;345.47;350.30;10.25;34.688;117.840;7.368;-35.413;42.781;interna;16.00;-3.469;-79.023;-11.731;71.781;75.554;208.9;34.35
TUBI;60;5;0;3.697;-0.0713;355.72;345.47;350.30;10.25;34.688;117.840;7.368;-35.413;42.781;media;17.52;-8.950;-54.704;7.107;55.552;61.811;208.9;26.59
TUBI;60;5;0;3.697;-0.0713;355.72;345.47;350.30;10.25;34.688;117.840;7.368;-35.413;42.781;esterna;19.05;-11.784;-34.605;24.372;51.509;58.977;208.9;24.65
TUBI;61;5;0;3.864;-0.0713;354.18;344.43;349.02;9.76;34.687;117.840;7.368;-35.413;42.781;interna;16.00;-3.469;-78.107;-10.814;71.250;74.638;209.2;34.06
TUBI;61;5;0;3.864;-0.0713;354.18;344.43;349.02;9.76;34.687;117.840;7.368;-35.413;42.781;media;17.52;-8.912;-54.730;7.119;55.595;61.849;209.2;26.58
TUBI;61;5;0;3.864;-0.0713;354.18;344.43;349.02;9.76;34.687;117.840;7.368;-35.413;42.781;esterna;19.05;-11.784;-35.421;23.556;51.410;58.978;209.2;24.58
TUBI;62;5;0;4.038;-0.0713;352.67;343.40;347.76;9.27;34.686;117.840;7.368;-35.413;42.781;interna;16.00;-3.469;-77.204;-9.911;70.735;73.736;209.4;33.77
TUBI;62;5;0;4.038;-0.0713;352.67;343.40;347.76;9.27;34.686;117.840;7.368;-35.413;42.781;media;17.52;-8.875;-54.755;7.132;55.638;61.887;209.4;26.56
TUBI;62;5;0;4.038;-0.0713;352.67;343.40;347.76;9.27;34.686;117.840;7.368;-35.413;42.781;esterna;19.05;-11.784;-36.226;22.752;51.325;58.978;209.4;24.51
TUBI;63;5;0;4.219;-0.0713;351.18;342.38;346.53;8.80;34.685;117.840;7.368;-35.413;42.781;interna;16.00;-3.468;-76.322;-9.028;70.239;72.854;209.7;33.50
TUBI;63;5;0;4.219;-0.0713;351.18;342.38;346.53;8.80;34.685;117.840;7.368;-35.413;42.781;media;17.52;-8.839;-54.780;7.144;55.680;61.924;209.7;26.55
TUBI;63;5;0;4.219;-0.0713;351.18;342.38;346.53;8.80;34.685;117.840;7.368;-35.413;42.781;esterna;19.05;-11.784;-37.013;21.966;51.254;58.979;209.7;24.44
TUBI;64;5;0;4.407;-0.0713;349.73;341.39;345.32;8.33;34.684;117.840;7.368;-35.413;42.781;interna;16.00;-3.468;-75.455;-8.160;69.759;71.987;209.9;33.23
TUBI;64;5;0;4.407;-0.0713;349.73;341.39;345.32;8.33;34.684;117.840;7.368;-35.413;42.781;media;17.52;-8.803;-54.804;7.156;55.722;61.960;209.9;26.54
TUBI;64;5;0;4.407;-0.0713;349.73;341.39;345.32;8.33;34.684;117.840;7.368;-35.413;42.781;esterna;19.05;-11.784;-37.786;21.193;51.196;58.979;209.9;24.39
TUBI;65;5;0;4.604;-0.0713;348.30;340.42;344.14;7.88;34.682;117.840;7.368;-35.413;42.781;interna;16.00;-3.468;-74.611;-7.315;69.299;71.143;210.2;32.97
TUBI;65;5;0;4.604;-0.0713;348.30;340.42;344.14;7.88;34.682;117.840;7.368;-35.413;42.781;media;17.52;-8.769;-54.828;7.167;55.762;61.995;210.2;26.53
TUBI;65;5;0;4.604;-0.0713;348.30;340.42;344.14;7.88;34.682;117.840;7.368;-35.413;42.781;esterna;19.05;-11.784;-38.539;20.441;51.151;58.980;210.2;24.34
TUBI;66;5;0;4.809;-0.0713;346.92;339.48;342.98;7.44;34.681;117.840;7.368;-35.413;42.781;interna;16.00;-3.468;-73.785;-6.488;68.856;70.317;210.4;32.73
TUBI;66;5;0;4.809;-0.0713;346.92;339.48;342.98;7.44;34.681;117.840;7.368;-35.413;42.781;media;17.52;-8.735;-54.851;7.179;55.802;62.030;210.4;26.52
TUBI;66;5;0;4.809;-0.0713;346.92;339.48;342.98;7.44;34.681;117.840;7.368;-35.413;42.781;esterna;19.05;-11.784;-39.276;19.705;51.118;58.981;210.4;24.30
TUBI;67;5;0;5.022;-0.0713;345.56;338.56;341.86;7.00;34.680;117.840;7.368;-35.413;42.781;interna;16.00;-3.468;-72.983;-5.685;68.433;69.515;210.6;32.49
TUBI;67;5;0;5.022;-0.0713;345.56;338.56;341.86;7.00;34.680;117.840;7.368;-35.413;42.781;media;17.52;-8.702;-54.874;7.190;55.840;62.063;210.6;26.51
TUBI;67;5;0;5.022;-0.0713;345.56;338.56;341.86;7.00;34.680;117.840;7.368;-35.413;42.781;esterna;19.05;-11.784;-39.991;18.990;51.095;58.981;210.6;24.26
TUBI;68;5;0;5.243;-0.0713;344.25;337.66;340.76;6.59;34.678;117.840;7.368;-35.413;42.781;interna;16.00;-3.468;-72.203;-4.905;68.028;68.735;210.8;32.26
TUBI;68;5;0;5.243;-0.0713;344.25;337.66;340.76;6.59;34.678;117.840;7.368;-35.413;42.781;media;17.52;-8.670;-54.896;7.200;55.878;62.096;210.8;26.50
TUBI;68;5;0;5.243;-0.0713;344.25;337.66;340.76;6.59;34.678;117.840;7.368;-35.413;42.781;esterna;19.05;-11.784;-40.687;18.295;51.083;58.982;210.8;24.23
TUBI;69;5;0;5.474;-0.0713;342.97;336.79;339.70;6.18;34.677;117.840;7.368;-35.413;42.781;interna;16.00;-3.468;-71.447;-4.148;67.642;67.979;211.1;32.05
TUBI;69;5;0;5.474;-0.0713;342.97;336.79;339.70;6.18;34.677;117.840;7.368;-35.413;42.781;media;17.52;-8.639;-54.917;7.211;55.914;62.128;211.1;26.49
TUBI;69;5;0;5.474;-0.0713;342.97;336.79;339.70;6.18;34.677;117.840;7.368;-35.413;42.781;esterna;19.05;-11.784;-41.361;17.621;51.080;58.982;211.1;24.20
TUBI;70;5;0;5.715;-0.0713;341.74;335.95;338.68;5.79;34.675;117.840;7.368;-35.413;42.781;interna;16.00;-3.468;-70.715;-3.415;67.273;67.300;211.3;31.84
TUBI;70;5;0;5.715;-0.0713;341.74;335.95;338.68;5.79;34.675;117.840;7.368;-35.413;42.781;media;17.52;-8.609;-54.938;7.221;55.949;62.159;211.3;26.48
TUBI;70;5;0;5.715;-0.0713;341.74;335.95;338.68;5.79;34.675;117.840;7.368;-35.413;42.781;esterna;19.05;-11.784;-42.015;16.969;51.086;58.983;211.3;24.18
TUBI;71;5;0;5.965;-0.0713;340.55;335.14;337.69;5.41;34.674;117.840;7.368;-35.413;42.781;interna;16.00;-3.467;-70.008;-2.707;66.924;67.301;211.5;31.65
TUBI;71;5;0;5.965;-0.0713;340.55;335.14;337.69;5.41;34.674;117.840;7.368;-35.413;42.781;media;17.52;-8.580;-54.958;7.230;55.983;62.188;211.5;26.47
TUBI;71;5;0;5.965;-0.0713;340.55;335.14;337.69;5.41;34.674;117.840;7.368;-35.413;42.781;esterna;19.05;-11.784;-42.646;16.338;51.100;58.984;211.5;24.17
TUBI;72;5;0;6.226;-0.0713;339.40;334.36;336.73;5.04;34.672;117.840;7.368;-35.413;42.781;interna;16.00;-3.467;-69.326;-2.024;66.592;67.301;211.7;31.46
TUBI;72;5;0;6.226;-0.0713;339.40;334.36;336.73;5.04;34.672;117.840;7.368;-35.413;42.781;media;17.52;-8.552;-54.977;7.240;56.016;62.217;211.7;26.47
TUBI;72;5;0;6.226;-0.0713;339.40;334.36;336.73;5.04;34.672;117.840;7.368;-35.413;42.781;esterna;19.05;-11.784;-43.254;15.730;51.120;58.985;211.7;24.15
TUBI;73;5;0;6.498;-0.0713;338.30;333.61;335.82;4.69;34.671;117.840;7.368;-35.413;42.781;interna;16.00;-3.467;-68.670;-1.368;66.278;67.302;211.8;31.29
TUBI;73;5;0;6.498;-0.0713;338.30;333.61;335.82;4.69;34.671;117.840;7.368;-35.413;42.781;media;17.52;-8.525;-54.996;7.249;56.048;62.245;211.8;26.46
TUBI;73;5;0;6.498;-0.0713;338.30;333.61;335.82;4.69;34.671;117.840;7.368;-35.413;42.781;esterna;19.05;-11.784;-43.840;15.146;51.147;58.985;211.8;24.14
TUBI;74;5;0;6.780;-0.0713;337.24;332.89;334.94;4.35;34.669;117.840;7.368;-35.413;42.781;interna;16.00;-3.467;-68.041;-0.738;65.981;67.303;212.0;31.12
TUBI;74;5;0;6.780;-0.0713;337.24;332.89;334.94;4.35;34.669;117.840;7.368;-35.413;42.781;media;17.52;-8.499;-55.014;7.257;56.079;62.271;212.0;26.45
TUBI;74;5;0;6.780;-0.0713;337.24;332.89;334.94;4.35;34.669;117.840;7.368;-35.413;42.781;esterna;19.05;-11.784;-44.401;14.585;51.179;58.986;212.0;24.14
TUBI;75;5;0;7.075;-0.0713;336.23;332.20;334.10;4.03;34.667;117.840;7.368;-35.413;42.781;interna;16.00;-3.467;-67.439;-0.134;65.701;67.304;212.2;30.96
TUBI;75;5;0;7.075;-0.0713;336.23;332.20;334.10;4.03;34.667;117.840;7.368;-35.413;42.781;media;17.52;-8.474;-55.031;7.266;56.108;62.297;212.2;26.44
TUBI;75;5;0;7.075;-0.0713;336.23;332.20;334.10;4.03;34.667;117.840;7.368;-35.413;42.781;esterna;19.05;-11.784;-44.939;14.048;51.215;58.987;212.2;24.14
TUBI;76;5;0;7.381;-0.0713;335.26;331.54;333.29;3.72;34.666;117.840;7.368;-35.413;42.781;interna;16.00;-3.467;-66.864;0.441;65.439;67.305;212.3;30.82
TUBI;76;5;0;7.381;-0.0713;335.26;331.54;333.29;3.72;34.666;117.840;7.368;-35.413;42.781;media;17.52;-8.450;-55.048;7.273;56.136;62.322;212.3;26.44
TUBI;76;5;0;7.381;-0.0713;335.26;331.54;333.29;3.72;34.666;117.840;7.368;-35.413;42.781;esterna;19.05;-11.784;-45.452;13.536;51.255;58.988;212.3;24.14
TUBI;77;5;0;7.701;-0.0713;334.34;330.92;332.53;3.42;34.664;117.840;7.368;-35.413;42.781;interna;16.00;-3.466;-66.316;0.990;65.192;67.306;212.5;30.68
TUBI;77;5;0;7.701;-0.0713;334.34;330.92;332.53;3.42;34.664;117.840;7.368;-35.413;42.781;media;17.52;-8.428;-55.064;7.281;56.163;62.345;212.5;26.43
TUBI;77;5;0;7.701;-0.0713;334.34;330.92;332.53;3.42;34.664;117.840;7.368;-35.413;42.781;esterna;19.05;-11.784;-45.942;13.047;51.298;58.989;212.5;24.14
TUBI;78;5;0;8.033;-0.0713;333.47;330.32;331.80;3.14;34.662;117.840;7.368;-35.413;42.781;interna;16.00;-3.466;-65.796;1.511;64.962;67.307;212.6;30.55
TUBI;78;5;0;8.033;-0.0713;333.47;330.32;331.80;3.14;34.662;117.840;7.368;-35.413;42.781;media;17.52;-8.406;-55.079;7.288;56.189;62.367;212.6;26.42
TUBI;78;5;0;8.033;-0.0713;333.47;330.32;331.80;3.14;34.662;117.840;7.368;-35.413;42.781;esterna;19.05;-11.784;-46.407;12.583;51.343;58.990;212.6;24.15
TUBI;79;5;0;8.379;-0.0713;332.64;329.76;331.12;2.88;34.660;117.840;7.368;-35.413;42.781;interna;16.00;-3.466;-65.302;2.006;64.746;67.308;212.8;30.43
TUBI;79;5;0;8.379;-0.0713;332.64;329.76;331.12;2.88;34.660;117.840;7.368;-35.413;42.781;media;17.52;-8.386;-55.094;7.295;56.213;62.388;212.8;26.42
TUBI;79;5;0;8.379;-0.0713;332.64;329.76;331.12;2.88;34.660;117.840;7.368;-35.413;42.781;esterna;19.05;-11.784;-46.849;12.142;51.390;58.991;212.8;24.15
TUBI;80;5;0;8.740;-0.0713;331.86;329.23;330.47;2.63;34.658;117.840;7.368;-35.413;42.781;interna;16.00;-3.466;-64.836;2.474;64.545;67.310;212.9;30.32
TUBI;80;5;0;8.740;-0.0713;331.86;329.23;330.47;2.63;34.658;117.840;7.368;-35.413;42.781;media;17.52;-8.367;-55.107;7.301;56.236;62.409;212.9;26.41
TUBI;80;5;0;8.740;-0.0713;331.86;329.23;330.47;2.63;34.658;117.840;7.368;-35.413;42.781;esterna;19.05;-11.784;-47.266;11.726;51.438;58.991;212.9;24.16
TUBI;81;5;0;9.115;-0.0713;331.12;328.73;329.86;2.39;34.656;117.840;7.368;-35.413;42.781;interna;16.00;-3.466;-64.396;2.914;64.358;67.311;213.0;30.21
TUBI;81;5;0;9.115;-0.0713;331.12;328.73;329.86;2.39;34.656;117.840;7.368;-35.413;42.781;media;17.52;-8.349;-55.120;7.307;56.258;62.428;213.0;26.41
TUBI;81;5;0;9.115;-0.0713;331.12;328.73;329.86;2.39;34.656;117.840;7.368;-35.413;42.781;esterna;19.05;-11.784;-47.659;11.334;51.486;58.992;213.0;24.17
TUBI;82;5;0;9.506;-0.0713;330.43;328.26;329.28;2.17;34.654;117.840;7.368;-35.413;42.781;interna;16.00;-3.465;-63.983;3.329;64.185;67.312;213.1;30.11
TUBI;82;5;0;9.506;-0.0713;330.43;328.26;329.28;2.17;34.654;117.840;7.368;-35.413;42.781;media;17.52;-8.332;-55.133;7.313;56.279;62.446;213.1;26.40
TUBI;82;5;0;9.506;-0.0713;330.43;328.26;329.28;2.17;34.654;117.840;7.368;-35.413;42.781;esterna;19.05;-11.784;-48.029;10.965;51.533;58.993;213.1;24.18
TUBI;83;5;0;9.913;-0.0713;329.78;327.82;328.75;1.96;34.652;117.840;7.368;-35.413;42.781;interna;16.00;-3.465;-63.596;3.717;64.025;67.313;213.3;30.02
TUBI;83;5;0;9.913;-0.0713;329.78;327.82;328.75;1.96;34.652;117.840;7.368;-35.413;42.781;media;17.52;-8.316;-55.144;7.318;56.298;62.463;213.3;26.40
TUBI;83;5;0;9.913;-0.0713;329.78;327.82;328.75;1.96;34.652;117.840;7.368;-35.413;42.781;esterna;19.05;-11.784;-48.375;10.619;51.581;58.994;213.3;24.19
TUBI;84;5;0;10.337;-0.0713;329.18;327.41;328.24;1.76;34.650;117.840;7.368;-35.413;42.781;interna;16.00;-3.465;-63.235;4.080;63.877;67.315;213.4;29.94
TUBI;84;5;0;10.337;-0.0713;329.18;327.41;328.24;1.76;34.650;117.840;7.368;-35.413;42.781;media;17.52;-8.301;-55.156;7.323;56.316;62.479;213.4;26.40
TUBI;84;5;0;10.337;-0.0713;329.18;327.41;328.24;1.76;34.650;117.840;7.368;-35.413;42.781;esterna;19.05;-11.784;-48.700;10.296;51.627;58.995;213.4;24.20
TUBI;85;5;0;10.778;-0.0713;328.61;327.03;327.78;1.58;34.647;117.840;7.368;-35.413;42.781;interna;16.00;-3.465;-62.898;4.418;63.741;67.316;213.4;29.86
TUBI;85;5;0;10.778;-0.0713;328.61;327.03;327.78;1.58;34.647;117.840;7.368;-35.413;42.781;media;17.52;-8.287;-55.166;7.328;56.334;62.494;213.4;26.39
TUBI;85;5;0;10.778;-0.0713;328.61;327.03;327.78;1.58;34.647;117.840;7.368;-35.413;42.781;esterna;19.05;-11.784;-49.001;9.995;51.672;58.997;213.4;24.21
TUBI;86;5;0;11.238;-0.0713;328.09;326.68;327.34;1.42;34.645;117.840;7.368;-35.413;42.781;interna;16.00;-3.465;-62.586;4.731;63.616;67.317;213.5;29.79
TUBI;86;5;0;11.238;-0.0713;328.09;326.68;327.34;1.42;34.645;117.840;7.368;-35.413;42.781;media;17.52;-8.274;-55.176;7.332;56.350;62.508;213.5;26.39
TUBI;86;5;0;11.238;-0.0713;328.09;326.68;327.34;1.42;34.645;117.840;7.368;-35.413;42.781;esterna;19.05;-11.784;-49.282;9.716;51.716;58.998;213.5;24.22
TUBI;87;5;0;11.716;-0.0713;327.61;326.35;326.94;1.26;34.643;117.840;7.368;-35.413;42.781;interna;16.00;-3.464;-62.297;5.021;63.502;67.319;213.6;29.73
TUBI;87;5;0;11.716;-0.0713;327.61;326.35;326.94;1.26;34.643;117.840;7.368;-35.413;42.781;media;17.52;-8.262;-55.185;7.336;56.365;62.521;213.6;26.39
TUBI;87;5;0;11.716;-0.0713;327.61;326.35;326.94;1.26;34.643;117.840;7.368;-35.413;42.781;esterna;19.05;-11.784;-49.541;9.458;51.758;58.999;213.6;24.23
TUBI;88;5;0;12.214;-0.0713;327.16;326.05;326.57;1.12;34.640;117.840;7.368;-35.413;42.781;interna;16.00;-3.464;-62.031;5.289;63.399;67.320;213.7;29.67
TUBI;88;5;0;12.214;-0.0713;327.16;326.05;326.57;1.12;34.640;117.840;7.368;-35.413;42.781;media;17.52;-8.251;-55.193;7.340;56.379;62.533;213.7;26.38
TUBI;88;5;0;12.214;-0.0713;327.16;326.05;326.57;1.12;34.640;117.840;7.368;-35.413;42.781;esterna;19.05;-11.784;-49.780;9.220;51.797;59.000;213.7;24.24
TUBI;89;5;0;12.733;-0.0713;326.75;325.77;326.23;0.98;34.638;117.840;7.368;-35.413;42.781;interna;16.00;-3.464;-61.788;5.533;63.304;67.322;213.8;29.62
TUBI;89;5;0;12.733;-0.0713;326.75;325.77;326.23;0.98;34.638;117.840;7.368;-35.413;42.781;media;17.52;-8.241;-55.202;7.343;56.392;62.545;213.8;26.38
TUBI;89;5;0;12.733;-0.0713;326.75;325.77;326.23;0.98;34.638;117.840;7.368;-35.413;42.781;esterna;19.05;-11.784;-49.999;9.002;51.834;59.001;213.8;24.25
TUBI;0;6;0;0.007;0.0713;342.99;336.83;339.73;6.16;34.740;117.840;7.256;-35.525;42.781;interna;16.00;-3.474;-71.374;-4.224;67.528;67.900;211.1;32.00
TUBI;0;6;0;0.007;0.0713;342.99;336.83;339.73;6.16;34.740;117.840;7.256;-35.525;42.781;media;17.52;-8.640;-54.885;7.099;55.805;61.984;211.1;26.44
TUBI;0;6;0;0.007;0.0713;342.99;336.83;339.73;6.16;34.740;117.840;7.256;-35.525;42.781;esterna;19.05;-11.784;-41.364;17.476;50.957;58.840;211.1;24.14
TUBI;1;6;0;0.022;0.0713;342.97;336.81;339.71;6.15;34.725;117.840;7.256;-35.525;42.781;interna;16.00;-3.472;-71.372;-4.213;67.532;67.899;211.1;32.00
TUBI;1;6;0;0.022;0.0713;342.97;336.81;339.71;6.15;34.725;117.840;7.256;-35.525;42.781;media;17.52;-8.639;-54.893;7.099;55.813;61.992;211.1;26.44
TUBI;1;6;0;0.022;0.0713;342.97;336.81;339.71;6.15;34.725;117.840;7.256;-35.525;42.781;esterna;19.05;-11.784;-41.381;17.466;50.963;58.847;211.1;24.15
TUBI;2;6;0;0.037;0.0713;342.95;336.80;339.69;6.15;34.725;117.840;7.256;-35.525;42.781;interna;16.00;-3.472;-71.360;-4.201;67.526;67.888;211.1;31.99
TUBI;2;6;0;0.037;0.0713;342.95;336.80;339.69;6.15;34.725;117.840;7.256;-35.525;42.781;media;17.52;-8.638;-54.894;7.099;55.814;61.993;211.1;26.44
TUBI;2;6;0;0.037;0.0713;342.95;336.80;339.69;6.15;34.725;117.840;7.256;-35.525;42.781;esterna;19.05;-11.784;-41.391;17.456;50.964;58.847;211.1;24.15
TUBI;3;6;0;0.053;0.0713;342.93;336.78;339.68;6.14;34.724;117.840;7.256;-35.525;42.781;interna;16.00;-3.472;-71.348;-4.189;67.520;67.876;211.1;31.99
TUBI;3;6;0;0.053;0.0713;342.93;336.78;339.68;6.14;34.724;117.840;7.256;-35.525;42.781;media;17.52;-8.638;-54.894;7.099;55.815;61.994;211.1;26.44
TUBI;3;6;0;0.053;0.0713;342.93;336.78;339.68;6.14;34.724;117.840;7.256;-35.525;42.781;esterna;19.05;-11.784;-41.402;17.445;50.964;58.848;211.1;24.15
TUBI;4;6;0;0.070;0.0713;342.78;336.68;339.55;6.09;34.724;117.840;7.256;-35.525;42.781;interna;16.00;-3.472;-71.258;-4.098;67.475;67.785;211.1;31.96
TUBI;4;6;0;0.070;0.0713;342.78;336.68;339.55;6.09;34.724;117.840;7.256;-35.525;42.781;media;17.52;-8.634;-54.897;7.101;55.819;61.998;211.1;26.44
TUBI;4;6;0;0.070;0.0713;342.78;336.68;339.55;6.09;34.724;117.840;7.256;-35.525;42.781;esterna;19.05;-11.784;-41.483;17.364;50.964;58.848;211.1;24.14
TUBI;5;6;0;0.087;0.0713;342.65;336.60;339.45;6.05;34.723;117.840;7.256;-35.525;42.781;interna;16.00;-3.472;-71.186;-4.026;67.438;67.713;211.1;31.94
TUBI;5;6;0;0.087;0.0713;342.65;336.60;339.45;6.05;34.723;117.840;7.256;-35.525;42.781;media;17.52;-8.631;-54.899;7.102;55.823;62.001;211.1;26.44
TUBI;5;6;0;0.087;0.0713;342.65;336.60;339.45;6.05;34.723;117.840;7.256;-35.525;42.781;esterna;19.05;-11.784;-41.548;17.300;50.965;58.848;211.1;24.14
TUBI;6;6;0;0.105;0.0713;342.55;336.53;339.36;6.02;34.723;117.840;7.256;-35.525;42.781;interna;16.00;-3.472;-71.125;-3.965;67.408;67.652;211.1;31.93
TUBI;6;6;0;0.105;0.0713;342.55;336.53;339.36;6.02;34.723;117.840;7.256;-35.525;42.781;media;17.52;-8.629;-54.901;7.102;55.826;62.004;211.1;26.44
TUBI;6;6;0;0.105;0.0713;342.55;336.53;339.36;6.02;34.723;117.840;7.256;-35.525;42.781;esterna;19.05;-11.784;-41.603;17.246;50.966;58.848;211.1;24.14
TUBI;7;6;0;0.124;0.0713;342.46;336.47;339.29;5.99;34.722;117.840;7.256;-35.525;42.781;interna;16.00;-3.472;-71.071;-3.911;67.381;67.599;211.1;31.91
TUBI;7;6;0;0.124;0.0713;342.46;336.47;339.29;5.99;34.722;117.840;7.256;-35.525;42.781;media;17.52;-8.626;-54.903;7.103;55.829;62.006;211.1;26.44
TUBI;7;6;0;0.124;0.0713;342.46;336.47;339.29;5.99;34.722;117.840;7.256;-35.525;42.781;esterna;19.05;-11.784;-41.651;17.198;50.966;58.848;211.1;24.14
TUBI;8;6;0;0.144;0.0713;342.38;336.41;339.22;5.97;34.722;117.840;7.256;-35.525;42.781;interna;16.00;-3.472;-71.024;-3.863;67.357;67.552;211.2;31.90
TUBI;8;6;0;0.144;0.0713;342.38;336.41;339.22;5.97;34.722;117.840;7.256;-35.525;42.781;media;17.52;-8.624;-54.904;7.104;55.831;62.008;211.2;26.44
TUBI;8;6;0;0.144;0.0713;342.38;336.41;339.22;5.97;34.722;117.840;7.256;-35.525;42.781;esterna;19.05;-11.784;-41.693;17.155;50.967;58.849;211.2;24.14
TUBI;9;6;0;0.164;0.0713;342.30;336.36;339.16;5.94;34.721;117.840;7.256;-35.525;42.781;interna;16.00;-3.472;-70.980;-3.819;67.335;67.508;211.2;31.89
TUBI;9;6;0;0.164;0.0713;342.30;336.36;339.16;5.94;34.721;117.840;7.256;-35.525;42.781;media;17.52;-8.623;-54.906;7.104;55.834;62.010;211.2;26.44
TUBI;9;6;0;0.164;0.0713;342.30;336.36;339.16;5.94;34.721;117.840;7.256;-35.525;42.781;esterna;19.05;-11.784;-41.733;17.116;50.967;58.849;211.2;24.14
TUBI;10;6;0;0.185;0.0713;342.23;336.31;339.10;5.92;34.721;117.840;7.256;-35.525;42.781;interna;16.00;-3.472;-70.940;-3.779;67.315;67.468;211.2;31.88
TUBI;10;6;0;0.185;0.0713;342.23;336.31;339.10;5.92;34.721;117.840;7.256;-35.525;42.781;media;17.52;-8.621;-54.907;7.105;55.836;62.012;211.2;26.44
TUBI;10;6;0;0.185;0.0713;342.23;336.31;339.10;5.92;34.721;117.840;7.256;-35.525;42.781;esterna;19.05;-11.784;-41.769;17.080;50.968;58.849;211.2;24.13
TUBI;11;6;0;0.207;0.0713;431.35;395.28;412.27;36.08;34.717;117.840;7.256;-35.525;42.781;interna;16.00;-3.472;-127.136;-59.973;107.229;123.664;196.5;54.56
TUBI;11;6;0;0.207;0.0713;431.35;395.28;412.27;36.08;34.717;117.840;7.256;-35.525;42.781;media;17.52;-10.921;-53.377;6.336;53.226;59.713;196.5;27.08
TUBI;11;6;0;0.207;0.0713;431.35;395.28;412.27;36.08;34.717;117.840;7.256;-35.525;42.781;esterna;19.05;-11.784;8.258;67.109;71.025;78.893;196.5;36.14
TUBI;12;6;0;0.230;0.0713;429.57;394.14;410.83;35.44;34.717;117.840;7.256;-35.525;42.781;interna;16.00;-3.472;-125.947;-58.783;106.232;122.475;196.8;53.97
TUBI;12;6;0;0.230;0.0713;429.57;394.14;410.83;35.44;34.717;117.840;7.256;-35.525;42.781;media;17.52;-10.873;-53.410;6.352;53.281;59.762;196.8;27.07
TUBI;12;6;0;0.230;0.0713;429.57;394.14;410.83;35.44;34.717;117.840;7.256;-35.525;42.781;esterna;19.05;-11.784;7.199;66.050;70.292;77.834;196.8;35.71
TUBI;13;6;0;0.254;0.0713;427.88;393.05;409.46;34.83;34.717;117.840;7.256;-35.525;42.781;interna;16.00;-3.472;-124.817;-57.653;105.288;121.345;197.1;53.42
TUBI;13;6;0;0.254;0.0713;427.88;393.05;409.46;34.83;34.717;117.840;7.256;-35.525;42.781;media;17.52;-10.826;-53.441;6.368;53.332;59.809;197.1;27.06
TUBI;13;6;0;0.254;0.0713;427.88;393.05;409.46;34.83;34.717;117.840;7.256;-35.525;42.781;esterna;19.05;-11.784;6.193;65.044;69.603;76.828;197.1;35.31
TUBI;14;6;0;0.279;0.0713;426.26;392.01;408.14;34.25;34.717;117.840;7.256;-35.525;42.781;interna;16.00;-3.472;-123.734;-56.570;104.387;120.262;197.4;52.89
TUBI;14;6;0;0.279;0.0713;426.26;392.01;408.14;34.25;34.717;117.840;7.256;-35.525;42.781;media;17.52;-10.782;-53.470;6.383;53.382;59.853;197.4;27.05
TUBI;14;6;0;0.279;0.0713;426.26;392.01;408.14;34.25;34.717;117.840;7.256;-35.525;42.781;esterna;19.05;-11.784;5.228;64.079;68.950;75.863;197.4;34.93
TUBI;15;6;0;0.305;0.0713;424.70;391.00;406.87;33.69;34.716;117.840;7.256;-35.525;42.781;interna;16.00;-3.472;-122.700;-55.537;103.530;119.228;197.6;52.39
TUBI;15;6;0;0.305;0.0713;424.70;391.00;406.87;33.69;34.716;117.840;7.256;-35.525;42.781;media;17.52;-10.740;-53.499;6.397;53.430;59.895;197.6;27.04
TUBI;15;6;0;0.305;0.0713;424.70;391.00;406.87;33.69;34.716;117.840;7.256;-35.525;42.781;esterna;19.05;-11.784;4.308;63.159;68.333;74.943;197.6;34.58
TUBI;16;6;0;0.332;0.0713;423.17;390.02;405.64;33.15;34.716;117.840;7.256;-35.525;42.781;interna;16.00;-3.472;-121.685;-54.521;102.692;118.213;197.9;51.90
TUBI;16;6;0;0.332;0.0713;423.17;390.02;405.64;33.15;34.716;117.840;7.256;-35.525;42.781;media;17.52;-10.698;-53.527;6.411;53.476;59.937;197.9;27.03
TUBI;16;6;0;0.332;0.0713;423.17;390.02;405.64;33.15;34.716;117.840;7.256;-35.525;42.781;esterna;19.05;-11.784;3.404;62.255;67.735;74.039;197.9;34.23
TUBI;17;6;0;0.360;0.0713;421.69;389.07;404.43;32.62;34.716;117.840;7.256;-35.525;42.781;interna;16.00;-3.472;-120.705;-53.541;101.886;117.234;198.1;51.43
TUBI;17;6;0;0.360;0.0713;421.69;389.07;404.43;32.62;34.716;117.840;7.256;-35.525;42.781;media;17.52;-10.658;-53.553;6.424;53.522;59.977;198.1;27.02
TUBI;17;6;0;0.360;0.0713;421.69;389.07;404.43;32.62;34.716;117.840;7.256;-35.525;42.781;esterna;19.05;-11.784;2.531;61.383;67.163;73.167;198.1;33.90
TUBI;18;6;0;0.390;0.0713;420.22;388.12;403.24;32.10;34.716;117.840;7.256;-35.525;42.781;interna;16.00;-3.472;-119.733;-52.569;101.090;116.262;198.4;50.97
TUBI;18;6;0;0.390;0.0713;420.22;388.12;403.24;32.10;34.716;117.840;7.256;-35.525;42.781;media;17.52;-10.618;-53.580;6.437;53.566;60.017;198.4;27.01
TUBI;18;6;0;0.390;0.0713;420.22;388.12;403.24;32.10;34.716;117.840;7.256;-35.525;42.781;esterna;19.05;-11.784;1.666;60.517;66.603;72.301;198.4;33.58
TUBI;19;6;0;0.420;0.0713;418.79;387.19;402.07;31.59;34.715;117.840;7.256;-35.525;42.781;interna;16.00;-3.472;-118.787;-51.623;100.318;115.316;198.6;50.52
TUBI;19;6;0;0.420;0.0713;418.79;387.19;402.07;31.59;34.715;117.840;7.256;-35.525;42.781;media;17.52;-10.579;-53.606;6.450;53.610;60.056;198.6;27.00
TUBI;19;6;0;0.420;0.0713;418.79;387.19;402.07;31.59;34.715;117.840;7.256;-35.525;42.781;esterna;19.05;-11.784;0.823;59.675;66.064;71.459;198.6;33.27
TUBI;20;6;0;0.452;0.0713;417.36;386.27;400.92;31.09;34.715;117.840;7.256;-35.525;42.781;interna;16.00;-3.471;-117.852;-50.688;99.557;114.380;198.8;50.07
TUBI;20;6;0;0.452;0.0713;417.36;386.27;400.92;31.09;34.715;117.840;7.256;-35.525;42.781;media;17.52;-10.541;-53.632;6.463;53.653;60.095;198.8;26.99
TUBI;20;6;0;0.452;0.0713;417.36;386.27;400.92;31.09;34.715;117.840;7.256;-35.525;42.781;esterna;19.05;-11.784;-0.010;58.842;65.537;70.626;198.8;32.96
TUBI;21;6;0;0.485;0.0713;415.95;385.36;399.77;30.59;34.715;117.840;7.256;-35.525;42.781;interna;16.00;-3.471;-116.915;-49.750;98.798;113.443;199.0;49.64
TUBI;21;6;0;0.485;0.0713;415.95;385.36;399.77;30.59;34.715;117.840;7.256;-35.525;42.781;media;17.52;-10.503;-53.657;6.476;53.696;60.133;199.0;26.98
TUBI;21;6;0;0.485;0.0713;415.95;385.36;399.77;30.59;34.715;117.840;7.256;-35.525;42.781;esterna;19.05;-11.784;-0.845;58.007;65.016;69.791;199.0;32.66
TUBI;22;6;0;0.520;0.0713;414.54;384.45;398.62;30.09;34.714;117.840;7.256;-35.525;42.781;interna;16.00;-3.471;-115.993;-48.829;98.055;112.522;199.3;49.21
TUBI;22;6;0;0.520;0.0713;414.54;384.45;398.62;30.09;34.714;117.840;7.256;-35.525;42.781;media;17.52;-10.465;-53.683;6.488;53.739;60.171;199.3;26.97
TUBI;22;6;0;0.520;0.0713;414.54;384.45;398.62;30.09;34.714;117.840;7.256;-35.525;42.781;esterna;19.05;-11.784;-1.665;57.187;64.510;68.971;199.3;32.37
TUBI;23;6;0;0.556;0.0713;413.14;383.54;397.48;29.60;34.714;117.840;7.256;-35.525;42.781;interna;16.00;-3.471;-115.076;-47.911;97.318;111.604;199.5;48.78
TUBI;23;6;0;0.556;0.0713;413.14;383.54;397.48;29.60;34.714;117.840;7.256;-35.525;42.781;media;17.52;-10.427;-53.708;6.501;53.781;60.209;199.5;26.96
TUBI;23;6;0;0.556;0.0713;413.14;383.54;397.48;29.60;34.714;117.840;7.256;-35.525;42.781;esterna;19.05;-11.784;-2.483;56.370;64.012;68.154;199.5;32.09
TUBI;24;6;0;0.593;0.0713;411.73;382.63;396.34;29.10;34.714;117.840;7.256;-35.525;42.781;interna;16.00;-3.471;-114.150;-46.985;96.577;110.678;199.7;48.35
TUBI;24;6;0;0.593;0.0713;411.73;382.63;396.34;29.10;34.714;117.840;7.256;-35.525;42.781;media;17.52;-10.389;-53.733;6.514;53.824;60.247;199.7;26.95
TUBI;24;6;0;0.593;0.0713;411.73;382.63;396.34;29.10;34.714;117.840;7.256;-35.525;42.781;esterna;19.05;-11.784;-3.307;55.545;63.517;67.329;199.7;31.80
TUBI;25;6;0;0.632;0.0713;410.33;381.71;395.19;28.61;34.713;117.840;7.256;-35.525;42.781;interna;16.00;-3.471;-113.234;-46.069;95.848;109.763;200.0;47.93
TUBI;25;6;0;0.632;0.0713;410.33;381.71;395.19;28.61;34.713;117.840;7.256;-35.525;42.781;media;17.52;-10.352;-53.759;6.526;53.867;60.285;200.0;26.94
TUBI;25;6;0;0.632;0.0713;410.33;381.71;395.19;28.61;34.713;117.840;7.256;-35.525;42.781;esterna;19.05;-11.784;-4.123;54.730;63.033;66.514;200.0;31.52
TUBI;26;6;0;0.672;0.0713;408.92;380.80;394.04;28.12;34.713;117.840;7.256;-35.525;42.781;interna;16.00;-3.471;-112.317;-45.151;95.121;108.846;200.2;47.51
TUBI;26;6;0;0.672;0.0713;408.92;380.80;394.04;28.12;34.713;117.840;7.256;-35.525;42.781;media;17.52;-10.314;-53.784;6.539;53.909;60.323;200.2;26.93
TUBI;26;6;0;0.672;0.0713;408.92;380.80;394.04;28.12;34.713;117.840;7.256;-35.525;42.781;esterna;19.05;-11.784;-4.940;53.913;62.557;65.697;200.2;31.25
TUBI;27;6;0;0.715;0.0713;407.50;379.88;392.89;27.62;34.712;117.840;7.256;-35.525;42.781;interna;16.00;-3.471;-111.388;-44.222;94.388;107.917;200.4;47.09
TUBI;27;6;0;0.715;0.0713;407.50;379.88;392.89;27.62;34.712;117.840;7.256;-35.525;42.781;media;17.52;-10.276;-53.809;6.552;53.952;60.361;200.4;26.92
TUBI;27;6;0;0.715;0.0713;407.50;379.88;392.89;27.62;34.712;117.840;7.256;-35.525;42.781;esterna;19.05;-11.784;-5.767;53.086;62.081;64.870;200.4;30.97
TUBI;28;6;0;0.759;0.0713;406.08;378.95;391.73;27.13;34.712;117.840;7.256;-35.525;42.781;interna;16.00;-3.471;-110.466;-43.300;93.663;106.995;200.7;46.68
TUBI;28;6;0;0.759;0.0713;406.08;378.95;391.73;27.13;34.712;117.840;7.256;-35.525;42.781;media;17.52;-10.239;-53.835;6.564;53.995;60.399;200.7;26.91
TUBI;28;6;0;0.759;0.0713;406.08;378.95;391.73;27.13;34.712;117.840;7.256;-35.525;42.781;esterna;19.05;-11.784;-6.589;52.265;61.615;64.049;200.7;30.71
TUBI;29;6;0;0.804;0.0713;404.64;378.02;390.56;26.63;34.712;117.840;7.256;-35.525;42.781;interna;16.00;-3.471;-109.539;-42.373;92.938;106.068;200.9;46.26
TUBI;29;6;0;0.804;0.0713;404.64;378.02;390.56;26.63;34.712;117.840;7.256;-35.525;42.781;media;17.52;-10.201;-53.860;6.577;54.038;60.437;200.9;26.90
TUBI;29;6;0;0.804;0.0713;404.64;378.02;390.56;26.63;34.712;117.840;7.256;-35.525;42.781;esterna;19.05;-11.784;-7.414;51.439;61.156;63.223;200.9;30.44
TUBI;30;6;0;0.852;0.0713;403.20;377.07;389.38;26.12;34.711;117.840;7.256;-35.525;42.781;interna;16.00;-3.471;-108.599;-41.432;92.207;105.127;201.1;45.85
TUBI;30;6;0;0.852;0.0713;403.20;377.07;389.38;26.12;34.711;117.840;7.256;-35.525;42.781;media;17.52;-10.162;-53.886;6.590;54.082;60.476;201.1;26.89
TUBI;30;6;0;0.852;0.0713;403.20;377.07;389.38;26.12;34.711;117.840;7.256;-35.525;42.781;esterna;19.05;-11.784;-8.252;50.602;60.697;62.386;201.1;30.18
TUBI;31;6;0;0.902;0.0713;401.74;376.12;388.19;25.62;34.711;117.840;7.256;-35.525;42.781;interna;16.00;-3.471;-107.662;-40.495;91.482;104.191;201.4;45.43
TUBI;31;6;0;0.902;0.0713;401.74;376.12;388.19;25.62;34.711;117.840;7.256;-35.525;42.781;media;17.52;-10.124;-53.912;6.603;54.126;60.514;201.4;26.88
TUBI;31;6;0;0.902;0.0713;401.74;376.12;388.19;25.62;34.711;117.840;7.256;-35.525;42.781;esterna;19.05;-11.784;-9.086;49.768;60.248;61.552;201.4;29.92
TUBI;32;6;0;0.953;0.0713;400.28;375.17;386.99;25.11;34.710;117.840;7.256;-35.525;42.781;interna;16.00;-3.471;-106.710;-39.543;90.750;103.239;201.6;45.01
TUBI;32;6;0;0.953;0.0713;400.28;375.17;386.99;25.11;34.710;117.840;7.256;-35.525;42.781;media;17.52;-10.085;-53.938;6.616;54.170;60.554;201.6;26.87
TUBI;32;6;0;0.953;0.0713;400.28;375.17;386.99;25.11;34.710;117.840;7.256;-35.525;42.781;esterna;19.05;-11.784;-9.934;48.920;59.801;60.704;201.6;29.66
TUBI;33;6;0;1.007;0.0713;398.80;374.20;385.78;24.60;34.710;117.840;7.256;-35.525;42.781;interna;16.00;-3.471;-105.762;-38.594;90.024;102.291;201.8;44.60
TUBI;33;6;0;1.007;0.0713;398.80;374.20;385.78;24.60;34.710;117.840;7.256;-35.525;42.781;media;17.52;-10.046;-53.964;6.629;54.214;60.593;201.8;26.86
TUBI;33;6;0;1.007;0.0713;398.80;374.20;385.78;24.60;34.710;117.840;7.256;-35.525;42.781;esterna;19.05;-11.784;-10.779;48.076;59.363;59.860;201.8;29.41
TUBI;34;6;0;1.063;0.0713;397.31;373.22;384.56;24.09;34.709;117.840;7.256;-35.525;42.781;interna;16.00;-3.471;-104.806;-37.639;89.297;101.336;202.1;44.19
TUBI;34;6;0;1.063;0.0713;397.31;373.22;384.56;24.09;34.709;117.840;7.256;-35.525;42.781;media;17.52;-10.007;-53.990;6.642;54.259;60.632;202.1;26.85
TUBI;34;6;0;1.063;0.0713;397.31;373.22;384.56;24.09;34.709;117.840;7.256;-35.525;42.781;esterna;19.05;-11.784;-11.630;47.225;58.932;59.009;202.1;29.16
TUBI;35;6;0;1.122;0.0713;395.80;372.23;383.33;23.57;34.709;117.840;7.256;-35.525;42.781;interna;16.00;-3.471;-103.837;-36.669;88.564;100.366;202.3;43.77
TUBI;35;6;0;1.122;0.0713;395.80;372.23;383.33;23.57;34.709;117.840;7.256;-35.525;42.781;media;17.52;-9.967;-54.017;6.655;54.304;60.672;202.3;26.84
TUBI;35;6;0;1.122;0.0713;395.80;372.23;383.33;23.57;34.709;117.840;7.256;-35.525;42.781;esterna;19.05;-11.784;-12.494;46.361;58.503;58.855;202.3;28.91
TUBI;36;6;0;1.182;0.0713;394.28;371.23;382.09;23.05;34.708;117.840;7.256;-35.525;42.781;interna;16.00;-3.471;-102.869;-35.700;87.836;99.398;202.6;43.36
TUBI;36;6;0;1.182;0.0713;394.28;371.23;382.09;23.05;34.708;117.840;7.256;-35.525;42.781;media;17.52;-9.927;-54.044;6.668;54.349;60.712;202.6;26.83
TUBI;36;6;0;1.182;0.0713;394.28;371.23;382.09;23.05;34.708;117.840;7.256;-35.525;42.781;esterna;19.05;-11.784;-13.356;45.499;58.085;58.855;202.6;28.67
TUBI;37;6;0;1.246;0.0713;392.85;370.29;380.91;22.55;34.708;117.840;7.256;-35.525;42.781;interna;16.00;-3.471;-101.949;-34.780;87.149;98.478;202.8;42.97
TUBI;37;6;0;1.246;0.0713;392.85;370.29;380.91;22.55;34.708;117.840;7.256;-35.525;42.781;media;17.52;-9.890;-54.069;6.681;54.392;60.750;202.8;26.82
TUBI;37;6;0;1.246;0.0713;392.85;370.29;380.91;22.55;34.708;117.840;7.256;-35.525;42.781;esterna;19.05;-11.784;-14.175;44.680;57.697;58.855;202.8;28.45
TUBI;38;6;0;1.311;0.0713;391.30;369.27;379.65;22.03;34.707;117.840;7.256;-35.525;42.781;interna;16.00;-3.471;-100.968;-33.799;86.421;97.498;203.1;42.56
TUBI;38;6;0;1.311;0.0713;391.30;369.27;379.65;22.03;34.707;117.840;7.256;-35.525;42.781;media;17.52;-9.849;-54.096;6.694;54.438;60.790;203.1;26.81
TUBI;38;6;0;1.311;0.0713;391.30;369.27;379.65;22.03;34.707;117.840;7.256;-35.525;42.781;esterna;19.05;-11.784;-15.049;43.807;57.293;58.856;203.1;28.21
TUBI;39;6;0;1.380;0.0713;389.74;368.25;378.37;21.49;34.706;117.840;7.256;-35.525;42.781;interna;16.00;-3.471;-99.975;-32.805;85.689;96.504;203.3;42.14
TUBI;39;6;0;1.380;0.0713;389.74;368.25;378.37;21.49;34.706;117.840;7.256;-35.525;42.781;media;17.52;-9.809;-54.124;6.708;54.484;60.831;203.3;26.80
TUBI;39;6;0;1.380;0.0713;389.74;368.25;378.37;21.49;34.706;117.840;7.256;-35.525;42.781;esterna;19.05;-11.784;-15.934;42.922;56.894;58.856;203.3;27.98
TUBI;40;6;0;1.452;0.0713;388.17;367.21;377.08;20.96;34.706;117.840;7.256;-35.525;42.781;interna;16.00;-3.471;-98.975;-31.806;84.958;95.505;203.6;41.73
TUBI;40;6;0;1.452;0.0713;388.17;367.21;377.08;20.96;34.706;117.840;7.256;-35.525;42.781;media;17.52;-9.768;-54.151;6.721;54.531;60.873;203.6;26.79
TUBI;40;6;0;1.452;0.0713;388.17;367.21;377.08;20.96;34.706;117.840;7.256;-35.525;42.781;esterna;19.05;-11.784;-16.825;42.032;56.505;58.856;203.6;27.76
TUBI;41;6;0;1.526;0.0713;386.59;366.17;375.78;20.42;34.705;117.840;7.256;-35.525;42.781;interna;16.00;-3.471;-97.978;-30.808;84.234;94.507;203.8;41.32
TUBI;41;6;0;1.526;0.0713;386.59;366.17;375.78;20.42;34.705;117.840;7.256;-35.525;42.781;media;17.52;-9.727;-54.179;6.735;54.578;60.914;203.8;26.77
TUBI;41;6;0;1.526;0.0713;386.59;366.17;375.78;20.42;34.705;117.840;7.256;-35.525;42.781;esterna;19.05;-11.784;-17.713;41.143;56.127;58.857;203.8;27.53
TUBI;42;6;0;1.603;0.0713;384.99;365.11;374.48;19.88;34.704;117.840;7.256;-35.525;42.781;interna;16.00;-3.470;-96.969;-29.799;83.508;93.499;204.1;40.91
TUBI;42;6;0;1.603;0.0713;384.99;365.11;374.48;19.88;34.704;117.840;7.256;-35.525;42.781;media;17.52;-9.685;-54.207;6.749;54.625;60.955;204.1;26.76
TUBI;42;6;0;1.603;0.0713;384.99;365.11;374.48;19.88;34.704;117.840;7.256;-35.525;42.781;esterna;19.05;-11.784;-18.612;40.245;55.757;58.857;204.1;27.32
TUBI;43;6;0;1.684;0.0713;383.39;364.05;373.16;19.34;34.704;117.840;7.256;-35.525;42.781;interna;16.00;-3.470;-95.956;-28.785;82.784;92.486;204.4;40.51
TUBI;43;6;0;1.684;0.0713;383.39;364.05;373.16;19.34;34.704;117.840;7.256;-35.525;42.781;media;17.52;-9.644;-54.235;6.763;54.673;60.997;204.4;26.75
TUBI;43;6;0;1.684;0.0713;383.39;364.05;373.16;19.34;34.704;117.840;7.256;-35.525;42.781;esterna;19.05;-11.784;-19.514;39.343;55.398;58.857;204.4;27.11
TUBI;44;6;0;1.768;0.0713;381.77;362.98;371.83;18.80;34.703;117.840;7.256;-35.525;42.781;interna;16.00;-3.470;-94.946;-27.775;82.069;91.476;204.6;40.11
TUBI;44;6;0;1.768;0.0713;381.77;362.98;371.83;18.80;34.703;117.840;7.256;-35.525;42.781;media;17.52;-9.603;-54.262;6.777;54.720;61.039;204.6;26.74
TUBI;44;6;0;1.768;0.0713;381.77;362.98;371.83;18.80;34.703;117.840;7.256;-35.525;42.781;esterna;19.05;-11.784;-20.414;38.443;55.052;58.858;204.6;26.90
TUBI;45;6;0;1.855;0.0713;380.15;361.90;370.50;18.25;34.702;117.840;7.256;-35.525;42.781;interna;16.00;-3.470;-93.928;-26.756;81.354;90.457;204.9;39.70
TUBI;45;6;0;1.855;0.0713;380.15;361.90;370.50;18.25;34.702;117.840;7.256;-35.525;42.781;media;17.52;-9.561;-54.291;6.790;54.768;61.081;204.9;26.73
TUBI;45;6;0;1.855;0.0713;380.15;361.90;370.50;18.25;34.702;117.840;7.256;-35.525;42.781;esterna;19.05;-11.784;-21.322;37.536;54.716;58.858;204.9;26.70
TUBI;46;6;0;1.947;0.0713;378.52;360.82;369.15;17.70;34.702;117.840;7.256;-35.525;42.781;interna;16.00;-3.470;-92.907;-25.735;80.644;89.437;205.2;39.31
TUBI;46;6;0;1.947;0.0713;378.52;360.82;369.15;17.70;34.702;117.840;7.256;-35.525;42.781;media;17.52;-9.519;-54.319;6.804;54.816;61.123;205.2;26.72
TUBI;46;6;0;1.947;0.0713;378.52;360.82;369.15;17.70;34.702;117.840;7.256;-35.525;42.781;esterna;19.05;-11.784;-22.231;36.627;54.392;58.858;205.2;26.51
TUBI;47;6;0;2.041;0.0713;376.88;359.73;367.81;17.16;34.701;117.840;7.256;-35.525;42.781;interna;16.00;-3.470;-91.891;-24.719;79.944;88.421;205.4;38.91
TUBI;47;6;0;2.041;0.0713;376.88;359.73;367.81;17.16;34.701;117.840;7.256;-35.525;42.781;media;17.52;-9.477;-54.347;6.818;54.864;61.165;205.4;26.71
TUBI;47;6;0;2.041;0.0713;376.88;359.73;367.81;17.16;34.701;117.840;7.256;-35.525;42.781;esterna;19.05;-11.784;-23.136;35.722;54.084;58.859;205.4;26.33
TUBI;48;6;0;2.140;0.0713;375.24;358.63;366.45;16.61;34.700;117.840;7.256;-35.525;42.781;interna;16.00;-3.470;-90.869;-23.696;79.246;87.399;205.7;38.52
TUBI;48;6;0;2.140;0.0713;375.24;358.63;366.45;16.61;34.700;117.840;7.256;-35.525;42.781;media;17.52;-9.435;-54.375;6.832;54.912;61.208;205.7;26.69
TUBI;48;6;0;2.140;0.0713;375.24;358.63;366.45;16.61;34.700;117.840;7.256;-35.525;42.781;esterna;19.05;-11.784;-24.047;34.812;53.786;58.859;205.7;26.15
TUBI;49;6;0;2.243;0.0713;373.60;357.54;365.10;16.06;34.699;117.840;7.256;-35.525;42.781;interna;16.00;-3.470;-89.849;-22.675;78.557;86.379;206.0;38.14
TUBI;49;6;0;2.243;0.0713;373.60;357.54;365.10;16.06;34.699;117.840;7.256;-35.525;42.781;media;17.52;-9.394;-54.404;6.846;54.960;61.250;206.0;26.68
TUBI;49;6;0;2.243;0.0713;373.60;357.54;365.10;16.06;34.699;117.840;7.256;-35.525;42.781;esterna;19.05;-11.784;-24.956;33.903;53.504;58.859;206.0;25.98
TUBI;50;6;0;2.350;0.0713;371.95;356.44;363.74;15.51;34.698;117.840;7.256;-35.525;42.781;interna;16.00;-3.470;-88.830;-21.656;77.876;85.360;206.3;37.76
TUBI;50;6;0;2.350;0.0713;371.95;356.44;363.74;15.51;34.698;117.840;7.256;-35.525;42.781;media;17.52;-9.352;-54.432;6.860;55.008;61.292;206.3;26.67
TUBI;50;6;0;2.350;0.0713;371.95;356.44;363.74;15.51;34.698;117.840;7.256;-35.525;42.781;esterna;19.05;-11.784;-25.864;32.996;53.235;58.860;206.3;25.81
TUBI;51;6;0;2.461;0.0713;370.30;355.33;362.38;14.97;34.697;117.840;7.256;-35.525;42.781;interna;16.00;-3.470;-87.819;-20.645;77.208;84.349;206.5;37.38
TUBI;51;6;0;2.461;0.0713;370.30;355.33;362.38;14.97;34.697;117.840;7.256;-35.525;42.781;media;17.52;-9.310;-54.460;6.874;55.056;61.334;206.5;26.66
TUBI;51;6;0;2.461;0.0713;370.30;355.33;362.38;14.97;34.697;117.840;7.256;-35.525;42.781;esterna;19.05;-11.784;-26.765;32.095;52.983;58.860;206.5;25.65
TUBI;52;6;0;2.578;0.0713;368.66;354.23;361.03;14.43;34.697;117.840;7.256;-35.525;42.781;interna;16.00;-3.470;-86.807;-19.632;76.547;83.338;206.8;37.02
TUBI;52;6;0;2.578;0.0713;368.66;354.23;361.03;14.43;34.697;117.840;7.256;-35.525;42.781;media;17.52;-9.269;-54.488;6.888;55.103;61.376;206.8;26.65
TUBI;52;6;0;2.578;0.0713;368.66;354.23;361.03;14.43;34.697;117.840;7.256;-35.525;42.781;esterna;19.05;-11.784;-27.667;31.194;52.744;58.861;206.8;25.51
TUBI;53;6;0;2.698;0.0713;367.02;353.13;359.67;13.89;34.696;117.840;7.256;-35.525;42.781;interna;16.00;-3.470;-85.801;-18.625;75.897;82.331;207.1;36.65
TUBI;53;6;0;2.698;0.0713;367.02;353.13;359.67;13.89;34.696;117.840;7.256;-35.525;42.781;media;17.52;-9.228;-54.516;6.902;55.151;61.417;207.1;26.63
TUBI;53;6;0;2.698;0.0713;367.02;353.13;359.67;13.89;34.696;117.840;7.256;-35.525;42.781;esterna;19.05;-11.784;-28.564;30.298;52.522;58.861;207.1;25.36
TUBI;54;6;0;2.824;0.0713;365.39;352.04;358.32;13.35;34.695;117.840;7.256;-35.525;42.781;interna;16.00;-3.469;-84.801;-17.625;75.259;81.331;207.3;36.30
TUBI;54;6;0;2.824;0.0713;365.39;352.04;358.32;13.35;34.695;117.840;7.256;-35.525;42.781;media;17.52;-9.187;-54.544;6.915;55.198;61.459;207.3;26.62
TUBI;54;6;0;2.824;0.0713;365.39;352.04;358.32;13.35;34.695;117.840;7.256;-35.525;42.781;esterna;19.05;-11.784;-29.455;29.407;52.315;58.862;207.3;25.23
TUBI;55;6;0;2.955;0.0713;363.76;350.94;356.98;12.82;34.694;117.840;7.256;-35.525;42.781;interna;16.00;-3.469;-83.813;-16.636;74.636;80.344;207.6;35.95
TUBI;55;6;0;2.955;0.0713;363.76;350.94;356.98;12.82;34.694;117.840;7.256;-35.525;42.781;media;17.52;-9.146;-54.571;6.929;55.245;61.500;207.6;26.61
TUBI;55;6;0;2.955;0.0713;363.76;350.94;356.98;12.82;34.694;117.840;7.256;-35.525;42.781;esterna;19.05;-11.784;-30.335;28.527;52.124;58.862;207.6;25.11
TUBI;56;6;0;3.092;0.0713;362.15;349.86;355.64;12.29;34.693;117.840;7.256;-35.525;42.781;interna;16.00;-3.469;-82.830;-15.653;74.025;79.361;207.9;35.61
TUBI;56;6;0;3.092;0.0713;362.15;349.86;355.64;12.29;34.693;117.840;7.256;-35.525;42.781;media;17.52;-9.106;-54.598;6.942;55.292;61.541;207.9;26.60
TUBI;56;6;0;3.092;0.0713;362.15;349.86;355.64;12.29;34.693;117.840;7.256;-35.525;42.781;esterna;19.05;-11.784;-31.212;27.651;51.949;58.863;207.9;24.99
TUBI;57;6;0;3.234;0.0713;360.57;348.80;354.34;11.77;34.692;117.840;7.256;-35.525;42.781;interna;16.00;-3.469;-81.854;-14.676;73.426;78.385;208.1;35.28
TUBI;57;6;0;3.234;0.0713;360.57;348.80;354.34;11.77;34.692;117.840;7.256;-35.525;42.781;media;17.52;-9.066;-54.625;6.956;55.338;61.581;208.1;26.59
TUBI;57;6;0;3.234;0.0713;360.57;348.80;354.34;11.77;34.692;117.840;7.256;-35.525;42.781;esterna;19.05;-11.784;-32.081;26.782;51.789;58.863;208.1;24.88
TUBI;58;6;0;3.382;0.0713;358.97;347.71;353.01;11.26;34.691;117.840;7.256;-35.525;42.781;interna;16.00;-3.469;-80.898;-13.720;72.847;77.429;208.4;34.96
TUBI;58;6;0;3.382;0.0713;358.97;347.71;353.01;11.26;34.691;117.840;7.256;-35.525;42.781;media;17.52;-9.027;-54.652;6.969;55.384;61.621;208.4;26.58
TUBI;58;6;0;3.382;0.0713;358.97;347.71;353.01;11.26;34.691;117.840;7.256;-35.525;42.781;esterna;19.05;-11.784;-32.933;25.930;51.646;58.864;208.4;24.78
TUBI;59;6;0;3.536;0.0713;357.38;346.63;351.69;10.75;34.690;117.840;7.256;-35.525;42.781;interna;16.00;-3.469;-79.951;-12.772;72.281;76.482;208.7;34.64
TUBI;59;6;0;3.536;0.0713;357.38;346.63;351.69;10.75;34.690;117.840;7.256;-35.525;42.781;media;17.52;-8.988;-54.678;6.982;55.429;61.660;208.7;26.56
TUBI;59;6;0;3.536;0.0713;357.38;346.63;351.69;10.75;34.690;117.840;7.256;-35.525;42.781;esterna;19.05;-11.784;-33.778;25.087;51.518;58.864;208.7;24.69
TUBI;60;6;0;3.697;0.0713;355.81;345.57;350.39;10.25;34.688;117.840;7.256;-35.525;42.781;interna;16.00;-3.469;-79.018;-11.838;71.731;75.549;208.9;34.33
TUBI;60;6;0;3.697;0.0713;355.81;345.57;350.39;10.25;34.688;117.840;7.256;-35.525;42.781;media;17.52;-8.949;-54.705;6.995;55.473;61.699;208.9;26.55
TUBI;60;6;0;3.697;0.0713;355.81;345.57;350.39;10.25;34.688;117.840;7.256;-35.525;42.781;esterna;19.05;-11.784;-34.610;24.255;51.405;58.865;208.9;24.60
TUBI;61;6;0;3.864;0.0713;354.27;344.52;349.11;9.75;34.687;117.840;7.256;-35.525;42.781;interna;16.00;-3.469;-78.103;-10.922;71.200;74.634;209.2;34.04
TUBI;61;6;0;3.864;0.0713;354.27;344.52;349.11;9.75;34.687;117.840;7.256;-35.525;42.781;media;17.52;-8.912;-54.730;7.007;55.517;61.737;209.2;26.54
TUBI;61;6;0;3.864;0.0713;354.27;344.52;349.11;9.75;34.687;117.840;7.256;-35.525;42.781;esterna;19.05;-11.784;-35.426;23.440;51.307;58.865;209.2;24.53
TUBI;62;6;0;4.038;0.0713;352.76;343.49;347.85;9.27;34.686;117.840;7.256;-35.525;42.781;interna;16.00;-3.469;-77.200;-10.019;70.684;73.732;209.4;33.75
TUBI;62;6;0;4.038;0.0713;352.76;343.49;347.85;9.27;34.686;117.840;7.256;-35.525;42.781;media;17.52;-8.875;-54.755;7.020;55.560;61.775;209.4;26.53
TUBI;62;6;0;4.038;0.0713;352.76;343.49;347.85;9.27;34.686;117.840;7.256;-35.525;42.781;esterna;19.05;-11.784;-36.230;22.636;51.223;58.866;209.4;24.46
TUBI;63;6;0;4.219;0.0713;351.27;342.48;346.62;8.80;34.685;117.840;7.256;-35.525;42.781;interna;16.00;-3.468;-76.319;-9.137;70.188;72.850;209.7;33.47
TUBI;63;6;0;4.219;0.0713;351.27;342.48;346.62;8.80;34.685;117.840;7.256;-35.525;42.781;media;17.52;-8.839;-54.780;7.032;55.602;61.812;209.7;26.52
TUBI;63;6;0;4.219;0.0713;351.27;342.48;346.62;8.80;34.685;117.840;7.256;-35.525;42.781;esterna;19.05;-11.784;-37.016;21.850;51.152;58.866;209.7;24.40
TUBI;64;6;0;4.407;0.0713;349.81;341.48;345.41;8.33;34.684;117.840;7.256;-35.525;42.781;interna;16.00;-3.468;-75.452;-8.270;69.707;71.984;209.9;33.21
TUBI;64;6;0;4.407;0.0713;349.81;341.48;345.41;8.33;34.684;117.840;7.256;-35.525;42.781;media;17.52;-8.803;-54.804;7.043;55.643;61.848;209.9;26.51
TUBI;64;6;0;4.407;0.0713;349.81;341.48;345.41;8.33;34.684;117.840;7.256;-35.525;42.781;esterna;19.05;-11.784;-37.789;21.078;51.095;58.867;209.9;24.34
TUBI;65;6;0;4.604;0.0713;348.39;340.51;344.22;7.88;34.682;117.840;7.256;-35.525;42.781;interna;16.00;-3.468;-74.608;-7.425;69.247;71.140;210.2;32.95
TUBI;65;6;0;4.604;0.0713;348.39;340.51;344.22;7.88;34.682;117.840;7.256;-35.525;42.781;media;17.52;-8.769;-54.828;7.055;55.684;61.883;210.2;26.50
TUBI;65;6;0;4.604;0.0713;348.39;340.51;344.22;7.88;34.682;117.840;7.256;-35.525;42.781;esterna;19.05;-11.784;-38.541;20.326;51.051;58.867;210.2;24.29
TUBI;66;6;0;4.809;0.0713;347.00;339.56;343.06;7.44;34.681;117.840;7.256;-35.525;42.781;interna;16.00;-3.468;-73.785;-6.601;68.804;70.317;210.4;32.70
TUBI;66;6;0;4.809;0.0713;347.00;339.56;343.06;7.44;34.681;117.840;7.256;-35.525;42.781;media;17.52;-8.735;-54.851;7.066;55.723;61.917;210.4;26.49
TUBI;66;6;0;4.809;0.0713;347.00;339.56;343.06;7.44;34.681;117.840;7.256;-35.525;42.781;esterna;19.05;-11.784;-39.276;19.592;51.018;58.868;210.4;24.25
TUBI;67;6;0;5.022;0.0713;345.64;338.64;341.94;7.00;34.680;117.840;7.256;-35.525;42.781;interna;16.00;-3.468;-72.981;-5.796;68.379;69.513;210.6;32.47
TUBI;67;6;0;5.022;0.0713;345.64;338.64;341.94;7.00;34.680;117.840;7.256;-35.525;42.781;media;17.52;-8.702;-54.874;7.077;55.762;61.951;210.6;26.48
TUBI;67;6;0;5.022;0.0713;345.64;338.64;341.94;7.00;34.680;117.840;7.256;-35.525;42.781;esterna;19.05;-11.784;-39.993;18.876;50.997;58.869;210.6;24.21
TUBI;68;6;0;5.243;0.0713;344.32;337.74;340.84;6.59;34.678;117.840;7.256;-35.525;42.781;interna;16.00;-3.468;-72.202;-5.016;67.973;68.734;210.8;32.24
TUBI;68;6;0;5.243;0.0713;344.32;337.74;340.84;6.59;34.678;117.840;7.256;-35.525;42.781;media;17.52;-8.670;-54.896;7.088;55.799;61.984;210.8;26.47
TUBI;68;6;0;5.243;0.0713;344.32;337.74;340.84;6.59;34.678;117.840;7.256;-35.525;42.781;esterna;19.05;-11.784;-40.688;18.181;50.985;58.869;210.8;24.18
TUBI;69;6;0;5.474;0.0713;343.05;336.87;339.78;6.18;34.677;117.840;7.256;-35.525;42.781;interna;16.00;-3.468;-71.446;-4.260;67.586;67.978;211.0;32.02
TUBI;69;6;0;5.474;0.0713;343.05;336.87;339.78;6.18;34.677;117.840;7.256;-35.525;42.781;media;17.52;-8.639;-54.917;7.098;55.836;62.015;211.0;26.46
TUBI;69;6;0;5.474;0.0713;343.05;336.87;339.78;6.18;34.677;117.840;7.256;-35.525;42.781;esterna;19.05;-11.784;-41.362;17.508;50.983;58.870;211.0;24.16
TUBI;70;6;0;5.715;0.0713;341.81;336.02;338.75;5.79;34.675;117.840;7.256;-35.525;42.781;interna;16.00;-3.468;-70.714;-3.527;67.217;67.247;211.3;31.82
TUBI;70;6;0;5.715;0.0713;341.81;336.02;338.75;5.79;34.675;117.840;7.256;-35.525;42.781;media;17.52;-8.609;-54.938;7.108;55.871;62.046;211.3;26.45
TUBI;70;6;0;5.715;0.0713;341.81;336.02;338.75;5.79;34.675;117.840;7.256;-35.525;42.781;esterna;19.05;-11.784;-42.015;16.856;50.990;58.871;211.3;24.14
TUBI;71;6;0;5.965;0.0713;340.61;335.21;337.75;5.41;34.674;117.840;7.256;-35.525;42.781;interna;16.00;-3.467;-70.007;-2.819;66.866;67.188;211.4;31.62
TUBI;71;6;0;5.965;0.0713;340.61;335.21;337.75;5.41;34.674;117.840;7.256;-35.525;42.781;media;17.52;-8.580;-54.958;7.118;55.905;62.076;211.4;26.44
TUBI;71;6;0;5.965;0.0713;340.61;335.21;337.75;5.41;34.674;117.840;7.256;-35.525;42.781;esterna;19.05;-11.784;-42.646;16.226;51.004;58.872;211.4;24.12
TUBI;72;6;0;6.226;0.0713;339.46;334.42;336.79;5.04;34.672;117.840;7.256;-35.525;42.781;interna;16.00;-3.467;-69.326;-2.137;66.534;67.189;211.6;31.44
TUBI;72;6;0;6.226;0.0713;339.46;334.42;336.79;5.04;34.672;117.840;7.256;-35.525;42.781;media;17.52;-8.552;-54.977;7.127;55.938;62.105;211.6;26.43
TUBI;72;6;0;6.226;0.0713;339.46;334.42;336.79;5.04;34.672;117.840;7.256;-35.525;42.781;esterna;19.05;-11.784;-43.254;15.618;51.025;58.872;211.6;24.11
TUBI;73;6;0;6.498;0.0713;338.35;333.66;335.87;4.69;34.671;117.840;7.256;-35.525;42.781;interna;16.00;-3.467;-68.671;-1.481;66.219;67.190;211.8;31.26
TUBI;73;6;0;6.498;0.0713;338.35;333.66;335.87;4.69;34.671;117.840;7.256;-35.525;42.781;media;17.52;-8.525;-54.996;7.136;55.970;62.132;211.8;26.42
TUBI;73;6;0;6.498;0.0713;338.35;333.66;335.87;4.69;34.671;117.840;7.256;-35.525;42.781;esterna;19.05;-11.784;-43.839;15.034;51.053;58.873;211.8;24.10
TUBI;74;6;0;6.780;0.0713;337.29;332.94;334.99;4.35;34.669;117.840;7.256;-35.525;42.781;interna;16.00;-3.467;-68.042;-0.851;65.922;67.191;212.0;31.09
TUBI;74;6;0;6.780;0.0713;337.29;332.94;334.99;4.35;34.669;117.840;7.256;-35.525;42.781;media;17.52;-8.499;-55.014;7.145;56.001;62.159;212.0;26.42
TUBI;74;6;0;6.780;0.0713;337.29;332.94;334.99;4.35;34.669;117.840;7.256;-35.525;42.781;esterna;19.05;-11.784;-44.401;14.473;51.085;58.874;212.0;24.10
TUBI;75;6;0;7.075;0.0713;336.28;332.25;334.14;4.03;34.667;117.840;7.256;-35.525;42.781;interna;16.00;-3.467;-67.441;-0.249;65.642;67.192;212.2;30.94
TUBI;75;6;0;7.075;0.0713;336.28;332.25;334.14;4.03;34.667;117.840;7.256;-35.525;42.781;media;17.52;-8.474;-55.031;7.153;56.030;62.185;212.2;26.41
TUBI;75;6;0;7.075;0.0713;336.28;332.25;334.14;4.03;34.667;117.840;7.256;-35.525;42.781;esterna;19.05;-11.784;-44.937;13.937;51.122;58.875;212.2;24.09
TUBI;76;6;0;7.381;0.0713;335.30;331.59;333.34;3.72;34.666;117.840;7.256;-35.525;42.781;interna;16.00;-3.467;-66.866;0.327;65.379;67.193;212.3;30.79
TUBI;76;6;0;7.381;0.0713;335.30;331.59;333.34;3.72;34.666;117.840;7.256;-35.525;42.781;media;17.52;-8.450;-55.048;7.161;56.058;62.209;212.3;26.40
TUBI;76;6;0;7.381;0.0713;335.30;331.59;333.34;3.72;34.666;117.840;7.256;-35.525;42.781;esterna;19.05;-11.784;-45.451;13.424;51.163;58.875;212.3;24.10
TUBI;77;6;0;7.701;0.0713;334.38;330.96;332.57;3.42;34.664;117.840;7.256;-35.525;42.781;interna;16.00;-3.466;-66.318;0.876;65.131;67.194;212.5;30.65
TUBI;77;6;0;7.701;0.0713;334.38;330.96;332.57;3.42;34.664;117.840;7.256;-35.525;42.781;media;17.52;-8.428;-55.064;7.169;56.085;62.232;212.5;26.39
TUBI;77;6;0;7.701;0.0713;334.38;330.96;332.57;3.42;34.664;117.840;7.256;-35.525;42.781;esterna;19.05;-11.784;-45.941;12.935;51.206;58.876;212.5;24.10
TUBI;78;6;0;8.033;0.0713;333.50;330.36;331.84;3.14;34.662;117.840;7.256;-35.525;42.781;interna;16.00;-3.466;-65.798;1.397;64.900;67.195;212.6;30.52
TUBI;78;6;0;8.033;0.0713;333.50;330.36;331.84;3.14;34.662;117.840;7.256;-35.525;42.781;media;17.52;-8.406;-55.079;7.176;56.111;62.255;212.6;26.39
TUBI;78;6;0;8.033;0.0713;333.50;330.36;331.84;3.14;34.662;117.840;7.256;-35.525;42.781;esterna;19.05;-11.784;-46.406;12.472;51.252;58.877;212.6;24.10
TUBI;79;6;0;8.379;0.0713;332.67;329.79;331.15;2.88;34.660;117.840;7.256;-35.525;42.781;interna;16.00;-3.466;-65.304;1.892;64.684;67.196;212.8;30.40
TUBI;79;6;0;8.379;0.0713;332.67;329.79;331.15;2.88;34.660;117.840;7.256;-35.525;42.781;media;17.52;-8.386;-55.094;7.182;56.135;62.276;212.8;26.38
TUBI;79;6;0;8.379;0.0713;332.67;329.79;331.15;2.88;34.660;117.840;7.256;-35.525;42.781;esterna;19.05;-11.784;-46.847;12.031;51.299;58.878;212.8;24.11
TUBI;80;6;0;8.740;0.0713;331.89;329.26;330.50;2.63;34.658;117.840;7.256;-35.525;42.781;interna;16.00;-3.466;-64.838;2.359;64.482;67.197;212.9;30.29
TUBI;80;6;0;8.740;0.0713;331.89;329.26;330.50;2.63;34.658;117.840;7.256;-35.525;42.781;media;17.52;-8.367;-55.107;7.189;56.158;62.296;212.9;26.38
TUBI;80;6;0;8.740;0.0713;331.89;329.26;330.50;2.63;34.658;117.840;7.256;-35.525;42.781;esterna;19.05;-11.784;-47.264;11.615;51.347;58.879;212.9;24.12
TUBI;81;6;0;9.115;0.0713;331.15;328.76;329.88;2.39;34.656;117.840;7.256;-35.525;42.781;interna;16.00;-3.466;-64.398;2.800;64.295;67.198;213.0;30.18
TUBI;81;6;0;9.115;0.0713;331.15;328.76;329.88;2.39;34.656;117.840;7.256;-35.525;42.781;media;17.52;-8.349;-55.120;7.195;56.180;62.315;213.0;26.37
TUBI;81;6;0;9.115;0.0713;331.15;328.76;329.88;2.39;34.656;117.840;7.256;-35.525;42.781;esterna;19.05;-11.784;-47.657;11.223;51.396;58.880;213.0;24.13
TUBI;82;6;0;9.506;0.0713;330.45;328.28;329.31;2.17;34.654;117.840;7.256;-35.525;42.781;interna;16.00;-3.465;-63.985;3.214;64.121;67.200;213.1;30.08
TUBI;82;6;0;9.506;0.0713;330.45;328.28;329.31;2.17;34.654;117.840;7.256;-35.525;42.781;media;17.52;-8.332;-55.133;7.201;56.201;62.333;213.1;26.37
TUBI;82;6;0;9.506;0.0713;330.45;328.28;329.31;2.17;34.654;117.840;7.256;-35.525;42.781;esterna;19.05;-11.784;-48.027;10.854;51.444;58.881;213.1;24.14
TUBI;83;6;0;9.913;0.0713;329.80;327.84;328.77;1.96;34.652;117.840;7.256;-35.525;42.781;interna;16.00;-3.465;-63.598;3.603;63.960;67.201;213.2;29.99
TUBI;83;6;0;9.913;0.0713;329.80;327.84;328.77;1.96;34.652;117.840;7.256;-35.525;42.781;media;17.52;-8.316;-55.144;7.206;56.220;62.350;213.2;26.36
TUBI;83;6;0;9.913;0.0713;329.80;327.84;328.77;1.96;34.652;117.840;7.256;-35.525;42.781;esterna;19.05;-11.784;-48.374;10.508;51.492;58.882;213.2;24.15
TUBI;84;6;0;10.337;0.0713;329.19;327.43;328.26;1.77;34.650;117.840;7.256;-35.525;42.781;interna;16.00;-3.465;-63.237;3.966;63.812;67.202;213.3;29.91
TUBI;84;6;0;10.337;0.0713;329.19;327.43;328.26;1.77;34.650;117.840;7.256;-35.525;42.781;media;17.52;-8.301;-55.155;7.211;56.238;62.366;213.3;26.36
TUBI;84;6;0;10.337;0.0713;329.19;327.43;328.26;1.77;34.650;117.840;7.256;-35.525;42.781;esterna;19.05;-11.784;-48.698;10.185;51.539;58.883;213.3;24.16
TUBI;85;6;0;10.778;0.0713;328.63;327.04;327.79;1.58;34.647;117.840;7.256;-35.525;42.781;interna;16.00;-3.465;-62.900;4.303;63.676;67.203;213.4;29.83
TUBI;85;6;0;10.778;0.0713;328.63;327.04;327.79;1.58;34.647;117.840;7.256;-35.525;42.781;media;17.52;-8.287;-55.166;7.215;56.256;62.381;213.4;26.36
TUBI;85;6;0;10.778;0.0713;328.63;327.04;327.79;1.58;34.647;117.840;7.256;-35.525;42.781;esterna;19.05;-11.784;-49.000;9.884;51.584;58.884;213.4;24.17
TUBI;86;6;0;11.238;0.0713;328.10;326.69;327.35;1.42;34.645;117.840;7.256;-35.525;42.781;interna;16.00;-3.465;-62.588;4.617;63.551;67.205;213.5;29.76
TUBI;86;6;0;11.238;0.0713;328.10;326.69;327.35;1.42;34.645;117.840;7.256;-35.525;42.781;media;17.52;-8.274;-55.176;7.220;56.272;62.395;213.5;26.35
TUBI;86;6;0;11.238;0.0713;328.10;326.69;327.35;1.42;34.645;117.840;7.256;-35.525;42.781;esterna;19.05;-11.784;-49.280;9.605;51.628;58.885;213.5;24.18
TUBI;87;6;0;11.716;0.0713;327.62;326.36;326.95;1.26;34.643;117.840;7.256;-35.525;42.781;interna;16.00;-3.464;-62.299;4.907;63.436;67.206;213.6;29.70
TUBI;87;6;0;11.716;0.0713;327.62;326.36;326.95;1.26;34.643;117.840;7.256;-35.525;42.781;media;17.52;-8.262;-55.185;7.224;56.287;62.409;213.6;26.35
TUBI;87;6;0;11.716;0.0713;327.62;326.36;326.95;1.26;34.643;117.840;7.256;-35.525;42.781;esterna;19.05;-11.784;-49.540;9.347;51.670;58.886;213.6;24.19
TUBI;88;6;0;12.214;0.0713;327.17;326.05;326.58;1.12;34.640;117.840;7.256;-35.525;42.781;interna;16.00;-3.464;-62.033;5.175;63.332;67.208;213.7;29.64
TUBI;88;6;0;12.214;0.0713;327.17;326.05;326.58;1.12;34.640;117.840;7.256;-35.525;42.781;media;17.52;-8.251;-55.193;7.227;56.301;62.421;213.7;26.35
TUBI;88;6;0;12.214;0.0713;327.17;326.05;326.58;1.12;34.640;117.840;7.256;-35.525;42.781;esterna;19.05;-11.784;-49.779;9.109;51.710;58.888;213.7;24.20
TUBI;89;6;0;12.733;0.0713;326.76;325.77;326.24;0.99;34.638;117.840;7.256;-35.525;42.781;interna;16.00;-3.464;-61.790;5.419;63.237;67.209;213.8;29.58
TUBI;89;6;0;12.733;0.0713;326.76;325.77;326.24;0.99;34.638;117.840;7.256;-35.525;42.781;media;17.52;-8.241;-55.201;7.231;56.314;62.432;213.8;26.35
TUBI;89;6;0;12.733;0.0713;326.76;325.77;326.24;0.99;34.638;117.840;7.256;-35.525;42.781;esterna;19.05;-11.784;-49.998;8.891;51.748;58.889;213.8;24.21
TUBI;0;7;0;0.007;0.2139;342.89;336.73;339.63;6.16;34.740;117.840;7.407;-35.375;42.782;interna;16.00;-3.474;-71.375;-4.075;67.603;67.901;211.1;32.03
TUBI;0;7;0;0.007;0.2139;342.89;336.73;339.63;6.16;34.740;117.840;7.407;-35.375;42.782;media;17.52;-8.640;-54.885;7.250;55.910;62.135;211.1;26.49
TUBI;0;7;0;0.007;0.2139;342.89;336.73;339.63;6.16;34.740;117.840;7.407;-35.375;42.782;esterna;19.05;-11.784;-41.362;17.628;51.087;58.991;211.1;24.20
TUBI;1;7;0;0.022;0.2139;342.87;336.72;339.61;6.16;34.725;117.840;7.407;-35.375;42.782;interna;16.00;-3.472;-71.373;-4.063;67.607;67.900;211.1;32.03
TUBI;1;7;0;0.022;0.2139;342.87;336.72;339.61;6.16;34.725;117.840;7.407;-35.375;42.782;media;17.52;-8.639;-54.893;7.250;55.918;62.143;211.1;26.49
TUBI;1;7;0;0.022;0.2139;342.87;336.72;339.61;6.16;34.725;117.840;7.407;-35.375;42.782;esterna;19.05;-11.784;-41.380;17.618;51.094;58.998;211.1;24.21
TUBI;2;7;0;0.037;0.2139;342.85;336.70;339.60;6.15;34.725;117.840;7.407;-35.375;42.782;interna;16.00;-3.472;-71.361;-4.052;67.601;67.889;211.1;32.03
TUBI;2;7;0;0.037;0.2139;342.85;336.70;339.60;6.15;34.725;117.840;7.407;-35.375;42.782;media;17.52;-8.638;-54.894;7.250;55.919;62.144;211.1;26.49
TUBI;2;7;0;0.037;0.2139;342.85;336.70;339.60;6.15;34.725;117.840;7.407;-35.375;42.782;esterna;19.05;-11.784;-41.390;17.608;51.094;58.998;211.1;24.21
TUBI;3;7;0;0.053;0.2139;342.83;336.69;339.58;6.14;34.724;117.840;7.407;-35.375;42.782;interna;16.00;-3.472;-71.349;-4.040;67.595;67.877;211.1;32.02
TUBI;3;7;0;0.053;0.2139;342.83;336.69;339.58;6.14;34.724;117.840;7.407;-35.375;42.782;media;17.52;-8.638;-54.894;7.250;55.920;62.144;211.1;26.49
TUBI;3;7;0;0.053;0.2139;342.83;336.69;339.58;6.14;34.724;117.840;7.407;-35.375;42.782;esterna;19.05;-11.784;-41.401;17.597;51.094;58.998;211.1;24.21
TUBI;4;7;0;0.070;0.2139;342.68;336.59;339.46;6.09;34.724;117.840;7.407;-35.375;42.782;interna;16.00;-3.472;-71.259;-3.949;67.550;67.787;211.1;32.00
TUBI;4;7;0;0.070;0.2139;342.68;336.59;339.46;6.09;34.724;117.840;7.407;-35.375;42.782;media;17.52;-8.634;-54.897;7.251;55.924;62.148;211.1;26.49
TUBI;4;7;0;0.070;0.2139;342.68;336.59;339.46;6.09;34.724;117.840;7.407;-35.375;42.782;esterna;19.05;-11.784;-41.482;17.516;51.095;58.998;211.1;24.20
TUBI;5;7;0;0.087;0.2139;342.56;336.50;339.35;6.06;34.723;117.840;7.407;-35.375;42.782;interna;16.00;-3.472;-71.187;-3.877;67.513;67.715;211.1;31.98
TUBI;5;7;0;0.087;0.2139;342.56;336.50;339.35;6.06;34.723;117.840;7.407;-35.375;42.782;media;17.52;-8.631;-54.899;7.252;55.928;62.151;211.1;26.49
TUBI;5;7;0;0.087;0.2139;342.56;336.50;339.35;6.06;34.723;117.840;7.407;-35.375;42.782;esterna;19.05;-11.784;-41.547;17.452;51.095;58.999;211.1;24.20
TUBI;6;7;0;0.105;0.2139;342.45;336.43;339.27;6.02;34.723;117.840;7.407;-35.375;42.782;interna;16.00;-3.472;-71.126;-3.815;67.483;67.654;211.1;31.96
TUBI;6;7;0;0.105;0.2139;342.45;336.43;339.27;6.02;34.723;117.840;7.407;-35.375;42.782;media;17.52;-8.629;-54.901;7.253;55.931;62.154;211.1;26.49
TUBI;6;7;0;0.105;0.2139;342.45;336.43;339.27;6.02;34.723;117.840;7.407;-35.375;42.782;esterna;19.05;-11.784;-41.601;17.397;51.096;58.999;211.1;24.20
TUBI;7;7;0;0.124;0.2139;342.36;336.37;339.19;5.99;34.722;117.840;7.407;-35.375;42.782;interna;16.00;-3.472;-71.073;-3.762;67.456;67.600;211.2;31.95
TUBI;7;7;0;0.124;0.2139;342.36;336.37;339.19;5.99;34.722;117.840;7.407;-35.375;42.782;media;17.52;-8.626;-54.903;7.254;55.934;62.157;211.2;26.49
TUBI;7;7;0;0.124;0.2139;342.36;336.37;339.19;5.99;34.722;117.840;7.407;-35.375;42.782;esterna;19.05;-11.784;-41.649;17.350;51.096;58.999;211.2;24.20
TUBI;8;7;0;0.144;0.2139;342.28;336.32;339.13;5.97;34.722;117.840;7.407;-35.375;42.782;interna;16.00;-3.472;-71.025;-3.714;67.432;67.553;211.2;31.93
TUBI;8;7;0;0.144;0.2139;342.28;336.32;339.13;5.97;34.722;117.840;7.407;-35.375;42.782;media;17.52;-8.624;-54.904;7.254;55.936;62.159;211.2;26.49
TUBI;8;7;0;0.144;0.2139;342.28;336.32;339.13;5.97;34.722;117.840;7.407;-35.375;42.782;esterna;19.05;-11.784;-41.692;17.307;51.097;58.999;211.2;24.20
TUBI;9;7;0;0.164;0.2139;342.21;336.27;339.06;5.94;34.721;117.840;7.407;-35.375;42.782;interna;16.00;-3.472;-70.979;-3.668;67.410;67.507;211.2;31.92
TUBI;9;7;0;0.164;0.2139;342.21;336.27;339.06;5.94;34.721;117.840;7.407;-35.375;42.782;media;17.52;-8.623;-54.906;7.255;55.939;62.161;211.2;26.49
TUBI;9;7;0;0.164;0.2139;342.21;336.27;339.06;5.94;34.721;117.840;7.407;-35.375;42.782;esterna;19.05;-11.784;-41.734;17.266;51.097;59.000;211.2;24.20
TUBI;10;7;0;0.185;0.2139;342.14;336.22;339.01;5.92;34.721;117.840;7.407;-35.375;42.782;interna;16.00;-3.472;-70.939;-3.627;67.390;67.467;211.2;31.91
TUBI;10;7;0;0.185;0.2139;342.14;336.22;339.01;5.92;34.721;117.840;7.407;-35.375;42.782;media;17.52;-8.621;-54.907;7.256;55.941;62.163;211.2;26.49
TUBI;10;7;0;0.185;0.2139;342.14;336.22;339.01;5.92;34.721;117.840;7.407;-35.375;42.782;esterna;19.05;-11.784;-41.770;17.230;51.098;59.000;211.2;24.19
TUBI;11;7;0;0.207;0.2139;431.47;395.40;412.39;36.07;34.717;117.840;7.407;-35.375;42.782;interna;16.00;-3.472;-127.118;-59.804;107.221;123.646;196.5;54.56
TUBI;11;7;0;0.207;0.2139;431.47;395.40;412.39;36.07;34.717;117.840;7.407;-35.375;42.782;media;17.52;-10.921;-53.378;6.487;53.336;59.865;196.5;27.14
TUBI;11;7;0;0.207;0.2139;431.47;395.40;412.39;36.07;34.717;117.840;7.407;-35.375;42.782;esterna;19.05;-11.784;8.242;67.243;71.160;79.027;196.5;36.21
TUBI;12;7;0;0.230;0.2139;429.68;394.26;410.94;35.43;34.717;117.840;7.407;-35.375;42.782;interna;16.00;-3.472;-125.930;-58.616;106.226;122.458;196.8;53.97
TUBI;12;7;0;0.230;0.2139;429.68;394.26;410.94;35.43;34.717;117.840;7.407;-35.375;42.782;media;17.52;-10.872;-53.410;6.503;53.390;59.914;196.8;27.13
TUBI;12;7;0;0.230;0.2139;429.68;394.26;410.94;35.43;34.717;117.840;7.407;-35.375;42.782;esterna;19.05;-11.784;7.184;66.186;70.428;77.970;196.8;35.78
TUBI;13;7;0;0.254;0.2139;427.99;393.16;409.56;34.82;34.717;117.840;7.407;-35.375;42.782;interna;16.00;-3.472;-124.801;-57.487;105.285;121.329;197.1;53.42
TUBI;13;7;0;0.254;0.2139;427.99;393.16;409.56;34.82;34.717;117.840;7.407;-35.375;42.782;media;17.52;-10.826;-53.441;6.519;53.442;59.960;197.1;27.12
TUBI;13;7;0;0.254;0.2139;427.99;393.16;409.56;34.82;34.717;117.840;7.407;-35.375;42.782;esterna;19.05;-11.784;6.179;65.181;69.740;76.965;197.1;35.39
TUBI;14;7;0;0.279;0.2139;426.36;392.12;408.24;34.24;34.717;117.840;7.407;-35.375;42.782;interna;16.00;-3.472;-123.720;-56.405;104.386;120.248;197.4;52.89
TUBI;14;7;0;0.279;0.2139;426.36;392.12;408.24;34.24;34.717;117.840;7.407;-35.375;42.782;media;17.52;-10.781;-53.471;6.533;53.492;60.004;197.4;27.10
TUBI;14;7;0;0.279;0.2139;426.36;392.12;408.24;34.24;34.717;117.840;7.407;-35.375;42.782;esterna;19.05;-11.784;5.216;64.218;69.088;76.002;197.4;35.01
TUBI;15;7;0;0.305;0.2139;424.79;391.10;406.97;33.69;34.716;117.840;7.407;-35.375;42.782;interna;16.00;-3.472;-122.687;-55.373;103.531;119.215;197.6;52.39
TUBI;15;7;0;0.305;0.2139;424.79;391.10;406.97;33.69;34.716;117.840;7.407;-35.375;42.782;media;17.52;-10.739;-53.499;6.548;53.539;60.047;197.6;27.09
TUBI;15;7;0;0.305;0.2139;424.79;391.10;406.97;33.69;34.716;117.840;7.407;-35.375;42.782;esterna;19.05;-11.784;4.296;63.298;68.473;75.082;197.6;34.65
TUBI;16;7;0;0.332;0.2139;423.26;390.12;405.73;33.14;34.716;117.840;7.407;-35.375;42.782;interna;16.00;-3.472;-121.673;-54.359;102.695;118.202;197.9;51.90
TUBI;16;7;0;0.332;0.2139;423.26;390.12;405.73;33.14;34.716;117.840;7.407;-35.375;42.782;media;17.52;-10.698;-53.527;6.561;53.586;60.088;197.9;27.08
TUBI;16;7;0;0.332;0.2139;423.26;390.12;405.73;33.14;34.716;117.840;7.407;-35.375;42.782;esterna;19.05;-11.784;3.393;62.395;67.875;74.179;197.9;34.31
TUBI;17;7;0;0.360;0.2139;421.77;389.15;404.51;32.62;34.716;117.840;7.407;-35.375;42.782;interna;16.00;-3.472;-120.694;-53.380;101.890;117.223;198.1;51.43
TUBI;17;7;0;0.360;0.2139;421.77;389.15;404.51;32.62;34.716;117.840;7.407;-35.375;42.782;media;17.52;-10.658;-53.554;6.575;53.631;60.129;198.1;27.07
TUBI;17;7;0;0.360;0.2139;421.77;389.15;404.51;32.62;34.716;117.840;7.407;-35.375;42.782;esterna;19.05;-11.784;2.522;61.524;67.305;73.308;198.1;33.98
TUBI;18;7;0;0.390;0.2139;420.31;388.21;403.32;32.10;34.716;117.840;7.407;-35.375;42.782;interna;16.00;-3.472;-119.734;-52.419;101.104;116.263;198.3;50.98
TUBI;18;7;0;0.390;0.2139;420.31;388.21;403.32;32.10;34.716;117.840;7.407;-35.375;42.782;media;17.52;-10.618;-53.580;6.588;53.675;60.168;198.3;27.06
TUBI;18;7;0;0.390;0.2139;420.31;388.21;403.32;32.10;34.716;117.840;7.407;-35.375;42.782;esterna;19.05;-11.784;1.667;60.669;66.752;72.453;198.3;33.66
TUBI;19;7;0;0.420;0.2139;418.86;387.27;402.15;31.59;34.715;117.840;7.407;-35.375;42.782;interna;16.00;-3.472;-118.778;-51.463;100.325;115.307;198.6;50.52
TUBI;19;7;0;0.420;0.2139;418.86;387.27;402.15;31.59;34.715;117.840;7.407;-35.375;42.782;media;17.52;-10.579;-53.606;6.601;53.719;60.207;198.6;27.05
TUBI;19;7;0;0.420;0.2139;418.86;387.27;402.15;31.59;34.715;117.840;7.407;-35.375;42.782;esterna;19.05;-11.784;0.815;59.818;66.207;71.602;198.6;33.34
TUBI;20;7;0;0.452;0.2139;417.43;386.34;400.99;31.09;34.715;117.840;7.407;-35.375;42.782;interna;16.00;-3.471;-117.844;-50.529;99.566;114.372;198.8;50.08
TUBI;20;7;0;0.452;0.2139;417.43;386.34;400.99;31.09;34.715;117.840;7.407;-35.375;42.782;media;17.52;-10.541;-53.632;6.614;53.762;60.246;198.8;27.04
TUBI;20;7;0;0.452;0.2139;417.43;386.34;400.99;31.09;34.715;117.840;7.407;-35.375;42.782;esterna;19.05;-11.784;-0.017;58.986;65.681;70.770;198.8;33.04
TUBI;21;7;0;0.485;0.2139;416.01;385.42;399.83;30.58;34.715;117.840;7.407;-35.375;42.782;interna;16.00;-3.471;-116.907;-49.592;98.808;113.436;199.0;49.64
TUBI;21;7;0;0.485;0.2139;416.01;385.42;399.83;30.58;34.715;117.840;7.407;-35.375;42.782;media;17.52;-10.502;-53.658;6.627;53.805;60.284;199.0;27.03
TUBI;21;7;0;0.485;0.2139;416.01;385.42;399.83;30.58;34.715;117.840;7.407;-35.375;42.782;esterna;19.05;-11.784;-0.851;58.152;65.161;69.936;199.0;32.74
TUBI;22;7;0;0.520;0.2139;414.60;384.51;398.68;30.09;34.714;117.840;7.407;-35.375;42.782;interna;16.00;-3.471;-115.987;-48.672;98.067;112.516;199.3;49.21
TUBI;22;7;0;0.520;0.2139;414.60;384.51;398.68;30.09;34.714;117.840;7.407;-35.375;42.782;media;17.52;-10.465;-53.683;6.639;53.848;60.322;199.3;27.02
TUBI;22;7;0;0.520;0.2139;414.60;384.51;398.68;30.09;34.714;117.840;7.407;-35.375;42.782;esterna;19.05;-11.784;-1.671;57.332;64.656;69.116;199.3;32.45
TUBI;23;7;0;0.556;0.2139;413.19;383.59;397.53;29.60;34.714;117.840;7.407;-35.375;42.782;interna;16.00;-3.471;-115.070;-47.755;97.331;111.599;199.5;48.79
TUBI;23;7;0;0.556;0.2139;413.19;383.59;397.53;29.60;34.714;117.840;7.407;-35.375;42.782;media;17.52;-10.427;-53.708;6.652;53.890;60.360;199.5;27.01
TUBI;23;7;0;0.556;0.2139;413.19;383.59;397.53;29.60;34.714;117.840;7.407;-35.375;42.782;esterna;19.05;-11.784;-2.487;56.516;64.159;68.300;199.5;32.16
TUBI;24;7;0;0.593;0.2139;411.78;382.68;396.38;29.10;34.714;117.840;7.407;-35.375;42.782;interna;16.00;-3.471;-114.145;-46.829;96.592;110.674;199.7;48.36
TUBI;24;7;0;0.593;0.2139;411.78;382.68;396.38;29.10;34.714;117.840;7.407;-35.375;42.782;media;17.52;-10.389;-53.734;6.665;53.933;60.398;199.7;27.00
TUBI;24;7;0;0.593;0.2139;411.78;382.68;396.38;29.10;34.714;117.840;7.407;-35.375;42.782;esterna;19.05;-11.784;-3.311;55.692;63.664;67.476;199.7;31.88
TUBI;25;7;0;0.632;0.2139;410.37;381.76;395.23;28.61;34.713;117.840;7.407;-35.375;42.782;interna;16.00;-3.471;-113.230;-45.914;95.864;109.759;200.0;47.94
TUBI;25;7;0;0.632;0.2139;410.37;381.76;395.23;28.61;34.713;117.840;7.407;-35.375;42.782;media;17.52;-10.352;-53.759;6.677;53.975;60.436;200.0;26.99
TUBI;25;7;0;0.632;0.2139;410.37;381.76;395.23;28.61;34.713;117.840;7.407;-35.375;42.782;esterna;19.05;-11.784;-4.126;54.877;63.181;66.661;200.0;31.60
TUBI;26;7;0;0.672;0.2139;408.95;380.83;394.08;28.12;34.713;117.840;7.407;-35.375;42.782;interna;16.00;-3.471;-112.314;-44.998;95.139;108.843;200.2;47.53
TUBI;26;7;0;0.672;0.2139;408.95;380.83;394.08;28.12;34.713;117.840;7.407;-35.375;42.782;media;17.52;-10.314;-53.784;6.690;54.017;60.473;200.2;26.98
TUBI;26;7;0;0.672;0.2139;408.95;380.83;394.08;28.12;34.713;117.840;7.407;-35.375;42.782;esterna;19.05;-11.784;-4.942;54.061;62.705;65.845;200.2;31.32
TUBI;27;7;0;0.715;0.2139;407.53;379.91;392.92;27.62;34.712;117.840;7.407;-35.375;42.782;interna;16.00;-3.471;-111.386;-44.070;94.407;107.915;200.4;47.11
TUBI;27;7;0;0.715;0.2139;407.53;379.91;392.92;27.62;34.712;117.840;7.407;-35.375;42.782;media;17.52;-10.276;-53.809;6.702;54.060;60.512;200.4;26.97
TUBI;27;7;0;0.715;0.2139;407.53;379.91;392.92;27.62;34.712;117.840;7.407;-35.375;42.782;esterna;19.05;-11.784;-5.769;53.235;62.230;65.019;200.4;31.05
TUBI;28;7;0;0.759;0.2139;406.10;378.97;391.75;27.13;34.712;117.840;7.407;-35.375;42.782;interna;16.00;-3.471;-110.464;-43.147;93.684;106.993;200.6;46.69
TUBI;28;7;0;0.759;0.2139;406.10;378.97;391.75;27.13;34.712;117.840;7.407;-35.375;42.782;media;17.52;-10.238;-53.835;6.715;54.103;60.550;200.6;26.96
TUBI;28;7;0;0.759;0.2139;406.10;378.97;391.75;27.13;34.712;117.840;7.407;-35.375;42.782;esterna;19.05;-11.784;-6.590;52.414;61.765;64.198;200.6;30.78
TUBI;29;7;0;0.804;0.2139;404.66;378.03;390.58;26.63;34.712;117.840;7.407;-35.375;42.782;interna;16.00;-3.471;-109.538;-42.221;92.961;106.067;200.9;46.28
TUBI;29;7;0;0.804;0.2139;404.66;378.03;390.58;26.63;34.712;117.840;7.407;-35.375;42.782;media;17.52;-10.201;-53.860;6.728;54.146;60.588;200.9;26.95
TUBI;29;7;0;0.804;0.2139;404.66;378.03;390.58;26.63;34.712;117.840;7.407;-35.375;42.782;esterna;19.05;-11.784;-7.415;51.590;61.306;63.374;200.9;30.52
TUBI;30;7;0;0.852;0.2139;403.21;377.09;389.39;26.12;34.711;117.840;7.407;-35.375;42.782;interna;16.00;-3.471;-108.599;-41.281;92.231;105.127;201.1;45.86
TUBI;30;7;0;0.852;0.2139;403.21;377.09;389.39;26.12;34.711;117.840;7.407;-35.375;42.782;media;17.52;-10.162;-53.886;6.740;54.190;60.626;201.1;26.94
TUBI;30;7;0;0.852;0.2139;403.21;377.09;389.39;26.12;34.711;117.840;7.407;-35.375;42.782;esterna;19.05;-11.784;-8.252;50.753;60.848;62.537;201.1;30.25
TUBI;31;7;0;0.902;0.2139;401.75;376.13;388.20;25.62;34.711;117.840;7.407;-35.375;42.782;interna;16.00;-3.471;-107.662;-40.345;91.507;104.191;201.4;45.44
TUBI;31;7;0;0.902;0.2139;401.75;376.13;388.20;25.62;34.711;117.840;7.407;-35.375;42.782;media;17.52;-10.124;-53.912;6.753;54.233;60.665;201.4;26.93
TUBI;31;7;0;0.902;0.2139;401.75;376.13;388.20;25.62;34.711;117.840;7.407;-35.375;42.782;esterna;19.05;-11.784;-9.086;49.919;60.399;61.703;201.4;30.00
TUBI;32;7;0;0.953;0.2139;400.28;375.17;386.99;25.11;34.710;117.840;7.407;-35.375;42.782;interna;16.00;-3.471;-106.712;-39.394;90.777;103.241;201.6;45.03
TUBI;32;7;0;0.953;0.2139;400.28;375.17;386.99;25.11;34.710;117.840;7.407;-35.375;42.782;media;17.52;-10.085;-53.938;6.766;54.277;60.704;201.6;26.92
TUBI;32;7;0;0.953;0.2139;400.28;375.17;386.99;25.11;34.710;117.840;7.407;-35.375;42.782;esterna;19.05;-11.784;-9.932;49.072;59.952;60.856;201.6;29.74
TUBI;33;7;0;1.007;0.2139;398.79;374.19;385.78;24.60;34.710;117.840;7.407;-35.375;42.782;interna;16.00;-3.471;-105.764;-38.446;90.052;102.293;201.8;44.61
TUBI;33;7;0;1.007;0.2139;398.79;374.19;385.78;24.60;34.710;117.840;7.407;-35.375;42.782;media;17.52;-10.046;-53.964;6.779;54.321;60.743;201.8;26.91
TUBI;33;7;0;1.007;0.2139;398.79;374.19;385.78;24.60;34.710;117.840;7.407;-35.375;42.782;esterna;19.05;-11.784;-10.777;48.228;59.515;60.012;201.8;29.49
TUBI;34;7;0;1.063;0.2139;397.30;373.21;384.55;24.09;34.709;117.840;7.407;-35.375;42.782;interna;16.00;-3.471;-104.809;-37.491;89.327;101.338;202.1;44.20
TUBI;34;7;0;1.063;0.2139;397.30;373.21;384.55;24.09;34.709;117.840;7.407;-35.375;42.782;media;17.52;-10.007;-53.990;6.792;54.366;60.783;202.1;26.90
TUBI;34;7;0;1.063;0.2139;397.30;373.21;384.55;24.09;34.709;117.840;7.407;-35.375;42.782;esterna;19.05;-11.784;-11.627;47.378;59.084;59.162;202.1;29.24
TUBI;35;7;0;1.122;0.2139;395.79;372.22;383.32;23.57;34.709;117.840;7.407;-35.375;42.782;interna;16.00;-3.471;-103.840;-36.521;88.595;100.369;202.3;43.79
TUBI;35;7;0;1.122;0.2139;395.79;372.22;383.32;23.57;34.709;117.840;7.407;-35.375;42.782;media;17.52;-9.967;-54.017;6.806;54.411;60.823;202.3;26.89
TUBI;35;7;0;1.122;0.2139;395.79;372.22;383.32;23.57;34.709;117.840;7.407;-35.375;42.782;esterna;19.05;-11.784;-12.491;46.515;58.656;59.006;202.3;28.99
TUBI;36;7;0;1.182;0.2139;394.26;371.21;382.07;23.05;34.708;117.840;7.407;-35.375;42.782;interna;16.00;-3.471;-102.865;-35.546;87.863;99.394;202.6;43.37
TUBI;36;7;0;1.182;0.2139;394.26;371.21;382.07;23.05;34.708;117.840;7.407;-35.375;42.782;media;17.52;-9.927;-54.044;6.819;54.456;60.863;202.6;26.88
TUBI;36;7;0;1.182;0.2139;394.26;371.21;382.07;23.05;34.708;117.840;7.407;-35.375;42.782;esterna;19.05;-11.784;-13.359;45.647;58.234;59.006;202.6;28.75
TUBI;37;7;0;1.246;0.2139;392.82;370.27;380.89;22.56;34.708;117.840;7.407;-35.375;42.782;interna;16.00;-3.471;-101.953;-34.634;87.183;98.483;202.8;42.99
TUBI;37;7;0;1.246;0.2139;392.82;370.27;380.89;22.56;34.708;117.840;7.407;-35.375;42.782;media;17.52;-9.890;-54.069;6.831;54.499;60.900;202.8;26.87
TUBI;37;7;0;1.246;0.2139;392.82;370.27;380.89;22.56;34.708;117.840;7.407;-35.375;42.782;esterna;19.05;-11.784;-14.171;44.835;57.849;59.006;202.8;28.52
TUBI;38;7;0;1.311;0.2139;391.27;369.24;379.62;22.03;34.707;117.840;7.407;-35.375;42.782;interna;16.00;-3.471;-100.973;-33.654;86.457;97.503;203.1;42.57
TUBI;38;7;0;1.311;0.2139;391.27;369.24;379.62;22.03;34.707;117.840;7.407;-35.375;42.782;media;17.52;-9.850;-54.096;6.845;54.545;60.941;203.1;26.86
TUBI;38;7;0;1.311;0.2139;391.27;369.24;379.62;22.03;34.707;117.840;7.407;-35.375;42.782;esterna;19.05;-11.784;-15.045;43.962;57.446;59.006;203.1;28.29
TUBI;39;7;0;1.380;0.2139;389.71;368.21;378.33;21.50;34.706;117.840;7.407;-35.375;42.782;interna;16.00;-3.471;-99.980;-32.660;85.726;96.509;203.3;42.16
TUBI;39;7;0;1.380;0.2139;389.71;368.21;378.33;21.50;34.706;117.840;7.407;-35.375;42.782;media;17.52;-9.809;-54.124;6.858;54.591;60.982;203.3;26.85
TUBI;39;7;0;1.380;0.2139;389.71;368.21;378.33;21.50;34.706;117.840;7.407;-35.375;42.782;esterna;19.05;-11.784;-15.930;43.077;57.047;59.007;203.3;28.06
TUBI;40;7;0;1.452;0.2139;388.13;367.17;377.04;20.96;34.706;117.840;7.407;-35.375;42.782;interna;16.00;-3.471;-98.981;-31.661;84.997;95.511;203.6;41.75
TUBI;40;7;0;1.452;0.2139;388.13;367.17;377.04;20.96;34.706;117.840;7.407;-35.375;42.782;media;17.52;-9.768;-54.151;6.872;54.638;61.023;203.6;26.84
TUBI;40;7;0;1.452;0.2139;388.13;367.17;377.04;20.96;34.706;117.840;7.407;-35.375;42.782;esterna;19.05;-11.784;-16.819;42.188;56.657;59.007;203.6;27.83
TUBI;41;7;0;1.526;0.2139;386.54;366.12;375.74;20.43;34.705;117.840;7.407;-35.375;42.782;interna;16.00;-3.471;-97.984;-30.663;84.275;94.514;203.9;41.34
TUBI;41;7;0;1.526;0.2139;386.54;366.12;375.74;20.43;34.705;117.840;7.407;-35.375;42.782;media;17.52;-9.727;-54.179;6.886;54.684;61.064;203.9;26.83
TUBI;41;7;0;1.526;0.2139;386.54;366.12;375.74;20.43;34.705;117.840;7.407;-35.375;42.782;esterna;19.05;-11.784;-17.708;41.300;56.280;59.007;203.9;27.61
TUBI;42;7;0;1.603;0.2139;384.94;365.06;374.42;19.89;34.704;117.840;7.407;-35.375;42.782;interna;16.00;-3.470;-96.976;-29.654;83.549;93.505;204.1;40.93
TUBI;42;7;0;1.603;0.2139;384.94;365.06;374.42;19.89;34.704;117.840;7.407;-35.375;42.782;media;17.52;-9.686;-54.206;6.900;54.732;61.106;204.1;26.81
TUBI;42;7;0;1.603;0.2139;384.94;365.06;374.42;19.89;34.704;117.840;7.407;-35.375;42.782;esterna;19.05;-11.784;-18.606;40.402;55.910;59.008;204.1;27.39
TUBI;43;7;0;1.684;0.2139;383.33;363.99;373.10;19.34;34.704;117.840;7.407;-35.375;42.782;interna;16.00;-3.470;-95.963;-28.642;82.827;92.493;204.4;40.53
TUBI;43;7;0;1.684;0.2139;383.33;363.99;373.10;19.34;34.704;117.840;7.407;-35.375;42.782;media;17.52;-9.644;-54.234;6.913;54.779;61.148;204.4;26.80
TUBI;43;7;0;1.684;0.2139;383.33;363.99;373.10;19.34;34.704;117.840;7.407;-35.375;42.782;esterna;19.05;-11.784;-19.508;39.500;55.550;59.008;204.4;27.18
TUBI;44;7;0;1.768;0.2139;381.71;362.91;371.77;18.80;34.703;117.840;7.407;-35.375;42.782;interna;16.00;-3.470;-94.954;-27.632;82.113;91.483;204.6;40.12
TUBI;44;7;0;1.768;0.2139;381.71;362.91;371.77;18.80;34.703;117.840;7.407;-35.375;42.782;media;17.52;-9.603;-54.262;6.927;54.826;61.189;204.6;26.79
TUBI;44;7;0;1.768;0.2139;381.71;362.91;371.77;18.80;34.703;117.840;7.407;-35.375;42.782;esterna;19.05;-11.784;-20.408;38.601;55.204;59.008;204.6;26.98
TUBI;45;7;0;1.855;0.2139;380.08;361.83;370.43;18.25;34.702;117.840;7.407;-35.375;42.782;interna;16.00;-3.470;-93.935;-26.613;81.400;90.465;204.9;39.72
TUBI;45;7;0;1.855;0.2139;380.08;361.83;370.43;18.25;34.702;117.840;7.407;-35.375;42.782;media;17.52;-9.561;-54.290;6.941;54.874;61.232;204.9;26.78
TUBI;45;7;0;1.855;0.2139;380.08;361.83;370.43;18.25;34.702;117.840;7.407;-35.375;42.782;esterna;19.05;-11.784;-21.315;37.694;54.868;59.009;204.9;26.78
TUBI;46;7;0;1.947;0.2139;378.45;360.74;369.08;17.71;34.702;117.840;7.407;-35.375;42.782;interna;16.00;-3.470;-92.915;-25.592;80.691;89.445;205.2;39.33
TUBI;46;7;0;1.947;0.2139;378.45;360.74;369.08;17.71;34.702;117.840;7.407;-35.375;42.782;media;17.52;-9.519;-54.319;6.955;54.922;61.274;205.2;26.77
TUBI;46;7;0;1.947;0.2139;378.45;360.74;369.08;17.71;34.702;117.840;7.407;-35.375;42.782;esterna;19.05;-11.784;-22.224;36.785;54.543;59.009;205.2;26.58
TUBI;47;7;0;2.041;0.2139;376.80;359.65;367.73;17.16;34.701;117.840;7.407;-35.375;42.782;interna;16.00;-3.470;-91.893;-24.570;79.989;88.423;205.5;38.93
TUBI;47;7;0;2.041;0.2139;376.80;359.65;367.73;17.16;34.701;117.840;7.407;-35.375;42.782;media;17.52;-9.477;-54.347;6.969;54.970;61.316;205.5;26.76
TUBI;47;7;0;2.041;0.2139;376.80;359.65;367.73;17.16;34.701;117.840;7.407;-35.375;42.782;esterna;19.05;-11.784;-23.134;35.875;54.232;59.009;205.5;26.40
TUBI;48;7;0;2.140;0.2139;375.16;358.55;366.37;16.61;34.700;117.840;7.407;-35.375;42.782;interna;16.00;-3.470;-90.878;-23.554;79.297;87.408;205.7;38.54
TUBI;48;7;0;2.140;0.2139;375.16;358.55;366.37;16.61;34.700;117.840;7.407;-35.375;42.782;media;17.52;-9.436;-54.375;6.983;55.018;61.358;205.7;26.74
TUBI;48;7;0;2.140;0.2139;375.16;358.55;366.37;16.61;34.700;117.840;7.407;-35.375;42.782;esterna;19.05;-11.784;-24.040;34.970;53.937;59.010;205.7;26.22
TUBI;49;7;0;2.243;0.2139;373.51;357.45;365.01;16.06;34.699;117.840;7.407;-35.375;42.782;interna;16.00;-3.470;-89.857;-22.533;78.609;86.387;206.0;38.16
TUBI;49;7;0;2.243;0.2139;373.51;357.45;365.01;16.06;34.699;117.840;7.407;-35.375;42.782;media;17.52;-9.394;-54.403;6.997;55.066;61.400;206.0;26.73
TUBI;49;7;0;2.243;0.2139;373.51;357.45;365.01;16.06;34.699;117.840;7.407;-35.375;42.782;esterna;19.05;-11.784;-24.949;34.061;53.653;59.010;206.0;26.05
TUBI;50;7;0;2.350;0.2139;371.86;356.34;363.65;15.52;34.698;117.840;7.407;-35.375;42.782;interna;16.00;-3.470;-88.838;-21.513;77.929;85.368;206.3;37.78
TUBI;50;7;0;2.350;0.2139;371.86;356.34;363.65;15.52;34.698;117.840;7.407;-35.375;42.782;media;17.52;-9.352;-54.432;7.011;55.114;61.442;206.3;26.72
TUBI;50;7;0;2.350;0.2139;371.86;356.34;363.65;15.52;34.698;117.840;7.407;-35.375;42.782;esterna;19.05;-11.784;-25.857;33.154;53.384;59.011;206.3;25.88
TUBI;51;7;0;2.461;0.2139;370.21;355.24;362.29;14.97;34.697;117.840;7.407;-35.375;42.782;interna;16.00;-3.470;-87.822;-20.497;77.259;84.352;206.5;37.41
TUBI;51;7;0;2.461;0.2139;370.21;355.24;362.29;14.97;34.697;117.840;7.407;-35.375;42.782;media;17.52;-9.311;-54.460;7.025;55.162;61.484;206.5;26.71
TUBI;51;7;0;2.461;0.2139;370.21;355.24;362.29;14.97;34.697;117.840;7.407;-35.375;42.782;esterna;19.05;-11.784;-26.762;32.249;53.130;59.011;206.5;25.72
TUBI;52;7;0;2.578;0.2139;368.57;354.13;360.93;14.43;34.697;117.840;7.407;-35.375;42.782;interna;16.00;-3.470;-86.815;-19.490;76.603;83.346;206.8;37.04
TUBI;52;7;0;2.578;0.2139;368.57;354.13;360.93;14.43;34.697;117.840;7.407;-35.375;42.782;media;17.52;-9.269;-54.488;7.039;55.209;61.526;206.8;26.70
TUBI;52;7;0;2.578;0.2139;368.57;354.13;360.93;14.43;34.697;117.840;7.407;-35.375;42.782;esterna;19.05;-11.784;-27.660;31.352;52.892;59.011;206.8;25.57
TUBI;53;7;0;2.698;0.2139;366.92;353.03;359.57;13.89;34.696;117.840;7.407;-35.375;42.782;interna;16.00;-3.470;-85.809;-18.483;75.954;82.339;207.1;36.68
TUBI;53;7;0;2.698;0.2139;366.92;353.03;359.57;13.89;34.696;117.840;7.407;-35.375;42.782;media;17.52;-9.228;-54.516;7.052;55.257;61.568;207.1;26.68
TUBI;53;7;0;2.698;0.2139;366.92;353.03;359.57;13.89;34.696;117.840;7.407;-35.375;42.782;esterna;19.05;-11.784;-28.557;30.455;52.668;59.012;207.1;25.43
TUBI;54;7;0;2.824;0.2139;365.31;351.96;358.25;13.35;34.695;117.840;7.407;-35.375;42.782;interna;16.00;-3.469;-84.806;-17.479;75.315;81.336;207.4;36.32
TUBI;54;7;0;2.824;0.2139;365.31;351.96;358.25;13.35;34.695;117.840;7.407;-35.375;42.782;media;17.52;-9.187;-54.543;7.066;55.304;61.609;207.4;26.67
TUBI;54;7;0;2.824;0.2139;365.31;351.96;358.25;13.35;34.695;117.840;7.407;-35.375;42.782;esterna;19.05;-11.784;-29.450;29.562;52.460;59.012;207.4;25.30
TUBI;55;7;0;2.955;0.2139;363.67;350.85;356.89;12.82;34.694;117.840;7.407;-35.375;42.782;interna;16.00;-3.469;-83.820;-16.492;74.695;80.350;207.6;35.98
TUBI;55;7;0;2.955;0.2139;363.67;350.85;356.89;12.82;34.694;117.840;7.407;-35.375;42.782;media;17.52;-9.146;-54.571;7.080;55.351;61.650;207.6;26.66
TUBI;55;7;0;2.955;0.2139;363.67;350.85;356.89;12.82;34.694;117.840;7.407;-35.375;42.782;esterna;19.05;-11.784;-30.329;28.684;52.269;59.013;207.6;25.17
TUBI;56;7;0;3.092;0.2139;362.04;349.74;355.53;12.30;34.693;117.840;7.407;-35.375;42.782;interna;16.00;-3.469;-82.838;-15.510;74.086;79.369;207.9;35.64
TUBI;56;7;0;3.092;0.2139;362.04;349.74;355.53;12.30;34.693;117.840;7.407;-35.375;42.782;media;17.52;-9.106;-54.598;7.093;55.397;61.691;207.9;26.65
TUBI;56;7;0;3.092;0.2139;362.04;349.74;355.53;12.30;34.693;117.840;7.407;-35.375;42.782;esterna;19.05;-11.784;-31.204;27.809;52.093;59.013;207.9;25.06
TUBI;57;7;0;3.234;0.2139;360.42;348.64;354.19;11.77;34.692;117.840;7.407;-35.375;42.782;interna;16.00;-3.469;-81.866;-14.537;73.491;78.397;208.2;35.30
TUBI;57;7;0;3.234;0.2139;360.42;348.64;354.19;11.77;34.692;117.840;7.407;-35.375;42.782;media;17.52;-9.066;-54.625;7.106;55.443;61.731;208.2;26.63
TUBI;57;7;0;3.234;0.2139;360.42;348.64;354.19;11.77;34.692;117.840;7.407;-35.375;42.782;esterna;19.05;-11.784;-32.071;26.943;51.932;59.014;208.2;24.95
TUBI;58;7;0;3.382;0.2139;358.82;347.56;352.86;11.26;34.691;117.840;7.407;-35.375;42.782;interna;16.00;-3.469;-80.905;-13.576;72.910;77.436;208.4;34.98
TUBI;58;7;0;3.382;0.2139;358.82;347.56;352.86;11.26;34.691;117.840;7.407;-35.375;42.782;media;17.52;-9.027;-54.652;7.120;55.489;61.771;208.4;26.62
TUBI;58;7;0;3.382;0.2139;358.82;347.56;352.86;11.26;34.691;117.840;7.407;-35.375;42.782;esterna;19.05;-11.784;-32.927;26.087;51.788;59.014;208.4;24.85
TUBI;59;7;0;3.536;0.2139;357.24;346.48;351.55;10.75;34.690;117.840;7.407;-35.375;42.782;interna;16.00;-3.469;-79.961;-12.631;72.347;76.492;208.7;34.67
TUBI;59;7;0;3.536;0.2139;357.24;346.48;351.55;10.75;34.690;117.840;7.407;-35.375;42.782;media;17.52;-8.988;-54.678;7.132;55.534;61.811;208.7;26.61
TUBI;59;7;0;3.536;0.2139;357.24;346.48;351.55;10.75;34.690;117.840;7.407;-35.375;42.782;esterna;19.05;-11.784;-33.769;25.246;51.659;59.015;208.7;24.75
TUBI;60;7;0;3.697;0.2139;355.67;345.42;350.25;10.25;34.688;117.840;7.407;-35.375;42.782;interna;16.00;-3.469;-79.026;-11.696;71.798;75.558;208.9;34.36
TUBI;60;7;0;3.697;0.2139;355.67;345.42;350.25;10.25;34.688;117.840;7.407;-35.375;42.782;media;17.52;-8.950;-54.704;7.145;55.578;61.850;208.9;26.60
TUBI;60;7;0;3.697;0.2139;355.67;345.42;350.25;10.25;34.688;117.840;7.407;-35.375;42.782;esterna;19.05;-11.784;-34.602;24.413;51.545;59.015;208.9;24.67
TUBI;61;7;0;3.864;0.2139;354.14;344.38;348.98;9.76;34.687;117.840;7.407;-35.375;42.782;interna;16.00;-3.469;-78.110;-10.779;71.268;74.642;209.2;34.07
TUBI;61;7;0;3.864;0.2139;354.14;344.38;348.98;9.76;34.687;117.840;7.407;-35.375;42.782;media;17.52;-8.912;-54.730;7.158;55.622;61.888;209.2;26.59
TUBI;61;7;0;3.864;0.2139;354.14;344.38;348.98;9.76;34.687;117.840;7.407;-35.375;42.782;esterna;19.05;-11.784;-35.419;23.597;51.446;59.016;209.2;24.59
TUBI;62;7;0;4.038;0.2139;352.63;343.35;347.72;9.27;34.686;117.840;7.407;-35.375;42.782;interna;16.00;-3.469;-77.207;-9.875;70.753;73.739;209.5;33.78
TUBI;62;7;0;4.038;0.2139;352.63;343.35;347.72;9.27;34.686;117.840;7.407;-35.375;42.782;media;17.52;-8.875;-54.755;7.170;55.665;61.925;209.5;26.58
TUBI;62;7;0;4.038;0.2139;352.63;343.35;347.72;9.27;34.686;117.840;7.407;-35.375;42.782;esterna;19.05;-11.784;-36.224;22.792;51.360;59.016;209.5;24.52
TUBI;63;7;0;4.219;0.2139;351.14;342.34;346.49;8.80;34.685;117.840;7.407;-35.375;42.782;interna;16.00;-3.468;-76.321;-8.989;70.256;72.853;209.7;33.50
TUBI;63;7;0;4.219;0.2139;351.14;342.34;346.49;8.80;34.685;117.840;7.407;-35.375;42.782;media;17.52;-8.839;-54.780;7.182;55.707;61.962;209.7;26.56
TUBI;63;7;0;4.219;0.2139;351.14;342.34;346.49;8.80;34.685;117.840;7.407;-35.375;42.782;esterna;19.05;-11.784;-37.014;22.003;51.289;59.017;209.7;24.46
TUBI;64;7;0;4.407;0.2139;349.69;341.36;345.28;8.33;34.684;117.840;7.407;-35.375;42.782;interna;16.00;-3.468;-75.457;-8.124;69.778;71.989;209.9;33.24
TUBI;64;7;0;4.407;0.2139;349.69;341.36;345.28;8.33;34.684;117.840;7.407;-35.375;42.782;media;17.52;-8.803;-54.804;7.194;55.748;61.998;209.9;26.55
TUBI;64;7;0;4.407;0.2139;349.69;341.36;345.28;8.33;34.684;117.840;7.407;-35.375;42.782;esterna;19.05;-11.784;-37.784;21.233;51.231;59.018;209.9;24.40
TUBI;65;7;0;4.604;0.2139;348.27;340.39;344.10;7.88;34.682;117.840;7.407;-35.375;42.782;interna;16.00;-3.468;-74.613;-7.279;69.318;71.144;210.2;32.98
TUBI;65;7;0;4.604;0.2139;348.27;340.39;344.10;7.88;34.682;117.840;7.407;-35.375;42.782;media;17.52;-8.769;-54.828;7.206;55.789;62.034;210.2;26.54
TUBI;65;7;0;4.604;0.2139;348.27;340.39;344.10;7.88;34.682;117.840;7.407;-35.375;42.782;esterna;19.05;-11.784;-38.538;20.481;51.186;59.018;210.2;24.35
TUBI;66;7;0;4.809;0.2139;346.88;339.45;342.95;7.44;34.681;117.840;7.407;-35.375;42.782;interna;16.00;-3.468;-73.786;-6.451;68.875;70.318;210.4;32.73
TUBI;66;7;0;4.809;0.2139;346.88;339.45;342.95;7.44;34.681;117.840;7.407;-35.375;42.782;media;17.52;-8.735;-54.851;7.217;55.828;62.068;210.4;26.53
TUBI;66;7;0;4.809;0.2139;346.88;339.45;342.95;7.44;34.681;117.840;7.407;-35.375;42.782;esterna;19.05;-11.784;-39.275;19.744;51.152;59.019;210.4;24.31
TUBI;67;7;0;5.022;0.2139;345.53;338.53;341.83;7.01;34.680;117.840;7.407;-35.375;42.782;interna;16.00;-3.468;-72.984;-5.648;68.452;69.516;210.6;32.50
TUBI;67;7;0;5.022;0.2139;345.53;338.53;341.83;7.01;34.680;117.840;7.407;-35.375;42.782;media;17.52;-8.702;-54.874;7.228;55.867;62.102;210.6;26.52
TUBI;67;7;0;5.022;0.2139;345.53;338.53;341.83;7.01;34.680;117.840;7.407;-35.375;42.782;esterna;19.05;-11.784;-39.991;19.029;51.129;59.020;210.6;24.27
TUBI;68;7;0;5.243;0.2139;344.22;337.63;340.74;6.59;34.678;117.840;7.407;-35.375;42.782;interna;16.00;-3.468;-72.204;-4.867;68.047;68.736;210.9;32.27
TUBI;68;7;0;5.243;0.2139;344.22;337.63;340.74;6.59;34.678;117.840;7.407;-35.375;42.782;media;17.52;-8.670;-54.896;7.239;55.904;62.134;210.9;26.51
TUBI;68;7;0;5.243;0.2139;344.22;337.63;340.74;6.59;34.678;117.840;7.407;-35.375;42.782;esterna;19.05;-11.784;-40.686;18.334;51.117;59.020;210.9;24.24
TUBI;69;7;0;5.474;0.2139;342.95;336.77;339.68;6.18;34.677;117.840;7.407;-35.375;42.782;interna;16.00;-3.468;-71.447;-4.110;67.661;67.980;211.1;32.06
TUBI;69;7;0;5.474;0.2139;342.95;336.77;339.68;6.18;34.677;117.840;7.407;-35.375;42.782;media;17.52;-8.639;-54.917;7.249;55.941;62.166;211.1;26.50
TUBI;69;7;0;5.474;0.2139;342.95;336.77;339.68;6.18;34.677;117.840;7.407;-35.375;42.782;esterna;19.05;-11.784;-41.361;17.660;51.114;59.021;211.1;24.22
TUBI;70;7;0;5.715;0.2139;341.72;335.93;338.66;5.79;34.675;117.840;7.407;-35.375;42.782;interna;16.00;-3.468;-70.715;-3.377;67.293;67.338;211.3;31.85
TUBI;70;7;0;5.715;0.2139;341.72;335.93;338.66;5.79;34.675;117.840;7.407;-35.375;42.782;media;17.52;-8.609;-54.938;7.259;55.976;62.197;211.3;26.50
TUBI;70;7;0;5.715;0.2139;341.72;335.93;338.66;5.79;34.675;117.840;7.407;-35.375;42.782;esterna;19.05;-11.784;-42.014;17.007;51.119;59.022;211.3;24.20
TUBI;71;7;0;5.965;0.2139;340.53;335.12;337.67;5.41;34.674;117.840;7.407;-35.375;42.782;interna;16.00;-3.467;-70.008;-2.669;66.943;67.339;211.5;31.66
TUBI;71;7;0;5.965;0.2139;340.53;335.12;337.67;5.41;34.674;117.840;7.407;-35.375;42.782;media;17.52;-8.580;-54.958;7.269;56.010;62.227;211.5;26.49
TUBI;71;7;0;5.965;0.2139;340.53;335.12;337.67;5.41;34.674;117.840;7.407;-35.375;42.782;esterna;19.05;-11.784;-42.646;16.377;51.133;59.022;211.5;24.18
TUBI;72;7;0;6.226;0.2139;339.38;334.34;336.71;5.04;34.672;117.840;7.407;-35.375;42.782;interna;16.00;-3.467;-69.326;-1.986;66.612;67.340;211.7;31.47
TUBI;72;7;0;6.226;0.2139;339.38;334.34;336.71;5.04;34.672;117.840;7.407;-35.375;42.782;media;17.52;-8.552;-54.977;7.278;56.043;62.255;211.7;26.48
TUBI;72;7;0;6.226;0.2139;339.38;334.34;336.71;5.04;34.672;117.840;7.407;-35.375;42.782;esterna;19.05;-11.784;-43.254;15.769;51.153;59.023;211.7;24.17
TUBI;73;7;0;6.498;0.2139;338.28;333.59;335.80;4.69;34.671;117.840;7.407;-35.375;42.782;interna;16.00;-3.467;-68.670;-1.329;66.298;67.341;211.8;31.30
TUBI;73;7;0;6.498;0.2139;338.28;333.59;335.80;4.69;34.671;117.840;7.407;-35.375;42.782;media;17.52;-8.525;-54.996;7.287;56.075;62.283;211.8;26.47
TUBI;73;7;0;6.498;0.2139;338.28;333.59;335.80;4.69;34.671;117.840;7.407;-35.375;42.782;esterna;19.05;-11.784;-43.840;15.184;51.179;59.024;211.8;24.16
TUBI;74;7;0;6.780;0.2139;337.22;332.87;334.92;4.35;34.669;117.840;7.407;-35.375;42.782;interna;16.00;-3.467;-68.041;-0.699;66.001;67.342;212.0;31.13
TUBI;74;7;0;6.780;0.2139;337.22;332.87;334.92;4.35;34.669;117.840;7.407;-35.375;42.782;media;17.52;-8.499;-55.014;7.296;56.106;62.310;212.0;26.46
TUBI;74;7;0;6.780;0.2139;337.22;332.87;334.92;4.35;34.669;117.840;7.407;-35.375;42.782;esterna;19.05;-11.784;-44.402;14.623;51.211;59.025;212.0;24.15
TUBI;75;7;0;7.075;0.2139;336.21;332.18;334.08;4.03;34.667;117.840;7.407;-35.375;42.782;interna;16.00;-3.467;-67.438;-0.095;65.722;67.343;212.2;30.97
TUBI;75;7;0;7.075;0.2139;336.21;332.18;334.08;4.03;34.667;117.840;7.407;-35.375;42.782;media;17.52;-8.474;-55.031;7.304;56.135;62.335;212.2;26.46
TUBI;75;7;0;7.075;0.2139;336.21;332.18;334.08;4.03;34.667;117.840;7.407;-35.375;42.782;esterna;19.05;-11.784;-44.940;14.086;51.247;59.025;212.2;24.15
TUBI;76;7;0;7.381;0.2139;335.25;331.53;333.28;3.72;34.666;117.840;7.407;-35.375;42.782;interna;16.00;-3.467;-66.864;0.480;65.460;67.344;212.3;30.83
TUBI;76;7;0;7.381;0.2139;335.25;331.53;333.28;3.72;34.666;117.840;7.407;-35.375;42.782;media;17.52;-8.450;-55.048;7.312;56.163;62.360;212.3;26.45
TUBI;76;7;0;7.381;0.2139;335.25;331.53;333.28;3.72;34.666;117.840;7.407;-35.375;42.782;esterna;19.05;-11.784;-45.453;13.574;51.287;59.026;212.3;24.15
TUBI;77;7;0;7.701;0.2139;334.33;330.90;332.52;3.42;34.664;117.840;7.407;-35.375;42.782;interna;16.00;-3.466;-66.315;1.029;65.213;67.345;212.5;30.69
TUBI;77;7;0;7.701;0.2139;334.33;330.90;332.52;3.42;34.664;117.840;7.407;-35.375;42.782;media;17.52;-8.428;-55.064;7.319;56.190;62.383;212.5;26.44
TUBI;77;7;0;7.701;0.2139;334.33;330.90;332.52;3.42;34.664;117.840;7.407;-35.375;42.782;esterna;19.05;-11.784;-45.943;13.084;51.330;59.027;212.5;24.16
TUBI;78;7;0;8.033;0.2139;333.46;330.31;331.79;3.14;34.662;117.840;7.407;-35.375;42.782;interna;16.00;-3.466;-65.795;1.550;64.983;67.346;212.6;30.56
TUBI;78;7;0;8.033;0.2139;333.46;330.31;331.79;3.14;34.662;117.840;7.407;-35.375;42.782;media;17.52;-8.406;-55.079;7.326;56.215;62.406;212.6;26.44
TUBI;78;7;0;8.033;0.2139;333.46;330.31;331.79;3.14;34.662;117.840;7.407;-35.375;42.782;esterna;19.05;-11.784;-46.408;12.620;51.374;59.028;212.6;24.16
TUBI;79;7;0;8.379;0.2139;332.63;329.75;331.11;2.88;34.660;117.840;7.407;-35.375;42.782;interna;16.00;-3.466;-65.301;2.045;64.767;67.347;212.8;30.44
TUBI;79;7;0;8.379;0.2139;332.63;329.75;331.11;2.88;34.660;117.840;7.407;-35.375;42.782;media;17.52;-8.386;-55.094;7.333;56.240;62.427;212.8;26.43
TUBI;79;7;0;8.379;0.2139;332.63;329.75;331.11;2.88;34.660;117.840;7.407;-35.375;42.782;esterna;19.05;-11.784;-46.849;12.180;51.421;59.029;212.8;24.17
TUBI;80;7;0;8.740;0.2139;331.85;329.22;330.46;2.63;34.658;117.840;7.407;-35.375;42.782;interna;16.00;-3.466;-64.835;2.513;64.567;67.348;212.9;30.33
TUBI;80;7;0;8.740;0.2139;331.85;329.22;330.46;2.63;34.658;117.840;7.407;-35.375;42.782;media;17.52;-8.367;-55.107;7.340;56.263;62.447;212.9;26.43
TUBI;80;7;0;8.740;0.2139;331.85;329.22;330.46;2.63;34.658;117.840;7.407;-35.375;42.782;esterna;19.05;-11.784;-47.266;11.764;51.468;59.030;212.9;24.17
TUBI;81;7;0;9.115;0.2139;331.11;328.72;329.85;2.39;34.656;117.840;7.407;-35.375;42.782;interna;16.00;-3.466;-64.396;2.953;64.380;67.349;213.0;30.22
TUBI;81;7;0;9.115;0.2139;331.11;328.72;329.85;2.39;34.656;117.840;7.407;-35.375;42.782;media;17.52;-8.349;-55.120;7.346;56.285;62.466;213.0;26.42
TUBI;81;7;0;9.115;0.2139;331.11;328.72;329.85;2.39;34.656;117.840;7.407;-35.375;42.782;esterna;19.05;-11.784;-47.659;11.371;51.516;59.031;213.0;24.18
TUBI;82;7;0;9.506;0.2139;330.42;328.25;329.28;2.17;34.654;117.840;7.407;-35.375;42.782;interna;16.00;-3.465;-63.983;3.368;64.207;67.350;213.1;30.12
TUBI;82;7;0;9.506;0.2139;330.42;328.25;329.28;2.17;34.654;117.840;7.407;-35.375;42.782;media;17.52;-8.332;-55.133;7.351;56.305;62.484;213.1;26.42
TUBI;82;7;0;9.506;0.2139;330.42;328.25;329.28;2.17;34.654;117.840;7.407;-35.375;42.782;esterna;19.05;-11.784;-48.029;11.003;51.564;59.032;213.1;24.19
TUBI;83;7;0;9.913;0.2139;329.77;327.82;328.74;1.96;34.652;117.840;7.407;-35.375;42.782;interna;16.00;-3.465;-63.596;3.756;64.047;67.352;213.3;30.03
TUBI;83;7;0;9.913;0.2139;329.77;327.82;328.74;1.96;34.652;117.840;7.407;-35.375;42.782;media;17.52;-8.316;-55.144;7.357;56.325;62.501;213.3;26.41
TUBI;83;7;0;9.913;0.2139;329.77;327.82;328.74;1.96;34.652;117.840;7.407;-35.375;42.782;esterna;19.05;-11.784;-48.376;10.657;51.611;59.033;213.3;24.20
TUBI;84;7;0;10.337;0.2139;329.17;327.41;328.24;1.76;34.650;117.840;7.407;-35.375;42.782;interna;16.00;-3.465;-63.234;4.119;63.899;67.353;213.4;29.95
TUBI;84;7;0;10.337;0.2139;329.17;327.41;328.24;1.76;34.650;117.840;7.407;-35.375;42.782;media;17.52;-8.301;-55.156;7.362;56.343;62.517;213.4;26.41
TUBI;84;7;0;10.337;0.2139;329.17;327.41;328.24;1.76;34.650;117.840;7.407;-35.375;42.782;esterna;19.05;-11.784;-48.700;10.334;51.657;59.034;213.4;24.21
TUBI;85;7;0;10.778;0.2139;328.61;327.02;327.77;1.58;34.647;117.840;7.407;-35.375;42.782;interna;16.00;-3.465;-62.898;4.457;63.764;67.354;213.4;29.87
TUBI;85;7;0;10.778;0.2139;328.61;327.02;327.77;1.58;34.647;117.840;7.407;-35.375;42.782;media;17.52;-8.287;-55.166;7.366;56.360;62.532;213.4;26.40
TUBI;85;7;0;10.778;0.2139;328.61;327.02;327.77;1.58;34.647;117.840;7.407;-35.375;42.782;esterna;19.05;-11.784;-49.002;10.033;51.702;59.035;213.4;24.22
TUBI;86;7;0;11.238;0.2139;328.09;326.67;327.34;1.41;34.645;117.840;7.407;-35.375;42.782;interna;16.00;-3.465;-62.585;4.770;63.639;67.356;213.5;29.80
TUBI;86;7;0;11.238;0.2139;328.09;326.67;327.34;1.41;34.645;117.840;7.407;-35.375;42.782;media;17.52;-8.274;-55.176;7.371;56.376;62.546;213.5;26.40
TUBI;86;7;0;11.238;0.2139;328.09;326.67;327.34;1.41;34.645;117.840;7.407;-35.375;42.782;esterna;19.05;-11.784;-49.282;9.754;51.746;59.036;213.5;24.23
TUBI;87;7;0;11.716;0.2139;327.60;326.34;326.94;1.26;34.643;117.840;7.407;-35.375;42.782;interna;16.00;-3.464;-62.297;5.060;63.525;67.357;213.6;29.74
TUBI;87;7;0;11.716;0.2139;327.60;326.34;326.94;1.26;34.643;117.840;7.407;-35.375;42.782;media;17.52;-8.262;-55.185;7.375;56.391;62.559;213.6;26.40
TUBI;87;7;0;11.716;0.2139;327.60;326.34;326.94;1.26;34.643;117.840;7.407;-35.375;42.782;esterna;19.05;-11.784;-49.542;9.496;51.787;59.037;213.6;24.24
TUBI;88;7;0;12.214;0.2139;327.16;326.04;326.57;1.12;34.640;117.840;7.407;-35.375;42.782;interna;16.00;-3.464;-62.031;5.327;63.421;67.358;213.7;29.68
TUBI;88;7;0;12.214;0.2139;327.16;326.04;326.57;1.12;34.640;117.840;7.407;-35.375;42.782;media;17.52;-8.251;-55.193;7.378;56.405;62.572;213.7;26.40
TUBI;88;7;0;12.214;0.2139;327.16;326.04;326.57;1.12;34.640;117.840;7.407;-35.375;42.782;esterna;19.05;-11.784;-49.781;9.258;51.827;59.038;213.7;24.25
TUBI;89;7;0;12.733;0.2139;326.75;325.76;326.23;0.98;34.638;117.840;7.407;-35.375;42.782;interna;16.00;-3.464;-61.788;5.572;63.327;67.360;213.8;29.63
TUBI;89;7;0;12.733;0.2139;326.75;325.76;326.23;0.98;34.638;117.840;7.407;-35.375;42.782;media;17.52;-8.241;-55.202;7.382;56.418;62.583;213.8;26.39
TUBI;89;7;0;12.733;0.2139;326.75;325.76;326.23;0.98;34.638;117.840;7.407;-35.375;42.782;esterna;19.05;-11.784;-50.000;9.040;51.864;59.040;213.8;24.26
TUBI;0;8;0;0.007;0.3565;342.72;336.56;339.46;6.16;34.740;117.840;7.732;-35.051;42.783;interna;16.00;-3.474;-71.375;-3.750;67.764;67.901;211.1;32.10
TUBI;0;8;0;0.007;0.3565;342.72;336.56;339.46;6.16;34.740;117.840;7.732;-35.051;42.783;media;17.52;-8.640;-54.885;7.575;56.137;62.460;211.1;26.59
TUBI;0;8;0;0.007;0.3565;342.72;336.56;339.46;6.16;34.740;117.840;7.732;-35.051;42.783;esterna;19.05;-11.784;-41.362;17.954;51.369;59.316;211.1;24.33
TUBI;1;8;0;0.022;0.3565;342.70;336.54;339.44;6.16;34.725;117.840;7.732;-35.051;42.783;interna;16.00;-3.472;-71.373;-3.738;67.768;67.900;211.1;32.10
TUBI;1;8;0;0.022;0.3565;342.70;336.54;339.44;6.16;34.725;117.840;7.732;-35.051;42.783;media;17.52;-8.639;-54.893;7.575;56.146;62.468;211.1;26.60
TUBI;1;8;0;0.022;0.3565;342.70;336.54;339.44;6.16;34.725;117.840;7.732;-35.051;42.783;esterna;19.05;-11.784;-41.379;17.944;51.375;59.323;211.1;24.34
TUBI;2;8;0;0.037;0.3565;342.68;336.53;339.43;6.15;34.725;117.840;7.732;-35.051;42.783;interna;16.00;-3.472;-71.361;-3.727;67.762;67.889;211.1;32.10
TUBI;2;8;0;0.037;0.3565;342.68;336.53;339.43;6.15;34.725;117.840;7.732;-35.051;42.783;media;17.52;-8.638;-54.894;7.575;56.146;62.469;211.1;26.60
TUBI;2;8;0;0.037;0.3565;342.68;336.53;339.43;6.15;34.725;117.840;7.732;-35.051;42.783;esterna;19.05;-11.784;-41.390;17.933;51.376;59.323;211.1;24.34
TUBI;3;8;0;0.053;0.3565;342.66;336.52;339.41;6.14;34.724;117.840;7.732;-35.051;42.783;interna;16.00;-3.472;-71.350;-3.714;67.756;67.877;211.1;32.09
TUBI;3;8;0;0.053;0.3565;342.66;336.52;339.41;6.14;34.724;117.840;7.732;-35.051;42.783;media;17.52;-8.638;-54.894;7.575;56.147;62.470;211.1;26.60
TUBI;3;8;0;0.053;0.3565;342.66;336.52;339.41;6.14;34.724;117.840;7.732;-35.051;42.783;esterna;19.05;-11.784;-41.401;17.922;51.376;59.324;211.1;24.34
TUBI;4;8;0;0.070;0.3565;342.51;336.42;339.29;6.10;34.724;117.840;7.732;-35.051;42.783;interna;16.00;-3.472;-71.261;-3.626;67.712;67.789;211.1;32.07
TUBI;4;8;0;0.070;0.3565;342.51;336.42;339.29;6.10;34.724;117.840;7.732;-35.051;42.783;media;17.52;-8.634;-54.897;7.577;56.151;62.473;211.1;26.59
TUBI;4;8;0;0.070;0.3565;342.51;336.42;339.29;6.10;34.724;117.840;7.732;-35.051;42.783;esterna;19.05;-11.784;-41.480;17.844;51.376;59.324;211.1;24.33
TUBI;5;8;0;0.087;0.3565;342.39;336.33;339.19;6.06;34.723;117.840;7.732;-35.051;42.783;interna;16.00;-3.472;-71.189;-3.554;67.676;67.717;211.2;32.05
TUBI;5;8;0;0.087;0.3565;342.39;336.33;339.19;6.06;34.723;117.840;7.732;-35.051;42.783;media;17.52;-8.631;-54.899;7.578;56.155;62.477;211.2;26.59
TUBI;5;8;0;0.087;0.3565;342.39;336.33;339.19;6.06;34.723;117.840;7.732;-35.051;42.783;esterna;19.05;-11.784;-41.545;17.779;51.376;59.324;211.2;24.33
TUBI;6;8;0;0.105;0.3565;342.29;336.26;339.10;6.02;34.723;117.840;7.732;-35.051;42.783;interna;16.00;-3.472;-71.128;-3.492;67.646;67.656;211.2;32.03
TUBI;6;8;0;0.105;0.3565;342.29;336.26;339.10;6.02;34.723;117.840;7.732;-35.051;42.783;media;17.52;-8.629;-54.901;7.578;56.158;62.479;211.2;26.59
TUBI;6;8;0;0.105;0.3565;342.29;336.26;339.10;6.02;34.723;117.840;7.732;-35.051;42.783;esterna;19.05;-11.784;-41.600;17.725;51.376;59.324;211.2;24.33
TUBI;7;8;0;0.124;0.3565;342.20;336.20;339.03;5.99;34.722;117.840;7.732;-35.051;42.783;interna;16.00;-3.472;-71.073;-3.437;67.618;67.636;211.2;32.02
TUBI;7;8;0;0.124;0.3565;342.20;336.20;339.03;5.99;34.722;117.840;7.732;-35.051;42.783;media;17.52;-8.626;-54.903;7.579;56.161;62.482;211.2;26.59
TUBI;7;8;0;0.124;0.3565;342.20;336.20;339.03;5.99;34.722;117.840;7.732;-35.051;42.783;esterna;19.05;-11.784;-41.649;17.675;51.377;59.324;211.2;24.33
TUBI;8;8;0;0.144;0.3565;342.12;336.15;338.96;5.97;34.722;117.840;7.732;-35.051;42.783;interna;16.00;-3.472;-71.025;-3.389;67.595;67.637;211.2;32.00
TUBI;8;8;0;0.144;0.3565;342.12;336.15;338.96;5.97;34.722;117.840;7.732;-35.051;42.783;media;17.52;-8.624;-54.904;7.580;56.164;62.484;211.2;26.59
TUBI;8;8;0;0.144;0.3565;342.12;336.15;338.96;5.97;34.722;117.840;7.732;-35.051;42.783;esterna;19.05;-11.784;-41.692;17.632;51.377;59.325;211.2;24.33
TUBI;9;8;0;0.164;0.3565;342.04;336.10;338.90;5.94;34.721;117.840;7.732;-35.051;42.783;interna;16.00;-3.472;-70.981;-3.345;67.573;67.637;211.2;31.99
TUBI;9;8;0;0.164;0.3565;342.04;336.10;338.90;5.94;34.721;117.840;7.732;-35.051;42.783;media;17.52;-8.623;-54.906;7.580;56.166;62.486;211.2;26.59
TUBI;9;8;0;0.164;0.3565;342.04;336.10;338.90;5.94;34.721;117.840;7.732;-35.051;42.783;esterna;19.05;-11.784;-41.732;17.593;51.378;59.325;211.2;24.32
TUBI;10;8;0;0.185;0.3565;341.97;336.05;338.84;5.92;34.721;117.840;7.732;-35.051;42.783;interna;16.00;-3.472;-70.941;-3.304;67.553;67.637;211.2;31.98
TUBI;10;8;0;0.185;0.3565;341.97;336.05;338.84;5.92;34.721;117.840;7.732;-35.051;42.783;media;17.52;-8.621;-54.907;7.581;56.168;62.488;211.2;26.59
TUBI;10;8;0;0.185;0.3565;341.97;336.05;338.84;5.92;34.721;117.840;7.732;-35.051;42.783;esterna;19.05;-11.784;-41.768;17.557;51.378;59.325;211.2;24.32
TUBI;11;8;0;0.207;0.3565;431.60;395.55;412.53;36.05;34.717;117.840;7.732;-35.051;42.783;interna;16.00;-3.472;-127.098;-59.459;107.222;123.626;196.5;54.57
TUBI;11;8;0;0.207;0.3565;431.60;395.55;412.53;36.05;34.717;117.840;7.732;-35.051;42.783;media;17.52;-10.920;-53.378;6.813;53.573;60.191;196.5;27.26
TUBI;11;8;0;0.207;0.3565;431.60;395.55;412.53;36.05;34.717;117.840;7.732;-35.051;42.783;esterna;19.05;-11.784;8.224;67.551;71.463;79.335;196.5;36.37
TUBI;12;8;0;0.230;0.3565;429.80;394.38;411.07;35.42;34.717;117.840;7.732;-35.051;42.783;interna;16.00;-3.472;-125.912;-58.273;106.230;122.440;196.8;53.98
TUBI;12;8;0;0.230;0.3565;429.80;394.38;411.07;35.42;34.717;117.840;7.732;-35.051;42.783;media;17.52;-10.871;-53.411;6.829;53.627;60.240;196.8;27.25
TUBI;12;8;0;0.230;0.3565;429.80;394.38;411.07;35.42;34.717;117.840;7.732;-35.051;42.783;esterna;19.05;-11.784;7.168;66.495;70.733;78.279;196.8;35.94
TUBI;13;8;0;0.254;0.3565;428.09;393.28;409.68;34.81;34.717;117.840;7.732;-35.051;42.783;interna;16.00;-3.472;-124.785;-57.146;105.292;121.314;197.1;53.43
TUBI;13;8;0;0.254;0.3565;428.09;393.28;409.68;34.81;34.717;117.840;7.732;-35.051;42.783;media;17.52;-10.825;-53.442;6.844;53.678;60.286;197.1;27.24
TUBI;13;8;0;0.254;0.3565;428.09;393.28;409.68;34.81;34.717;117.840;7.732;-35.051;42.783;esterna;19.05;-11.784;6.165;65.492;70.048;77.276;197.1;35.55
TUBI;14;8;0;0.279;0.3565;426.46;392.22;408.35;34.24;34.717;117.840;7.732;-35.051;42.783;interna;16.00;-3.472;-123.717;-56.078;104.407;120.245;197.3;52.91
TUBI;14;8;0;0.279;0.3565;426.46;392.22;408.35;34.24;34.717;117.840;7.732;-35.051;42.783;media;17.52;-10.781;-53.471;6.859;53.727;60.330;197.3;27.23
TUBI;14;8;0;0.279;0.3565;426.46;392.22;408.35;34.24;34.717;117.840;7.732;-35.051;42.783;esterna;19.05;-11.784;5.214;64.541;69.405;76.325;197.3;35.17
TUBI;15;8;0;0.305;0.3565;424.88;391.20;407.06;33.68;34.716;117.840;7.732;-35.051;42.783;interna;16.00;-3.472;-122.675;-55.035;103.546;119.203;197.6;52.40
TUBI;15;8;0;0.305;0.3565;424.88;391.20;407.06;33.68;34.716;117.840;7.732;-35.051;42.783;media;17.52;-10.739;-53.499;6.873;53.775;60.373;197.6;27.22
TUBI;15;8;0;0.305;0.3565;424.88;391.20;407.06;33.68;34.716;117.840;7.732;-35.051;42.783;esterna;19.05;-11.784;4.285;63.613;68.784;75.397;197.6;34.81
TUBI;16;8;0;0.332;0.3565;423.34;390.20;405.81;33.14;34.716;117.840;7.732;-35.051;42.783;interna;16.00;-3.472;-121.674;-54.034;102.722;118.202;197.8;51.92
TUBI;16;8;0;0.332;0.3565;423.34;390.20;405.81;33.14;34.716;117.840;7.732;-35.051;42.783;media;17.52;-10.698;-53.527;6.887;53.821;60.414;197.8;27.20
TUBI;16;8;0;0.332;0.3565;423.34;390.20;405.81;33.14;34.716;117.840;7.732;-35.051;42.783;esterna;19.05;-11.784;3.394;62.721;68.195;74.505;197.8;34.47
TUBI;17;8;0;0.360;0.3565;421.84;389.22;404.58;32.61;34.716;117.840;7.732;-35.051;42.783;interna;16.00;-3.472;-120.686;-53.046;101.912;117.214;198.1;51.45
TUBI;17;8;0;0.360;0.3565;421.84;389.22;404.58;32.61;34.716;117.840;7.732;-35.051;42.783;media;17.52;-10.657;-53.554;6.900;53.866;60.454;198.1;27.19
TUBI;17;8;0;0.360;0.3565;421.84;389.22;404.58;32.61;34.716;117.840;7.732;-35.051;42.783;esterna;19.05;-11.784;2.514;61.841;67.620;73.625;198.1;34.14
TUBI;18;8;0;0.390;0.3565;420.36;388.26;403.38;32.10;34.716;117.840;7.732;-35.051;42.783;interna;16.00;-3.472;-119.727;-52.087;101.129;116.256;198.3;50.99
TUBI;18;8;0;0.390;0.3565;420.36;388.26;403.38;32.10;34.716;117.840;7.732;-35.051;42.783;media;17.52;-10.618;-53.580;6.913;53.910;60.494;198.3;27.18
TUBI;18;8;0;0.390;0.3565;420.36;388.26;403.38;32.10;34.716;117.840;7.732;-35.051;42.783;esterna;19.05;-11.784;1.660;60.988;67.068;72.772;198.3;33.82
TUBI;19;8;0;0.420;0.3565;418.90;387.32;402.19;31.59;34.715;117.840;7.732;-35.051;42.783;interna;16.00;-3.472;-118.773;-51.132;100.352;115.301;198.6;50.54
TUBI;19;8;0;0.420;0.3565;418.90;387.32;402.19;31.59;34.715;117.840;7.732;-35.051;42.783;media;17.52;-10.579;-53.606;6.926;53.954;60.533;198.6;27.17
TUBI;19;8;0;0.420;0.3565;418.90;387.32;402.19;31.59;34.715;117.840;7.732;-35.051;42.783;esterna;19.05;-11.784;0.810;60.138;66.525;71.922;198.6;33.50
TUBI;20;8;0;0.452;0.3565;417.47;386.38;401.02;31.08;34.715;117.840;7.732;-35.051;42.783;interna;16.00;-3.471;-117.840;-50.199;99.596;114.368;198.8;50.10
TUBI;20;8;0;0.452;0.3565;417.47;386.38;401.02;31.08;34.715;117.840;7.732;-35.051;42.783;media;17.52;-10.541;-53.632;6.939;53.997;60.571;198.8;27.16
TUBI;20;8;0;0.452;0.3565;417.47;386.38;401.02;31.08;34.715;117.840;7.732;-35.051;42.783;esterna;19.05;-11.784;-0.021;59.307;66.001;71.091;198.8;33.20
TUBI;21;8;0;0.485;0.3565;416.03;385.45;399.86;30.58;34.715;117.840;7.732;-35.051;42.783;interna;16.00;-3.471;-116.905;-49.264;98.842;113.433;199.0;49.66
TUBI;21;8;0;0.485;0.3565;416.03;385.45;399.86;30.58;34.715;117.840;7.732;-35.051;42.783;media;17.52;-10.502;-53.658;6.952;54.040;60.610;199.0;27.15
TUBI;21;8;0;0.485;0.3565;416.03;385.45;399.86;30.58;34.715;117.840;7.732;-35.051;42.783;esterna;19.05;-11.784;-0.853;58.475;65.481;70.259;199.0;32.90
TUBI;22;8;0;0.520;0.3565;414.61;384.52;398.70;30.09;34.714;117.840;7.732;-35.051;42.783;interna;16.00;-3.471;-115.986;-48.345;98.103;112.515;199.3;49.23
TUBI;22;8;0;0.520;0.3565;414.61;384.52;398.70;30.09;34.714;117.840;7.732;-35.051;42.783;media;17.52;-10.465;-53.683;6.965;54.082;60.648;199.3;27.14
TUBI;22;8;0;0.520;0.3565;414.61;384.52;398.70;30.09;34.714;117.840;7.732;-35.051;42.783;esterna;19.05;-11.784;-1.672;57.657;64.977;69.441;199.3;32.61
TUBI;23;8;0;0.556;0.3565;413.20;383.60;397.54;29.60;34.714;117.840;7.732;-35.051;42.783;interna;16.00;-3.471;-115.070;-47.429;97.370;111.599;199.5;48.81
TUBI;23;8;0;0.556;0.3565;413.20;383.60;397.54;29.60;34.714;117.840;7.732;-35.051;42.783;media;17.52;-10.427;-53.708;6.977;54.124;60.685;199.5;27.13
TUBI;23;8;0;0.556;0.3565;413.20;383.60;397.54;29.60;34.714;117.840;7.732;-35.051;42.783;esterna;19.05;-11.784;-2.487;56.841;64.481;68.625;199.5;32.32
TUBI;24;8;0;0.593;0.3565;411.77;382.67;396.38;29.10;34.714;117.840;7.732;-35.051;42.783;interna;16.00;-3.471;-114.147;-46.506;96.634;110.675;199.7;48.38
TUBI;24;8;0;0.593;0.3565;411.77;382.67;396.38;29.10;34.714;117.840;7.732;-35.051;42.783;media;17.52;-10.389;-53.733;6.990;54.167;60.723;199.7;27.12
TUBI;24;8;0;0.593;0.3565;411.77;382.67;396.38;29.10;34.714;117.840;7.732;-35.051;42.783;esterna;19.05;-11.784;-3.310;56.019;63.988;67.803;199.7;32.04
TUBI;25;8;0;0.632;0.3565;410.35;381.74;395.22;28.61;34.713;117.840;7.732;-35.051;42.783;interna;16.00;-3.471;-113.233;-45.592;95.909;109.762;200.0;47.97
TUBI;25;8;0;0.632;0.3565;410.35;381.74;395.22;28.61;34.713;117.840;7.732;-35.051;42.783;media;17.52;-10.352;-53.759;7.002;54.209;60.761;200.0;27.11
TUBI;25;8;0;0.632;0.3565;410.35;381.74;395.22;28.61;34.713;117.840;7.732;-35.051;42.783;esterna;19.05;-11.784;-4.124;55.205;63.506;66.989;200.0;31.76
TUBI;26;8;0;0.672;0.3565;408.93;380.81;394.05;28.12;34.713;117.840;7.732;-35.051;42.783;interna;16.00;-3.471;-112.318;-44.676;95.186;108.847;200.2;47.55
TUBI;26;8;0;0.672;0.3565;408.93;380.81;394.05;28.12;34.713;117.840;7.732;-35.051;42.783;media;17.52;-10.314;-53.784;7.015;54.251;60.799;200.2;27.10
TUBI;26;8;0;0.672;0.3565;408.93;380.81;394.05;28.12;34.713;117.840;7.732;-35.051;42.783;esterna;19.05;-11.784;-4.939;54.390;63.031;66.174;200.2;31.49
TUBI;27;8;0;0.715;0.3565;407.50;379.87;392.88;27.62;34.712;117.840;7.732;-35.051;42.783;interna;16.00;-3.471;-111.391;-43.749;94.458;107.920;200.4;47.13
TUBI;27;8;0;0.715;0.3565;407.50;379.87;392.88;27.62;34.712;117.840;7.732;-35.051;42.783;media;17.52;-10.276;-53.809;7.028;54.294;60.837;200.4;27.09
TUBI;27;8;0;0.715;0.3565;407.50;379.87;392.88;27.62;34.712;117.840;7.732;-35.051;42.783;esterna;19.05;-11.784;-5.764;53.565;62.557;65.349;200.4;31.21
TUBI;28;8;0;0.759;0.3565;406.06;378.93;391.71;27.13;34.712;117.840;7.732;-35.051;42.783;interna;16.00;-3.471;-110.471;-42.828;93.737;106.999;200.7;46.71
TUBI;28;8;0;0.759;0.3565;406.06;378.93;391.71;27.13;34.712;117.840;7.732;-35.051;42.783;media;17.52;-10.239;-53.835;7.040;54.336;60.875;200.7;27.08
TUBI;28;8;0;0.759;0.3565;406.06;378.93;391.71;27.13;34.712;117.840;7.732;-35.051;42.783;esterna;19.05;-11.784;-6.584;52.745;62.093;64.529;200.7;30.94
TUBI;29;8;0;0.804;0.3565;404.61;377.98;390.52;26.63;34.712;117.840;7.732;-35.051;42.783;interna;16.00;-3.471;-109.546;-41.903;93.017;106.075;200.9;46.30
TUBI;29;8;0;0.804;0.3565;404.61;377.98;390.52;26.63;34.712;117.840;7.732;-35.051;42.783;media;17.52;-10.201;-53.860;7.053;54.379;60.913;200.9;27.07
TUBI;29;8;0;0.804;0.3565;404.61;377.98;390.52;26.63;34.712;117.840;7.732;-35.051;42.783;esterna;19.05;-11.784;-7.408;51.921;61.634;63.705;200.9;30.68
TUBI;30;8;0;0.852;0.3565;403.15;377.02;389.33;26.13;34.711;117.840;7.732;-35.051;42.783;interna;16.00;-3.471;-108.607;-40.964;92.290;105.136;201.1;45.88
TUBI;30;8;0;0.852;0.3565;403.15;377.02;389.33;26.13;34.711;117.840;7.732;-35.051;42.783;media;17.52;-10.162;-53.886;7.066;54.422;60.951;201.1;27.06
TUBI;30;8;0;0.852;0.3565;403.15;377.02;389.33;26.13;34.711;117.840;7.732;-35.051;42.783;esterna;19.05;-11.784;-8.244;51.085;61.176;62.869;201.1;30.42
TUBI;31;8;0;0.902;0.3565;401.68;376.06;388.13;25.63;34.711;117.840;7.732;-35.051;42.783;interna;16.00;-3.471;-107.672;-40.029;91.569;104.201;201.4;45.47
TUBI;31;8;0;0.902;0.3565;401.68;376.06;388.13;25.63;34.711;117.840;7.732;-35.051;42.783;media;17.52;-10.124;-53.912;7.078;54.466;60.990;201.4;27.05
TUBI;31;8;0;0.902;0.3565;401.68;376.06;388.13;25.63;34.711;117.840;7.732;-35.051;42.783;esterna;19.05;-11.784;-9.077;50.253;60.729;62.037;201.4;30.16
TUBI;32;8;0;0.953;0.3565;400.20;375.08;386.91;25.12;34.710;117.840;7.732;-35.051;42.783;interna;16.00;-3.471;-106.722;-39.079;90.841;103.251;201.6;45.06
TUBI;32;8;0;0.953;0.3565;400.20;375.08;386.91;25.12;34.710;117.840;7.732;-35.051;42.783;media;17.52;-10.085;-53.938;7.091;54.510;61.029;201.6;27.04
TUBI;32;8;0;0.953;0.3565;400.20;375.08;386.91;25.12;34.710;117.840;7.732;-35.051;42.783;esterna;19.05;-11.784;-9.923;49.407;60.282;61.191;201.6;29.90
TUBI;33;8;0;1.007;0.3565;398.71;374.10;385.69;24.61;34.710;117.840;7.732;-35.051;42.783;interna;16.00;-3.471;-105.775;-38.131;90.120;102.304;201.9;44.64
TUBI;33;8;0;1.007;0.3565;398.71;374.10;385.69;24.61;34.710;117.840;7.732;-35.051;42.783;media;17.52;-10.046;-53.964;7.104;54.554;61.068;201.9;27.03
TUBI;33;8;0;1.007;0.3565;398.71;374.10;385.69;24.61;34.710;117.840;7.732;-35.051;42.783;esterna;19.05;-11.784;-10.767;48.563;59.845;60.347;201.9;29.65
TUBI;34;8;0;1.063;0.3565;397.20;373.11;384.45;24.09;34.709;117.840;7.732;-35.051;42.783;interna;16.00;-3.471;-104.813;-37.169;89.391;101.342;202.1;44.23
TUBI;34;8;0;1.063;0.3565;397.20;373.11;384.45;24.09;34.709;117.840;7.732;-35.051;42.783;media;17.52;-10.007;-53.990;7.118;54.598;61.108;202.1;27.01
TUBI;34;8;0;1.063;0.3565;397.20;373.11;384.45;24.09;34.709;117.840;7.732;-35.051;42.783;esterna;19.05;-11.784;-11.624;47.707;59.411;59.491;202.1;29.40
TUBI;35;8;0;1.122;0.3565;395.68;372.10;383.21;23.58;34.709;117.840;7.732;-35.051;42.783;interna;16.00;-3.471;-103.853;-36.209;88.668;100.382;202.4;43.82
TUBI;35;8;0;1.122;0.3565;395.68;372.10;383.21;23.58;34.709;117.840;7.732;-35.051;42.783;media;17.52;-9.968;-54.017;7.131;54.643;61.147;202.4;27.00
TUBI;35;8;0;1.122;0.3565;395.68;372.10;383.21;23.58;34.709;117.840;7.732;-35.051;42.783;esterna;19.05;-11.784;-12.479;46.852;58.986;59.331;202.4;29.15
TUBI;36;8;0;1.182;0.3565;394.14;371.09;381.95;23.05;34.708;117.840;7.732;-35.051;42.783;interna;16.00;-3.471;-102.879;-35.234;87.939;99.408;202.6;43.40
TUBI;36;8;0;1.182;0.3565;394.14;371.09;381.95;23.05;34.708;117.840;7.732;-35.051;42.783;media;17.52;-9.928;-54.044;7.144;54.688;61.188;202.6;26.99
TUBI;36;8;0;1.182;0.3565;394.14;371.09;381.95;23.05;34.708;117.840;7.732;-35.051;42.783;esterna;19.05;-11.784;-13.347;45.984;58.565;59.331;202.6;28.91
TUBI;37;8;0;1.246;0.3565;392.70;370.13;380.76;22.56;34.708;117.840;7.732;-35.051;42.783;interna;16.00;-3.471;-101.968;-34.323;87.262;98.497;202.8;43.02
TUBI;37;8;0;1.246;0.3565;392.70;370.13;380.76;22.56;34.708;117.840;7.732;-35.051;42.783;media;17.52;-9.890;-54.069;7.156;54.730;61.225;202.8;26.98
TUBI;37;8;0;1.246;0.3565;392.70;370.13;380.76;22.56;34.708;117.840;7.732;-35.051;42.783;esterna;19.05;-11.784;-14.159;45.173;58.180;59.332;202.8;28.68
TUBI;38;8;0;1.311;0.3565;391.14;369.10;379.48;22.03;34.707;117.840;7.732;-35.051;42.783;interna;16.00;-3.471;-100.981;-33.336;86.533;97.510;203.1;42.61
TUBI;38;8;0;1.311;0.3565;391.14;369.10;379.48;22.03;34.707;117.840;7.732;-35.051;42.783;media;17.52;-9.850;-54.096;7.170;54.776;61.266;203.1;26.97
TUBI;38;8;0;1.311;0.3565;391.14;369.10;379.48;22.03;34.707;117.840;7.732;-35.051;42.783;esterna;19.05;-11.784;-15.038;44.294;57.774;59.332;203.1;28.45
TUBI;39;8;0;1.380;0.3565;389.57;368.06;378.19;21.51;34.706;117.840;7.732;-35.051;42.783;interna;16.00;-3.471;-99.995;-32.350;85.811;96.525;203.4;42.20
TUBI;39;8;0;1.380;0.3565;389.57;368.06;378.19;21.51;34.706;117.840;7.732;-35.051;42.783;media;17.52;-9.809;-54.123;7.183;54.822;61.307;203.4;26.96
TUBI;39;8;0;1.380;0.3565;389.57;368.06;378.19;21.51;34.706;117.840;7.732;-35.051;42.783;esterna;19.05;-11.784;-15.916;43.416;57.378;59.332;203.4;28.21
TUBI;40;8;0;1.452;0.3565;387.98;367.01;376.88;20.97;34.706;117.840;7.732;-35.051;42.783;interna;16.00;-3.471;-98.997;-31.351;85.084;95.526;203.6;41.79
TUBI;40;8;0;1.452;0.3565;387.98;367.01;376.88;20.97;34.706;117.840;7.732;-35.051;42.783;media;17.52;-9.769;-54.151;7.197;54.869;61.348;203.6;26.95
TUBI;40;8;0;1.452;0.3565;387.98;367.01;376.88;20.97;34.706;117.840;7.732;-35.051;42.783;esterna;19.05;-11.784;-16.805;42.527;56.988;59.332;203.6;27.99
TUBI;41;8;0;1.526;0.3565;386.38;365.95;375.57;20.43;34.705;117.840;7.732;-35.051;42.783;interna;16.00;-3.471;-97.994;-30.347;84.359;94.523;203.9;41.38
TUBI;41;8;0;1.526;0.3565;386.38;365.95;375.57;20.43;34.705;117.840;7.732;-35.051;42.783;media;17.52;-9.727;-54.178;7.211;54.916;61.389;203.9;26.93
TUBI;41;8;0;1.526;0.3565;386.38;365.95;375.57;20.43;34.705;117.840;7.732;-35.051;42.783;esterna;19.05;-11.784;-17.699;41.633;56.607;59.333;203.9;27.76
TUBI;42;8;0;1.603;0.3565;384.77;364.88;374.25;19.89;34.704;117.840;7.732;-35.051;42.783;interna;16.00;-3.470;-96.992;-29.346;83.642;93.522;204.2;40.97
TUBI;42;8;0;1.603;0.3565;384.77;364.88;374.25;19.89;34.704;117.840;7.732;-35.051;42.783;media;17.52;-9.686;-54.206;7.225;54.962;61.431;204.2;26.92
TUBI;42;8;0;1.603;0.3565;384.77;364.88;374.25;19.89;34.704;117.840;7.732;-35.051;42.783;esterna;19.05;-11.784;-18.591;40.742;56.239;59.333;204.2;27.55
TUBI;43;8;0;1.684;0.3565;383.16;363.80;372.92;19.35;34.704;117.840;7.732;-35.051;42.783;interna;16.00;-3.470;-95.980;-28.333;82.923;92.510;204.4;40.57
TUBI;43;8;0;1.684;0.3565;383.16;363.80;372.92;19.35;34.704;117.840;7.732;-35.051;42.783;media;17.52;-9.645;-54.234;7.238;55.009;61.472;204.4;26.91
TUBI;43;8;0;1.684;0.3565;383.16;363.80;372.92;19.35;34.704;117.840;7.732;-35.051;42.783;esterna;19.05;-11.784;-19.493;39.840;55.879;59.333;204.4;27.34
TUBI;44;8;0;1.768;0.3565;381.53;362.72;371.58;18.81;34.703;117.840;7.732;-35.051;42.783;interna;16.00;-3.470;-94.964;-27.317;82.207;91.494;204.7;40.16
TUBI;44;8;0;1.768;0.3565;381.53;362.72;371.58;18.81;34.703;117.840;7.732;-35.051;42.783;media;17.52;-9.603;-54.262;7.252;55.057;61.514;204.7;26.90
TUBI;44;8;0;1.768;0.3565;381.53;362.72;371.58;18.81;34.703;117.840;7.732;-35.051;42.783;esterna;19.05;-11.784;-20.398;38.936;55.530;59.334;204.7;27.13
TUBI;45;8;0;1.855;0.3565;379.89;361.63;370.23;18.26;34.702;117.840;7.732;-35.051;42.783;interna;16.00;-3.470;-93.952;-26.305;81.500;90.482;205.0;39.77
TUBI;45;8;0;1.855;0.3565;379.89;361.63;370.23;18.26;34.702;117.840;7.732;-35.051;42.783;media;17.52;-9.562;-54.290;7.266;55.104;61.556;205.0;26.89
TUBI;45;8;0;1.855;0.3565;379.89;361.63;370.23;18.26;34.702;117.840;7.732;-35.051;42.783;esterna;19.05;-11.784;-21.300;38.034;55.195;59.334;205.0;26.93
TUBI;46;8;0;1.947;0.3565;378.25;360.54;368.88;17.71;34.702;117.840;7.732;-35.051;42.783;interna;16.00;-3.470;-92.932;-25.284;80.795;89.462;205.2;39.37
TUBI;46;8;0;1.947;0.3565;378.25;360.54;368.88;17.71;34.702;117.840;7.732;-35.051;42.783;media;17.52;-9.520;-54.318;7.280;55.152;61.598;205.2;26.87
TUBI;46;8;0;1.947;0.3565;378.25;360.54;368.88;17.71;34.702;117.840;7.732;-35.051;42.783;esterna;19.05;-11.784;-22.209;37.125;54.870;59.334;205.2;26.74
TUBI;47;8;0;2.041;0.3565;376.60;359.44;367.52;17.17;34.701;117.840;7.732;-35.051;42.783;interna;16.00;-3.470;-91.911;-24.262;80.095;88.440;205.5;38.98
TUBI;47;8;0;2.041;0.3565;376.60;359.44;367.52;17.17;34.701;117.840;7.732;-35.051;42.783;media;17.52;-9.478;-54.346;7.294;55.200;61.641;205.5;26.86
TUBI;47;8;0;2.041;0.3565;376.60;359.44;367.52;17.17;34.701;117.840;7.732;-35.051;42.783;esterna;19.05;-11.784;-23.119;36.216;54.558;59.335;205.5;26.55
TUBI;48;8;0;2.140;0.3565;374.95;358.33;366.16;16.62;34.700;117.840;7.732;-35.051;42.783;interna;16.00;-3.470;-90.889;-23.240;79.402;87.419;205.8;38.59
TUBI;48;8;0;2.140;0.3565;374.95;358.33;366.16;16.62;34.700;117.840;7.732;-35.051;42.783;media;17.52;-9.436;-54.375;7.308;55.248;61.683;205.8;26.85
TUBI;48;8;0;2.140;0.3565;374.95;358.33;366.16;16.62;34.700;117.840;7.732;-35.051;42.783;esterna;19.05;-11.784;-24.029;35.306;54.259;59.335;205.8;26.37
TUBI;49;8;0;2.243;0.3565;373.33;357.25;364.82;16.07;34.699;117.840;7.732;-35.051;42.783;interna;16.00;-3.470;-89.870;-22.221;78.718;86.401;206.0;38.21
TUBI;49;8;0;2.243;0.3565;373.33;357.25;364.82;16.07;34.699;117.840;7.732;-35.051;42.783;media;17.52;-9.394;-54.403;7.322;55.295;61.725;206.0;26.84
TUBI;49;8;0;2.243;0.3565;373.33;357.25;364.82;16.07;34.699;117.840;7.732;-35.051;42.783;esterna;19.05;-11.784;-24.937;34.398;53.975;59.335;206.0;26.20
TUBI;50;8;0;2.350;0.3565;371.65;356.13;363.44;15.53;34.698;117.840;7.732;-35.051;42.783;interna;16.00;-3.470;-88.853;-21.203;78.043;85.383;206.3;37.83
TUBI;50;8;0;2.350;0.3565;371.65;356.13;363.44;15.53;34.698;117.840;7.732;-35.051;42.783;media;17.52;-9.353;-54.431;7.336;55.343;61.767;206.3;26.83
TUBI;50;8;0;2.350;0.3565;371.65;356.13;363.44;15.53;34.698;117.840;7.732;-35.051;42.783;esterna;19.05;-11.784;-25.843;33.492;53.705;59.336;206.3;26.03
TUBI;51;8;0;2.461;0.3565;369.98;355.00;362.06;14.98;34.697;117.840;7.732;-35.051;42.783;interna;16.00;-3.470;-87.839;-20.188;77.377;84.369;206.6;37.45
TUBI;51;8;0;2.461;0.3565;369.98;355.00;362.06;14.98;34.697;117.840;7.732;-35.051;42.783;media;17.52;-9.311;-54.459;7.350;55.391;61.809;206.6;26.81
TUBI;51;8;0;2.461;0.3565;369.98;355.00;362.06;14.98;34.697;117.840;7.732;-35.051;42.783;esterna;19.05;-11.784;-26.747;32.589;53.449;59.336;206.6;25.87
TUBI;52;8;0;2.578;0.3565;368.32;353.88;360.68;14.44;34.697;117.840;7.732;-35.051;42.783;interna;16.00;-3.470;-86.828;-19.177;76.720;83.359;206.9;37.09
TUBI;52;8;0;2.578;0.3565;368.32;353.88;360.68;14.44;34.697;117.840;7.732;-35.051;42.783;media;17.52;-9.270;-54.487;7.364;55.438;61.851;206.9;26.80
TUBI;52;8;0;2.578;0.3565;368.32;353.88;360.68;14.44;34.697;117.840;7.732;-35.051;42.783;esterna;19.05;-11.784;-27.648;31.689;53.209;59.337;206.9;25.72
TUBI;53;8;0;2.698;0.3565;366.66;352.76;359.31;13.90;34.696;117.840;7.732;-35.051;42.783;interna;16.00;-3.470;-85.823;-18.171;76.075;82.353;207.1;36.73
TUBI;53;8;0;2.698;0.3565;366.66;352.76;359.31;13.90;34.696;117.840;7.732;-35.051;42.783;media;17.52;-9.229;-54.515;7.378;55.486;61.893;207.1;26.79
TUBI;53;8;0;2.698;0.3565;366.66;352.76;359.31;13.90;34.696;117.840;7.732;-35.051;42.783;esterna;19.05;-11.784;-28.544;30.793;52.984;59.337;207.1;25.58
TUBI;54;8;0;2.824;0.3565;365.01;351.65;357.94;13.36;34.695;117.840;7.732;-35.051;42.783;interna;16.00;-3.469;-84.828;-17.175;75.445;81.358;207.4;36.37
TUBI;54;8;0;2.824;0.3565;365.01;351.65;357.94;13.36;34.695;117.840;7.732;-35.051;42.783;media;17.52;-9.188;-54.543;7.391;55.533;61.934;207.4;26.77
TUBI;54;8;0;2.824;0.3565;365.01;351.65;357.94;13.36;34.695;117.840;7.732;-35.051;42.783;esterna;19.05;-11.784;-29.431;29.907;52.775;59.338;207.4;25.44
TUBI;55;8;0;2.955;0.3565;363.37;350.54;356.58;12.83;34.694;117.840;7.732;-35.051;42.783;interna;16.00;-3.469;-83.835;-16.183;74.824;80.366;207.7;36.03
TUBI;55;8;0;2.955;0.3565;363.37;350.54;356.58;12.83;34.694;117.840;7.732;-35.051;42.783;media;17.52;-9.147;-54.570;7.405;55.579;61.975;207.7;26.76
TUBI;55;8;0;2.955;0.3565;363.37;350.54;356.58;12.83;34.694;117.840;7.732;-35.051;42.783;esterna;19.05;-11.784;-30.315;29.023;52.581;59.338;207.7;25.32
TUBI;56;8;0;3.092;0.3565;361.74;349.44;355.24;12.30;34.693;117.840;7.732;-35.051;42.783;interna;16.00;-3.469;-82.852;-15.199;74.216;79.383;208.0;35.69
TUBI;56;8;0;3.092;0.3565;361.74;349.44;355.24;12.30;34.693;117.840;7.732;-35.051;42.783;media;17.52;-9.107;-54.598;7.418;55.626;62.016;208.0;26.75
TUBI;56;8;0;3.092;0.3565;361.74;349.44;355.24;12.30;34.693;117.840;7.732;-35.051;42.783;esterna;19.05;-11.784;-31.192;28.147;52.403;59.339;208.0;25.20
TUBI;57;8;0;3.234;0.3565;360.13;348.35;353.90;11.78;34.692;117.840;7.732;-35.051;42.783;interna;16.00;-3.469;-81.879;-14.225;73.623;78.409;208.2;35.36
TUBI;57;8;0;3.234;0.3565;360.13;348.35;353.90;11.78;34.692;117.840;7.732;-35.051;42.783;media;17.52;-9.067;-54.625;7.432;55.672;62.056;208.2;26.74
TUBI;57;8;0;3.234;0.3565;360.13;348.35;353.90;11.78;34.692;117.840;7.732;-35.051;42.783;esterna;19.05;-11.784;-32.059;27.280;52.241;59.339;208.2;25.09
TUBI;58;8;0;3.382;0.3565;358.54;347.27;352.58;11.27;34.691;117.840;7.732;-35.051;42.783;interna;16.00;-3.469;-80.920;-13.266;73.047;77.451;208.5;35.04
TUBI;58;8;0;3.382;0.3565;358.54;347.27;352.58;11.27;34.691;117.840;7.732;-35.051;42.783;media;17.52;-9.027;-54.651;7.445;55.717;62.096;208.5;26.72
TUBI;58;8;0;3.382;0.3565;358.54;347.27;352.58;11.27;34.691;117.840;7.732;-35.051;42.783;esterna;19.05;-11.784;-32.914;26.426;52.094;59.340;208.5;24.99
TUBI;59;8;0;3.536;0.3565;356.96;346.21;351.27;10.76;34.690;117.840;7.732;-35.051;42.783;interna;16.00;-3.469;-79.970;-12.315;72.484;76.502;208.7;34.72
TUBI;59;8;0;3.536;0.3565;356.96;346.21;351.27;10.76;34.690;117.840;7.732;-35.051;42.783;media;17.52;-8.989;-54.678;7.458;55.762;62.136;208.7;26.71
TUBI;59;8;0;3.536;0.3565;356.96;346.21;351.27;10.76;34.690;117.840;7.732;-35.051;42.783;esterna;19.05;-11.784;-33.760;25.580;51.963;59.340;208.7;24.89
TUBI;60;8;0;3.697;0.3565;355.41;345.15;349.99;10.26;34.688;117.840;7.732;-35.051;42.783;interna;16.00;-3.469;-79.038;-11.382;71.940;75.569;209.0;34.42
TUBI;60;8;0;3.697;0.3565;355.41;345.15;349.99;10.26;34.688;117.840;7.732;-35.051;42.783;media;17.52;-8.950;-54.704;7.470;55.806;62.174;209.0;26.70
TUBI;60;8;0;3.697;0.3565;355.41;345.15;349.99;10.26;34.688;117.840;7.732;-35.051;42.783;esterna;19.05;-11.784;-34.592;24.749;51.847;59.341;209.0;24.81
TUBI;61;8;0;3.864;0.3565;353.88;344.12;348.72;9.76;34.687;117.840;7.732;-35.051;42.783;interna;16.00;-3.469;-78.117;-10.461;71.410;74.648;209.3;34.13
TUBI;61;8;0;3.864;0.3565;353.88;344.12;348.72;9.76;34.687;117.840;7.732;-35.051;42.783;media;17.52;-8.912;-54.730;7.483;55.850;62.213;209.3;26.69
TUBI;61;8;0;3.864;0.3565;353.88;344.12;348.72;9.76;34.687;117.840;7.732;-35.051;42.783;esterna;19.05;-11.784;-35.413;23.928;51.745;59.341;209.3;24.73
TUBI;62;8;0;4.038;0.3565;352.38;343.10;347.47;9.28;34.686;117.840;7.732;-35.051;42.783;interna;16.00;-3.469;-77.212;-9.555;70.897;73.744;209.5;33.84
TUBI;62;8;0;4.038;0.3565;352.38;343.10;347.47;9.28;34.686;117.840;7.732;-35.051;42.783;media;17.52;-8.875;-54.755;7.495;55.893;62.250;209.5;26.68
TUBI;62;8;0;4.038;0.3565;352.38;343.10;347.47;9.28;34.686;117.840;7.732;-35.051;42.783;esterna;19.05;-11.784;-36.219;23.123;51.657;59.342;209.5;24.66
TUBI;63;8;0;4.219;0.3565;350.91;342.10;346.25;8.80;34.685;117.840;7.732;-35.051;42.783;interna;16.00;-3.468;-76.328;-8.671;70.403;72.860;209.8;33.57
TUBI;63;8;0;4.219;0.3565;350.91;342.10;346.25;8.80;34.685;117.840;7.732;-35.051;42.783;media;17.52;-8.839;-54.780;7.508;55.935;62.287;209.8;26.67
TUBI;63;8;0;4.219;0.3565;350.91;342.10;346.25;8.80;34.685;117.840;7.732;-35.051;42.783;esterna;19.05;-11.784;-37.007;22.335;51.584;59.342;209.8;24.59
TUBI;64;8;0;4.407;0.3565;349.46;341.13;345.05;8.34;34.684;117.840;7.732;-35.051;42.783;interna;16.00;-3.468;-75.463;-7.804;69.927;71.994;210.0;33.30
TUBI;64;8;0;4.407;0.3565;349.46;341.13;345.05;8.34;34.684;117.840;7.732;-35.051;42.783;media;17.52;-8.804;-54.804;7.519;55.976;62.323;210.0;26.66
TUBI;64;8;0;4.407;0.3565;349.46;341.13;345.05;8.34;34.684;117.840;7.732;-35.051;42.783;esterna;19.05;-11.784;-37.779;21.564;51.524;59.343;210.0;24.54
TUBI;65;8;0;4.604;0.3565;348.05;340.17;343.88;7.88;34.682;117.840;7.732;-35.051;42.783;interna;16.00;-3.468;-74.614;-6.955;69.468;71.146;210.2;33.04
TUBI;65;8;0;4.604;0.3565;348.05;340.17;343.88;7.88;34.682;117.840;7.732;-35.051;42.783;media;17.52;-8.769;-54.828;7.531;56.017;62.359;210.2;26.65
TUBI;65;8;0;4.604;0.3565;348.05;340.17;343.88;7.88;34.682;117.840;7.732;-35.051;42.783;esterna;19.05;-11.784;-38.536;20.807;51.476;59.344;210.2;24.49
TUBI;66;8;0;4.809;0.3565;346.67;339.24;342.74;7.44;34.681;117.840;7.732;-35.051;42.783;interna;16.00;-3.468;-73.789;-6.129;69.029;70.321;210.5;32.80
TUBI;66;8;0;4.809;0.3565;346.67;339.24;342.74;7.44;34.681;117.840;7.732;-35.051;42.783;media;17.52;-8.735;-54.851;7.542;56.056;62.393;210.5;26.64
TUBI;66;8;0;4.809;0.3565;346.67;339.24;342.74;7.44;34.681;117.840;7.732;-35.051;42.783;esterna;19.05;-11.784;-39.272;20.072;51.440;59.344;210.5;24.44
TUBI;67;8;0;5.022;0.3565;345.34;338.33;341.63;7.01;34.680;117.840;7.732;-35.051;42.783;interna;16.00;-3.468;-72.985;-5.324;68.608;69.517;210.7;32.57
TUBI;67;8;0;5.022;0.3565;345.34;338.33;341.63;7.01;34.680;117.840;7.732;-35.051;42.783;media;17.52;-8.702;-54.874;7.553;56.094;62.427;210.7;26.63
TUBI;67;8;0;5.022;0.3565;345.34;338.33;341.63;7.01;34.680;117.840;7.732;-35.051;42.783;esterna;19.05;-11.784;-39.989;19.356;51.415;59.345;210.7;24.41
TUBI;68;8;0;5.243;0.3565;344.03;337.45;340.55;6.59;34.678;117.840;7.732;-35.051;42.783;interna;16.00;-3.468;-72.202;-4.540;68.204;68.734;210.9;32.34
TUBI;68;8;0;5.243;0.3565;344.03;337.45;340.55;6.59;34.678;117.840;7.732;-35.051;42.783;media;17.52;-8.670;-54.896;7.564;56.132;62.460;210.9;26.62
TUBI;68;8;0;5.243;0.3565;344.03;337.45;340.55;6.59;34.678;117.840;7.732;-35.051;42.783;esterna;19.05;-11.784;-40.688;18.658;51.400;59.345;210.9;24.37
TUBI;69;8;0;5.474;0.3565;342.77;336.59;339.50;6.18;34.677;117.840;7.732;-35.051;42.783;interna;16.00;-3.468;-71.445;-3.782;67.820;67.977;211.1;32.13
TUBI;69;8;0;5.474;0.3565;342.77;336.59;339.50;6.18;34.677;117.840;7.732;-35.051;42.783;media;17.52;-8.639;-54.917;7.574;56.168;62.492;211.1;26.61
TUBI;69;8;0;5.474;0.3565;342.77;336.59;339.50;6.18;34.677;117.840;7.732;-35.051;42.783;esterna;19.05;-11.784;-41.363;17.983;51.395;59.346;211.1;24.35
TUBI;70;8;0;5.715;0.3565;341.55;335.76;338.49;5.79;34.675;117.840;7.732;-35.051;42.783;interna;16.00;-3.468;-70.712;-3.048;67.455;67.663;211.3;31.92
TUBI;70;8;0;5.715;0.3565;341.55;335.76;338.49;5.79;34.675;117.840;7.732;-35.051;42.783;media;17.52;-8.609;-54.938;7.584;56.204;62.522;211.3;26.60
TUBI;70;8;0;5.715;0.3565;341.55;335.76;338.49;5.79;34.675;117.840;7.732;-35.051;42.783;esterna;19.05;-11.784;-42.017;17.330;51.399;59.347;211.3;24.32
TUBI;71;8;0;5.965;0.3565;340.37;334.97;337.51;5.40;34.674;117.840;7.732;-35.051;42.783;interna;16.00;-3.467;-70.004;-2.339;67.107;67.664;211.5;31.73
TUBI;71;8;0;5.965;0.3565;340.37;334.97;337.51;5.40;34.674;117.840;7.732;-35.051;42.783;media;17.52;-8.579;-54.958;7.594;56.238;62.552;211.5;26.59
TUBI;71;8;0;5.965;0.3565;340.37;334.97;337.51;5.40;34.674;117.840;7.732;-35.051;42.783;esterna;19.05;-11.784;-42.649;16.698;51.410;59.348;211.5;24.31
TUBI;72;8;0;6.226;0.3565;339.24;334.20;336.57;5.04;34.672;117.840;7.732;-35.051;42.783;interna;16.00;-3.467;-69.321;-1.656;66.778;67.665;211.7;31.55
TUBI;72;8;0;6.226;0.3565;339.24;334.20;336.57;5.04;34.672;117.840;7.732;-35.051;42.783;media;17.52;-8.551;-54.977;7.603;56.270;62.581;211.7;26.58
TUBI;72;8;0;6.226;0.3565;339.24;334.20;336.57;5.04;34.672;117.840;7.732;-35.051;42.783;esterna;19.05;-11.784;-43.258;16.090;51.429;59.348;211.7;24.29
TUBI;73;8;0;6.498;0.3565;338.14;333.46;335.67;4.69;34.671;117.840;7.732;-35.051;42.783;interna;16.00;-3.467;-68.666;-1.000;66.467;67.666;211.9;31.37
TUBI;73;8;0;6.498;0.3565;338.14;333.46;335.67;4.69;34.671;117.840;7.732;-35.051;42.783;media;17.52;-8.524;-54.996;7.612;56.302;62.609;211.9;26.57
TUBI;73;8;0;6.498;0.3565;338.14;333.46;335.67;4.69;34.671;117.840;7.732;-35.051;42.783;esterna;19.05;-11.784;-43.843;15.506;51.453;59.349;211.9;24.29
TUBI;74;8;0;6.780;0.3565;337.10;332.75;334.80;4.35;34.669;117.840;7.732;-35.051;42.783;interna;16.00;-3.467;-68.037;-0.370;66.173;67.667;212.0;31.21
TUBI;74;8;0;6.780;0.3565;337.10;332.75;334.80;4.35;34.669;117.840;7.732;-35.051;42.783;media;17.52;-8.499;-55.014;7.621;56.333;62.635;212.0;26.57
TUBI;74;8;0;6.780;0.3565;337.10;332.75;334.80;4.35;34.669;117.840;7.732;-35.051;42.783;esterna;19.05;-11.784;-44.405;14.945;51.483;59.350;212.0;24.28
TUBI;75;8;0;7.075;0.3565;336.10;332.07;333.97;4.02;34.667;117.840;7.732;-35.051;42.783;interna;16.00;-3.467;-67.434;0.234;65.895;67.668;212.2;31.05
TUBI;75;8;0;7.075;0.3565;336.10;332.07;333.97;4.02;34.667;117.840;7.732;-35.051;42.783;media;17.52;-8.474;-55.032;7.629;56.362;62.661;212.2;26.56
TUBI;75;8;0;7.075;0.3565;336.10;332.07;333.97;4.02;34.667;117.840;7.732;-35.051;42.783;esterna;19.05;-11.784;-44.944;14.407;51.517;59.351;212.2;24.28
TUBI;76;8;0;7.381;0.3565;335.14;331.43;333.18;3.71;34.666;117.840;7.732;-35.051;42.783;interna;16.00;-3.467;-66.859;0.810;65.635;67.669;212.4;30.91
TUBI;76;8;0;7.381;0.3565;335.14;331.43;333.18;3.71;34.666;117.840;7.732;-35.051;42.783;media;17.52;-8.450;-55.048;7.637;56.390;62.685;212.4;26.55
TUBI;76;8;0;7.381;0.3565;335.14;331.43;333.18;3.71;34.666;117.840;7.732;-35.051;42.783;esterna;19.05;-11.784;-45.457;13.894;51.555;59.352;212.4;24.28
TUBI;77;8;0;7.701;0.3565;334.23;330.81;332.42;3.42;34.664;117.840;7.732;-35.051;42.783;interna;16.00;-3.466;-66.310;1.360;65.391;67.670;212.5;30.77
TUBI;77;8;0;7.701;0.3565;334.23;330.81;332.42;3.42;34.664;117.840;7.732;-35.051;42.783;media;17.52;-8.428;-55.064;7.645;56.417;62.709;212.5;26.55
TUBI;77;8;0;7.701;0.3565;334.23;330.81;332.42;3.42;34.664;117.840;7.732;-35.051;42.783;esterna;19.05;-11.784;-45.947;13.405;51.596;59.352;212.5;24.28
TUBI;78;8;0;8.033;0.3565;333.37;330.23;331.71;3.14;34.662;117.840;7.732;-35.051;42.783;interna;16.00;-3.466;-65.790;1.881;65.162;67.671;212.7;30.64
TUBI;78;8;0;8.033;0.3565;333.37;330.23;331.71;3.14;34.662;117.840;7.732;-35.051;42.783;media;17.52;-8.406;-55.079;7.652;56.442;62.731;212.7;26.54
TUBI;78;8;0;8.033;0.3565;333.37;330.23;331.71;3.14;34.662;117.840;7.732;-35.051;42.783;esterna;19.05;-11.784;-46.412;12.941;51.639;59.353;212.7;24.28
TUBI;79;8;0;8.379;0.3565;332.55;329.68;331.03;2.87;34.660;117.840;7.732;-35.051;42.783;interna;16.00;-3.466;-65.296;2.376;64.948;67.672;212.8;30.52
TUBI;79;8;0;8.379;0.3565;332.55;329.68;331.03;2.87;34.660;117.840;7.732;-35.051;42.783;media;17.52;-8.386;-55.094;7.659;56.466;62.752;212.8;26.54
TUBI;79;8;0;8.379;0.3565;332.55;329.68;331.03;2.87;34.660;117.840;7.732;-35.051;42.783;esterna;19.05;-11.784;-46.854;12.500;51.684;59.354;212.8;24.29
TUBI;80;8;0;8.740;0.3565;331.78;329.16;330.39;2.62;34.658;117.840;7.732;-35.051;42.783;interna;16.00;-3.466;-64.830;2.844;64.750;67.673;212.9;30.41
TUBI;80;8;0;8.740;0.3565;331.78;329.16;330.39;2.62;34.658;117.840;7.732;-35.051;42.783;media;17.52;-8.367;-55.108;7.665;56.489;62.773;212.9;26.53
TUBI;80;8;0;8.740;0.3565;331.78;329.16;330.39;2.62;34.658;117.840;7.732;-35.051;42.783;esterna;19.05;-11.784;-47.271;12.084;51.730;59.355;212.9;24.30
TUBI;81;8;0;9.115;0.3565;331.05;328.66;329.79;2.39;34.656;117.840;7.732;-35.051;42.783;interna;16.00;-3.466;-64.390;3.284;64.565;67.674;213.0;30.31
TUBI;81;8;0;9.115;0.3565;331.05;328.66;329.79;2.39;34.656;117.840;7.732;-35.051;42.783;media;17.52;-8.348;-55.121;7.671;56.511;62.792;213.0;26.53
TUBI;81;8;0;9.115;0.3565;331.05;328.66;329.79;2.39;34.656;117.840;7.732;-35.051;42.783;esterna;19.05;-11.784;-47.664;11.692;51.777;59.356;213.0;24.30
TUBI;82;8;0;9.506;0.3565;330.37;328.20;329.22;2.16;34.654;117.840;7.732;-35.051;42.783;interna;16.00;-3.465;-63.977;3.698;64.393;67.676;213.2;30.21
TUBI;82;8;0;9.506;0.3565;330.37;328.20;329.22;2.16;34.654;117.840;7.732;-35.051;42.783;media;17.52;-8.331;-55.133;7.677;56.532;62.810;213.2;26.52
TUBI;82;8;0;9.506;0.3565;330.37;328.20;329.22;2.16;34.654;117.840;7.732;-35.051;42.783;esterna;19.05;-11.784;-48.034;11.323;51.823;59.357;213.2;24.31
TUBI;83;8;0;9.913;0.3565;329.73;327.77;328.69;1.96;34.652;117.840;7.732;-35.051;42.783;interna;16.00;-3.465;-63.590;4.087;64.235;67.677;213.3;30.12
TUBI;83;8;0;9.913;0.3565;329.73;327.77;328.69;1.96;34.652;117.840;7.732;-35.051;42.783;media;17.52;-8.315;-55.145;7.682;56.551;62.827;213.3;26.52
TUBI;83;8;0;9.913;0.3565;329.73;327.77;328.69;1.96;34.652;117.840;7.732;-35.051;42.783;esterna;19.05;-11.784;-48.381;10.977;51.869;59.358;213.3;24.32
TUBI;84;8;0;10.337;0.3565;329.13;327.37;328.20;1.76;34.650;117.840;7.732;-35.051;42.783;interna;16.00;-3.465;-63.228;4.450;64.088;67.678;213.4;30.04
TUBI;84;8;0;10.337;0.3565;329.13;327.37;328.20;1.76;34.650;117.840;7.732;-35.051;42.783;media;17.52;-8.300;-55.156;7.687;56.570;62.843;213.4;26.51
TUBI;84;8;0;10.337;0.3565;329.13;327.37;328.20;1.76;34.650;117.840;7.732;-35.051;42.783;esterna;19.05;-11.784;-48.705;10.654;51.914;59.359;213.4;24.33
TUBI;85;8;0;10.778;0.3565;328.57;326.99;327.74;1.58;34.648;117.840;7.732;-35.051;42.783;interna;16.00;-3.465;-62.893;4.787;63.954;67.679;213.5;29.96
TUBI;85;8;0;10.778;0.3565;328.57;326.99;327.74;1.58;34.648;117.840;7.732;-35.051;42.783;media;17.52;-8.287;-55.166;7.692;56.587;62.858;213.5;26.51
TUBI;85;8;0;10.778;0.3565;328.57;326.99;327.74;1.58;34.648;117.840;7.732;-35.051;42.783;esterna;19.05;-11.784;-49.006;10.354;51.958;59.360;213.5;24.34
TUBI;86;8;0;11.238;0.3565;328.05;326.64;327.31;1.41;34.645;117.840;7.732;-35.051;42.783;interna;16.00;-3.465;-62.581;5.100;63.831;67.681;213.5;29.89
TUBI;86;8;0;11.238;0.3565;328.05;326.64;327.31;1.41;34.645;117.840;7.732;-35.051;42.783;media;17.52;-8.274;-55.176;7.696;56.603;62.872;213.5;26.51
TUBI;86;8;0;11.238;0.3565;328.05;326.64;327.31;1.41;34.645;117.840;7.732;-35.051;42.783;esterna;19.05;-11.784;-49.287;10.075;52.000;59.361;213.5;24.35
TUBI;87;8;0;11.716;0.3565;327.58;326.32;326.91;1.26;34.643;117.840;7.732;-35.051;42.783;interna;16.00;-3.464;-62.292;5.390;63.718;67.682;213.6;29.83
TUBI;87;8;0;11.716;0.3565;327.58;326.32;326.91;1.26;34.643;117.840;7.732;-35.051;42.783;media;17.52;-8.262;-55.185;7.700;56.618;62.885;213.6;26.50
TUBI;87;8;0;11.716;0.3565;327.58;326.32;326.91;1.26;34.643;117.840;7.732;-35.051;42.783;esterna;19.05;-11.784;-49.546;9.817;52.041;59.363;213.6;24.36
TUBI;88;8;0;12.214;0.3565;327.13;326.02;326.55;1.11;34.640;117.840;7.732;-35.051;42.783;interna;16.00;-3.464;-62.027;5.657;63.616;67.684;213.7;29.77
TUBI;88;8;0;12.214;0.3565;327.13;326.02;326.55;1.11;34.640;117.840;7.732;-35.051;42.783;media;17.52;-8.251;-55.194;7.704;56.631;62.897;213.7;26.50
TUBI;88;8;0;12.214;0.3565;327.13;326.02;326.55;1.11;34.640;117.840;7.732;-35.051;42.783;esterna;19.05;-11.784;-49.784;9.579;52.079;59.364;213.7;24.37
TUBI;89;8;0;12.733;0.3565;326.73;325.75;326.21;0.98;34.638;117.840;7.732;-35.051;42.783;interna;16.00;-3.464;-61.784;5.902;63.522;67.685;213.8;29.72
TUBI;89;8;0;12.733;0.3565;326.73;325.75;326.21;0.98;34.638;117.840;7.732;-35.051;42.783;media;17.52;-8.240;-55.202;7.707;56.644;62.909;213.8;26.50
TUBI;89;8;0;12.733;0.3565;326.73;325.75;326.21;0.98;34.638;117.840;7.732;-35.051;42.783;esterna;19.05;-11.784;-50.004;9.361;52.116;59.365;213.8;24.38
TUBI;0;9;0;0.007;0.4991;342.94;336.78;339.68;6.16;34.740;117.840;7.325;-35.456;42.781;interna;16.00;-3.474;-71.375;-4.156;67.562;67.901;211.1;32.01
TUBI;0;9;0;0.007;0.4991;342.94;336.78;339.68;6.16;34.740;117.840;7.325;-35.456;42.781;media;17.52;-8.640;-54.885;7.168;55.853;62.053;211.1;26.46
TUBI;0;9;0;0.007;0.4991;342.94;336.78;339.68;6.16;34.740;117.840;7.325;-35.456;42.781;esterna;19.05;-11.784;-41.363;17.546;51.017;58.909;211.1;24.17
TUBI;1;9;0;0.022;0.4991;342.92;336.77;339.66;6.15;34.725;117.840;7.325;-35.456;42.781;interna;16.00;-3.472;-71.372;-4.144;67.566;67.900;211.1;32.01
TUBI;1;9;0;0.022;0.4991;342.92;336.77;339.66;6.15;34.725;117.840;7.325;-35.456;42.781;media;17.52;-8.639;-54.893;7.168;55.861;62.061;211.1;26.47
TUBI;1;9;0;0.022;0.4991;342.92;336.77;339.66;6.15;34.725;117.840;7.325;-35.456;42.781;esterna;19.05;-11.784;-41.380;17.536;51.023;58.916;211.1;24.17
TUBI;2;9;0;0.037;0.4991;342.90;336.75;339.65;6.15;34.725;117.840;7.325;-35.456;42.781;interna;16.00;-3.472;-71.361;-4.133;67.560;67.888;211.1;32.01
TUBI;2;9;0;0.037;0.4991;342.90;336.75;339.65;6.15;34.725;117.840;7.325;-35.456;42.781;media;17.52;-8.638;-54.894;7.168;55.862;62.062;211.1;26.47
TUBI;2;9;0;0.037;0.4991;342.90;336.75;339.65;6.15;34.725;117.840;7.325;-35.456;42.781;esterna;19.05;-11.784;-41.391;17.526;51.023;58.916;211.1;24.17
TUBI;3;9;0;0.053;0.4991;342.88;336.74;339.63;6.14;34.724;117.840;7.325;-35.456;42.781;interna;16.00;-3.472;-71.349;-4.121;67.555;67.876;211.1;32.01
TUBI;3;9;0;0.053;0.4991;342.88;336.74;339.63;6.14;34.724;117.840;7.325;-35.456;42.781;media;17.52;-8.638;-54.894;7.168;55.863;62.063;211.1;26.47
TUBI;3;9;0;0.053;0.4991;342.88;336.74;339.63;6.14;34.724;117.840;7.325;-35.456;42.781;esterna;19.05;-11.784;-41.402;17.515;51.024;58.917;211.1;24.17
TUBI;4;9;0;0.070;0.4991;342.73;336.64;339.51;6.09;34.724;117.840;7.325;-35.456;42.781;interna;16.00;-3.472;-71.258;-4.030;67.509;67.786;211.1;31.98
TUBI;4;9;0;0.070;0.4991;342.73;336.64;339.51;6.09;34.724;117.840;7.325;-35.456;42.781;media;17.52;-8.634;-54.897;7.170;55.867;62.067;211.1;26.46
TUBI;4;9;0;0.070;0.4991;342.73;336.64;339.51;6.09;34.724;117.840;7.325;-35.456;42.781;esterna;19.05;-11.784;-41.483;17.434;51.024;58.917;211.1;24.17
TUBI;5;9;0;0.087;0.4991;342.61;336.55;339.40;6.05;34.723;117.840;7.325;-35.456;42.781;interna;16.00;-3.472;-71.186;-3.958;67.473;67.714;211.1;31.96
TUBI;5;9;0;0.087;0.4991;342.61;336.55;339.40;6.05;34.723;117.840;7.325;-35.456;42.781;media;17.52;-8.631;-54.899;7.171;55.871;62.070;211.1;26.46
TUBI;5;9;0;0.087;0.4991;342.61;336.55;339.40;6.05;34.723;117.840;7.325;-35.456;42.781;esterna;19.05;-11.784;-41.547;17.370;51.025;58.917;211.1;24.17
TUBI;6;9;0;0.105;0.4991;342.50;336.48;339.32;6.02;34.723;117.840;7.325;-35.456;42.781;interna;16.00;-3.472;-71.125;-3.896;67.442;67.653;211.1;31.94
TUBI;6;9;0;0.105;0.4991;342.50;336.48;339.32;6.02;34.723;117.840;7.325;-35.456;42.781;media;17.52;-8.629;-54.901;7.171;55.874;62.073;211.1;26.46
TUBI;6;9;0;0.105;0.4991;342.50;336.48;339.32;6.02;34.723;117.840;7.325;-35.456;42.781;esterna;19.05;-11.784;-41.602;17.315;51.025;58.917;211.1;24.17
TUBI;7;9;0;0.124;0.4991;342.41;336.42;339.24;5.99;34.722;117.840;7.325;-35.456;42.781;interna;16.00;-3.472;-71.072;-3.843;67.415;67.600;211.2;31.93
TUBI;7;9;0;0.124;0.4991;342.41;336.42;339.24;5.99;34.722;117.840;7.325;-35.456;42.781;media;17.52;-8.626;-54.903;7.172;55.877;62.075;211.2;26.46
TUBI;7;9;0;0.124;0.4991;342.41;336.42;339.24;5.99;34.722;117.840;7.325;-35.456;42.781;esterna;19.05;-11.784;-41.650;17.267;51.026;58.917;211.2;24.17
TUBI;8;9;0;0.144;0.4991;342.33;336.36;339.18;5.97;34.722;117.840;7.325;-35.456;42.781;interna;16.00;-3.472;-71.024;-3.795;67.391;67.552;211.2;31.91
TUBI;8;9;0;0.144;0.4991;342.33;336.36;339.18;5.97;34.722;117.840;7.325;-35.456;42.781;media;17.52;-8.624;-54.904;7.173;55.879;62.077;211.2;26.46
TUBI;8;9;0;0.144;0.4991;342.33;336.36;339.18;5.97;34.722;117.840;7.325;-35.456;42.781;esterna;19.05;-11.784;-41.693;17.225;51.026;58.918;211.2;24.16
TUBI;9;9;0;0.164;0.4991;342.26;336.31;339.11;5.94;34.721;117.840;7.325;-35.456;42.781;interna;16.00;-3.472;-70.981;-3.751;67.370;67.509;211.2;31.90
TUBI;9;9;0;0.164;0.4991;342.26;336.31;339.11;5.94;34.721;117.840;7.325;-35.456;42.781;media;17.52;-8.623;-54.906;7.173;55.882;62.079;211.2;26.46
TUBI;9;9;0;0.164;0.4991;342.26;336.31;339.11;5.94;34.721;117.840;7.325;-35.456;42.781;esterna;19.05;-11.784;-41.732;17.186;51.027;58.918;211.2;24.16
TUBI;10;9;0;0.185;0.4991;342.19;336.27;339.06;5.92;34.721;117.840;7.325;-35.456;42.781;interna;16.00;-3.472;-70.938;-3.708;67.349;67.466;211.2;31.89
TUBI;10;9;0;0.185;0.4991;342.19;336.27;339.06;5.92;34.721;117.840;7.325;-35.456;42.781;media;17.52;-8.621;-54.907;7.174;55.884;62.081;211.2;26.46
TUBI;10;9;0;0.185;0.4991;342.19;336.27;339.06;5.92;34.721;117.840;7.325;-35.456;42.781;esterna;19.05;-11.784;-41.771;17.148;51.027;58.918;211.2;24.16
TUBI;11;9;0;0.207;0.4991;431.37;395.30;412.29;36.07;34.717;117.840;7.325;-35.456;42.781;interna;16.00;-3.472;-127.133;-59.901;107.230;123.661;196.5;54.56
TUBI;11;9;0;0.207;0.4991;431.37;395.30;412.29;36.07;34.717;117.840;7.325;-35.456;42.781;media;17.52;-10.921;-53.377;6.405;53.276;59.783;196.5;27.11
TUBI;11;9;0;0.207;0.4991;431.37;395.30;412.29;36.07;34.717;117.840;7.325;-35.456;42.781;esterna;19.05;-11.784;8.255;67.175;71.090;78.959;196.5;36.17
TUBI;12;9;0;0.230;0.4991;429.59;394.16;410.85;35.43;34.717;117.840;7.325;-35.456;42.781;interna;16.00;-3.472;-125.944;-58.711;106.233;122.472;196.8;53.97
TUBI;12;9;0;0.230;0.4991;429.59;394.16;410.85;35.43;34.717;117.840;7.325;-35.456;42.781;media;17.52;-10.873;-53.410;6.421;53.331;59.831;196.8;27.09
TUBI;12;9;0;0.230;0.4991;429.59;394.16;410.85;35.43;34.717;117.840;7.325;-35.456;42.781;esterna;19.05;-11.784;7.196;66.116;70.357;77.900;196.8;35.75
TUBI;13;9;0;0.254;0.4991;427.90;393.07;409.47;34.83;34.717;117.840;7.325;-35.456;42.781;interna;16.00;-3.472;-124.814;-57.581;105.290;121.342;197.1;53.42
TUBI;13;9;0;0.254;0.4991;427.90;393.07;409.47;34.83;34.717;117.840;7.325;-35.456;42.781;media;17.52;-10.826;-53.441;6.437;53.382;59.878;197.1;27.08
TUBI;13;9;0;0.254;0.4991;427.90;393.07;409.47;34.83;34.717;117.840;7.325;-35.456;42.781;esterna;19.05;-11.784;6.190;65.110;69.668;76.894;197.1;35.35
TUBI;14;9;0;0.279;0.4991;426.28;392.03;408.16;34.25;34.717;117.840;7.325;-35.456;42.781;interna;16.00;-3.472;-123.731;-56.499;104.390;120.259;197.4;52.89
TUBI;14;9;0;0.279;0.4991;426.28;392.03;408.16;34.25;34.717;117.840;7.325;-35.456;42.781;media;17.52;-10.782;-53.471;6.452;53.432;59.922;197.4;27.07
TUBI;14;9;0;0.279;0.4991;426.28;392.03;408.16;34.25;34.717;117.840;7.325;-35.456;42.781;esterna;19.05;-11.784;5.226;64.146;69.016;75.930;197.4;34.97
TUBI;15;9;0;0.305;0.4991;424.71;391.02;406.89;33.69;34.716;117.840;7.325;-35.456;42.781;interna;16.00;-3.472;-122.698;-55.465;103.534;119.226;197.6;52.39
TUBI;15;9;0;0.305;0.4991;424.71;391.02;406.89;33.69;34.716;117.840;7.325;-35.456;42.781;media;17.52;-10.740;-53.499;6.466;53.480;59.965;197.6;27.06
TUBI;15;9;0;0.305;0.4991;424.71;391.02;406.89;33.69;34.716;117.840;7.325;-35.456;42.781;esterna;19.05;-11.784;4.306;63.226;68.399;75.010;197.6;34.61
TUBI;16;9;0;0.332;0.4991;423.19;390.04;405.65;33.15;34.716;117.840;7.325;-35.456;42.781;interna;16.00;-3.472;-121.683;-54.450;102.696;118.211;197.9;51.90
TUBI;16;9;0;0.332;0.4991;423.19;390.04;405.65;33.15;34.716;117.840;7.325;-35.456;42.781;media;17.52;-10.698;-53.527;6.480;53.526;60.006;197.9;27.05
TUBI;16;9;0;0.332;0.4991;423.19;390.04;405.65;33.15;34.716;117.840;7.325;-35.456;42.781;esterna;19.05;-11.784;3.402;62.322;67.801;74.106;197.9;34.27
TUBI;17;9;0;0.360;0.4991;421.70;389.08;404.45;32.62;34.716;117.840;7.325;-35.456;42.781;interna;16.00;-3.472;-120.703;-53.470;101.891;117.232;198.1;51.43
TUBI;17;9;0;0.360;0.4991;421.70;389.08;404.45;32.62;34.716;117.840;7.325;-35.456;42.781;media;17.52;-10.658;-53.554;6.493;53.571;60.047;198.1;27.04
TUBI;17;9;0;0.360;0.4991;421.70;389.08;404.45;32.62;34.716;117.840;7.325;-35.456;42.781;esterna;19.05;-11.784;2.530;61.450;67.230;73.234;198.1;33.94
TUBI;18;9;0;0.390;0.4991;420.24;388.14;403.26;32.10;34.716;117.840;7.325;-35.456;42.781;interna;16.00;-3.472;-119.732;-52.498;101.095;116.260;198.3;50.97
TUBI;18;9;0;0.390;0.4991;420.24;388.14;403.26;32.10;34.716;117.840;7.325;-35.456;42.781;media;17.52;-10.618;-53.580;6.506;53.616;60.087;198.3;27.03
TUBI;18;9;0;0.390;0.4991;420.24;388.14;403.26;32.10;34.716;117.840;7.325;-35.456;42.781;esterna;19.05;-11.784;1.664;60.585;66.670;72.369;198.3;33.61
TUBI;19;9;0;0.420;0.4991;418.80;387.21;402.09;31.59;34.715;117.840;7.325;-35.456;42.781;interna;16.00;-3.472;-118.785;-51.552;100.323;115.314;198.6;50.52
TUBI;19;9;0;0.420;0.4991;418.80;387.21;402.09;31.59;34.715;117.840;7.325;-35.456;42.781;media;17.52;-10.579;-53.606;6.519;53.660;60.125;198.6;27.02
TUBI;19;9;0;0.420;0.4991;418.80;387.21;402.09;31.59;34.715;117.840;7.325;-35.456;42.781;esterna;19.05;-11.784;0.821;59.742;66.131;71.526;198.6;33.30
TUBI;20;9;0;0.452;0.4991;417.38;386.29;400.93;31.09;34.715;117.840;7.325;-35.456;42.781;interna;16.00;-3.471;-117.850;-50.617;99.563;114.379;198.8;50.08
TUBI;20;9;0;0.452;0.4991;417.38;386.29;400.93;31.09;34.715;117.840;7.325;-35.456;42.781;media;17.52;-10.541;-53.632;6.532;53.703;60.164;198.8;27.01
TUBI;20;9;0;0.452;0.4991;417.38;386.29;400.93;31.09;34.715;117.840;7.325;-35.456;42.781;esterna;19.05;-11.784;-0.011;58.910;65.604;70.694;198.8;33.00
TUBI;21;9;0;0.485;0.4991;415.96;385.37;399.78;30.59;34.715;117.840;7.325;-35.456;42.781;interna;16.00;-3.471;-116.913;-49.679;98.804;113.442;199.0;49.64
TUBI;21;9;0;0.485;0.4991;415.96;385.37;399.78;30.59;34.715;117.840;7.325;-35.456;42.781;media;17.52;-10.503;-53.657;6.545;53.746;60.202;199.0;27.00
TUBI;21;9;0;0.485;0.4991;415.96;385.37;399.78;30.59;34.715;117.840;7.325;-35.456;42.781;esterna;19.05;-11.784;-0.846;58.075;65.083;69.859;199.0;32.70
TUBI;22;9;0;0.520;0.4991;414.55;384.46;398.63;30.09;34.714;117.840;7.325;-35.456;42.781;interna;16.00;-3.471;-115.992;-48.758;98.062;112.521;199.3;49.21
TUBI;22;9;0;0.520;0.4991;414.55;384.46;398.63;30.09;34.714;117.840;7.325;-35.456;42.781;media;17.52;-10.465;-53.683;6.558;53.789;60.240;199.3;26.99
TUBI;22;9;0;0.520;0.4991;414.55;384.46;398.63;30.09;34.714;117.840;7.325;-35.456;42.781;esterna;19.05;-11.784;-1.666;57.255;64.577;69.039;199.3;32.41
TUBI;23;9;0;0.556;0.4991;413.15;383.55;397.49;29.60;34.714;117.840;7.325;-35.456;42.781;interna;16.00;-3.471;-115.075;-47.840;97.325;111.603;199.5;48.78
TUBI;23;9;0;0.556;0.4991;413.15;383.55;397.49;29.60;34.714;117.840;7.325;-35.456;42.781;media;17.52;-10.427;-53.708;6.570;53.831;60.278;199.5;26.98
TUBI;23;9;0;0.556;0.4991;413.15;383.55;397.49;29.60;34.714;117.840;7.325;-35.456;42.781;esterna;19.05;-11.784;-2.484;56.438;64.080;68.222;199.5;32.12
TUBI;24;9;0;0.593;0.4991;411.74;382.64;396.34;29.10;34.714;117.840;7.325;-35.456;42.781;interna;16.00;-3.471;-114.149;-46.915;96.585;110.677;199.7;48.36
TUBI;24;9;0;0.593;0.4991;411.74;382.64;396.34;29.10;34.714;117.840;7.325;-35.456;42.781;media;17.52;-10.389;-53.733;6.583;53.874;60.316;199.7;26.97
TUBI;24;9;0;0.593;0.4991;411.74;382.64;396.34;29.10;34.714;117.840;7.325;-35.456;42.781;esterna;19.05;-11.784;-3.308;55.614;63.585;67.398;199.7;31.84
TUBI;25;9;0;0.632;0.4991;410.34;381.72;395.20;28.61;34.713;117.840;7.325;-35.456;42.781;interna;16.00;-3.471;-113.233;-45.999;95.856;109.762;200.0;47.94
TUBI;25;9;0;0.632;0.4991;410.34;381.72;395.20;28.61;34.713;117.840;7.325;-35.456;42.781;media;17.52;-10.352;-53.759;6.595;53.916;60.354;200.0;26.96
TUBI;25;9;0;0.632;0.4991;410.34;381.72;395.20;28.61;34.713;117.840;7.325;-35.456;42.781;esterna;19.05;-11.784;-4.124;54.798;63.102;66.582;200.0;31.56
TUBI;26;9;0;0.672;0.4991;408.93;380.81;394.05;28.12;34.713;117.840;7.325;-35.456;42.781;interna;16.00;-3.471;-112.316;-45.082;95.129;108.845;200.2;47.52
TUBI;26;9;0;0.672;0.4991;408.93;380.81;394.05;28.12;34.713;117.840;7.325;-35.456;42.781;media;17.52;-10.314;-53.784;6.608;53.959;60.392;200.2;26.95
TUBI;26;9;0;0.672;0.4991;408.93;380.81;394.05;28.12;34.713;117.840;7.325;-35.456;42.781;esterna;19.05;-11.784;-4.940;53.982;62.625;65.766;200.2;31.28
TUBI;27;9;0;0.715;0.4991;407.51;379.88;392.89;27.62;34.712;117.840;7.325;-35.456;42.781;interna;16.00;-3.471;-111.388;-44.153;94.397;107.917;200.4;47.10
TUBI;27;9;0;0.715;0.4991;407.51;379.88;392.89;27.62;34.712;117.840;7.325;-35.456;42.781;media;17.52;-10.276;-53.809;6.621;54.002;60.430;200.4;26.94
TUBI;27;9;0;0.715;0.4991;407.51;379.88;392.89;27.62;34.712;117.840;7.325;-35.456;42.781;esterna;19.05;-11.784;-5.767;53.155;62.149;64.939;200.4;31.01
TUBI;28;9;0;0.759;0.4991;406.08;378.96;391.73;27.13;34.712;117.840;7.325;-35.456;42.781;interna;16.00;-3.471;-110.465;-43.230;93.673;106.994;200.7;46.68
TUBI;28;9;0;0.759;0.4991;406.08;378.96;391.73;27.13;34.712;117.840;7.325;-35.456;42.781;media;17.52;-10.239;-53.835;6.633;54.045;60.468;200.7;26.93
TUBI;28;9;0;0.759;0.4991;406.08;378.96;391.73;27.13;34.712;117.840;7.325;-35.456;42.781;esterna;19.05;-11.784;-6.589;52.333;61.684;64.117;200.7;30.74
TUBI;29;9;0;0.804;0.4991;404.65;378.02;390.56;26.63;34.712;117.840;7.325;-35.456;42.781;interna;16.00;-3.471;-109.539;-42.303;92.948;106.067;200.9;46.27
TUBI;29;9;0;0.804;0.4991;404.65;378.02;390.56;26.63;34.712;117.840;7.325;-35.456;42.781;media;17.52;-10.201;-53.860;6.646;54.088;60.506;200.9;26.92
TUBI;29;9;0;0.804;0.4991;404.65;378.02;390.56;26.63;34.712;117.840;7.325;-35.456;42.781;esterna;19.05;-11.784;-7.414;51.508;61.224;63.292;200.9;30.48
TUBI;30;9;0;0.852;0.4991;403.20;377.08;389.38;26.12;34.711;117.840;7.325;-35.456;42.781;interna;16.00;-3.471;-108.598;-41.363;92.218;105.127;201.1;45.85
TUBI;30;9;0;0.852;0.4991;403.20;377.08;389.38;26.12;34.711;117.840;7.325;-35.456;42.781;media;17.52;-10.162;-53.886;6.659;54.131;60.545;201.1;26.91
TUBI;30;9;0;0.852;0.4991;403.20;377.08;389.38;26.12;34.711;117.840;7.325;-35.456;42.781;esterna;19.05;-11.784;-8.252;50.671;60.766;62.455;201.1;30.21
TUBI;31;9;0;0.902;0.4991;401.75;376.13;388.19;25.62;34.711;117.840;7.325;-35.456;42.781;interna;16.00;-3.471;-107.662;-40.426;91.493;104.190;201.4;45.44
TUBI;31;9;0;0.902;0.4991;401.75;376.13;388.19;25.62;34.711;117.840;7.325;-35.456;42.781;media;17.52;-10.124;-53.912;6.672;54.175;60.583;201.4;26.90
TUBI;31;9;0;0.902;0.4991;401.75;376.13;388.19;25.62;34.711;117.840;7.325;-35.456;42.781;esterna;19.05;-11.784;-9.087;49.837;60.317;61.621;201.4;29.95
TUBI;32;9;0;0.953;0.4991;400.28;375.17;386.99;25.11;34.710;117.840;7.325;-35.456;42.781;interna;16.00;-3.471;-106.710;-39.474;90.762;103.239;201.6;45.02
TUBI;32;9;0;0.953;0.4991;400.28;375.17;386.99;25.11;34.710;117.840;7.325;-35.456;42.781;media;17.52;-10.085;-53.938;6.685;54.219;60.623;201.6;26.89
TUBI;32;9;0;0.953;0.4991;400.28;375.17;386.99;25.11;34.710;117.840;7.325;-35.456;42.781;esterna;19.05;-11.784;-9.934;48.990;59.870;60.774;201.6;29.70
TUBI;33;9;0;1.007;0.4991;398.80;374.20;385.78;24.60;34.710;117.840;7.325;-35.456;42.781;interna;16.00;-3.471;-105.762;-38.525;90.036;102.291;201.8;44.61
TUBI;33;9;0;1.007;0.4991;398.80;374.20;385.78;24.60;34.710;117.840;7.325;-35.456;42.781;media;17.52;-10.046;-53.964;6.698;54.263;60.662;201.8;26.88
TUBI;33;9;0;1.007;0.4991;398.80;374.20;385.78;24.60;34.710;117.840;7.325;-35.456;42.781;esterna;19.05;-11.784;-10.779;48.145;59.433;59.929;201.8;29.44
TUBI;34;9;0;1.063;0.4991;397.31;373.22;384.56;24.09;34.709;117.840;7.325;-35.456;42.781;interna;16.00;-3.471;-104.807;-37.570;89.310;101.336;202.1;44.19
TUBI;34;9;0;1.063;0.4991;397.31;373.22;384.56;24.09;34.709;117.840;7.325;-35.456;42.781;media;17.52;-10.007;-53.990;6.711;54.308;60.701;202.1;26.87
TUBI;34;9;0;1.063;0.4991;397.31;373.22;384.56;24.09;34.709;117.840;7.325;-35.456;42.781;esterna;19.05;-11.784;-11.630;47.294;59.001;59.078;202.1;29.20
TUBI;35;9;0;1.122;0.4991;395.80;372.23;383.33;23.57;34.709;117.840;7.325;-35.456;42.781;interna;16.00;-3.471;-103.837;-36.600;88.577;100.366;202.3;43.78
TUBI;35;9;0;1.122;0.4991;395.80;372.23;383.33;23.57;34.709;117.840;7.325;-35.456;42.781;media;17.52;-9.967;-54.017;6.724;54.353;60.741;202.3;26.86
TUBI;35;9;0;1.122;0.4991;395.80;372.23;383.33;23.57;34.709;117.840;7.325;-35.456;42.781;esterna;19.05;-11.784;-12.493;46.431;58.573;58.924;202.3;28.95
TUBI;36;9;0;1.182;0.4991;394.28;371.23;382.09;23.05;34.708;117.840;7.325;-35.456;42.781;interna;16.00;-3.471;-102.869;-35.632;87.850;99.398;202.6;43.37
TUBI;36;9;0;1.182;0.4991;394.28;371.23;382.09;23.05;34.708;117.840;7.325;-35.456;42.781;media;17.52;-9.927;-54.044;6.737;54.398;60.781;202.6;26.85
TUBI;36;9;0;1.182;0.4991;394.28;371.23;382.09;23.05;34.708;117.840;7.325;-35.456;42.781;esterna;19.05;-11.784;-13.356;45.569;58.154;58.924;202.6;28.71
TUBI;37;9;0;1.246;0.4991;392.84;370.29;380.91;22.55;34.708;117.840;7.325;-35.456;42.781;interna;16.00;-3.471;-101.950;-34.712;87.164;98.479;202.8;42.98
TUBI;37;9;0;1.246;0.4991;392.84;370.29;380.91;22.55;34.708;117.840;7.325;-35.456;42.781;media;17.52;-9.890;-54.069;6.750;54.441;60.819;202.8;26.84
TUBI;37;9;0;1.246;0.4991;392.84;370.29;380.91;22.55;34.708;117.840;7.325;-35.456;42.781;esterna;19.05;-11.784;-14.175;44.750;57.766;58.925;202.8;28.48
TUBI;38;9;0;1.311;0.4991;391.30;369.27;379.65;22.03;34.707;117.840;7.325;-35.456;42.781;interna;16.00;-3.471;-100.969;-33.731;86.437;97.498;203.1;42.56
TUBI;38;9;0;1.311;0.4991;391.30;369.27;379.65;22.03;34.707;117.840;7.325;-35.456;42.781;media;17.52;-9.849;-54.096;6.763;54.487;60.859;203.1;26.83
TUBI;38;9;0;1.311;0.4991;391.30;369.27;379.65;22.03;34.707;117.840;7.325;-35.456;42.781;esterna;19.05;-11.784;-15.048;43.876;57.362;58.925;203.1;28.25
TUBI;39;9;0;1.380;0.4991;389.74;368.24;378.37;21.50;34.706;117.840;7.325;-35.456;42.781;interna;16.00;-3.471;-99.975;-32.737;85.705;96.505;203.3;42.15
TUBI;39;9;0;1.380;0.4991;389.74;368.24;378.37;21.50;34.706;117.840;7.325;-35.456;42.781;media;17.52;-9.809;-54.124;6.777;54.533;60.900;203.3;26.82
TUBI;39;9;0;1.380;0.4991;389.74;368.24;378.37;21.50;34.706;117.840;7.325;-35.456;42.781;esterna;19.05;-11.784;-15.934;42.991;56.964;58.925;203.3;28.02
TUBI;40;9;0;1.452;0.4991;388.17;367.21;377.08;20.96;34.706;117.840;7.325;-35.456;42.781;interna;16.00;-3.471;-98.976;-31.737;84.975;95.506;203.6;41.74
TUBI;40;9;0;1.452;0.4991;388.17;367.21;377.08;20.96;34.706;117.840;7.325;-35.456;42.781;media;17.52;-9.768;-54.151;6.791;54.580;60.942;203.6;26.81
TUBI;40;9;0;1.452;0.4991;388.17;367.21;377.08;20.96;34.706;117.840;7.325;-35.456;42.781;esterna;19.05;-11.784;-16.824;42.101;56.574;58.925;203.6;27.79
TUBI;41;9;0;1.526;0.4991;386.58;366.16;375.78;20.42;34.705;117.840;7.325;-35.456;42.781;interna;16.00;-3.471;-97.979;-30.740;84.251;94.508;203.8;41.33
TUBI;41;9;0;1.526;0.4991;386.58;366.16;375.78;20.42;34.705;117.840;7.325;-35.456;42.781;media;17.52;-9.727;-54.179;6.804;54.627;60.983;203.8;26.80
TUBI;41;9;0;1.526;0.4991;386.58;366.16;375.78;20.42;34.705;117.840;7.325;-35.456;42.781;esterna;19.05;-11.784;-17.712;41.213;56.197;58.926;203.8;27.57
TUBI;42;9;0;1.603;0.4991;384.99;365.10;374.47;19.88;34.704;117.840;7.325;-35.456;42.781;interna;16.00;-3.470;-96.970;-29.730;83.525;93.500;204.1;40.92
TUBI;42;9;0;1.603;0.4991;384.99;365.10;374.47;19.88;34.704;117.840;7.325;-35.456;42.781;media;17.52;-9.685;-54.207;6.818;54.674;61.025;204.1;26.79
TUBI;42;9;0;1.603;0.4991;384.99;365.10;374.47;19.88;34.704;117.840;7.325;-35.456;42.781;esterna;19.05;-11.784;-18.611;40.315;55.826;58.926;204.1;27.35
TUBI;43;9;0;1.684;0.4991;383.38;364.04;373.15;19.34;34.704;117.840;7.325;-35.456;42.781;interna;16.00;-3.470;-95.957;-28.717;82.802;92.487;204.4;40.52
TUBI;43;9;0;1.684;0.4991;383.38;364.04;373.15;19.34;34.704;117.840;7.325;-35.456;42.781;media;17.52;-9.644;-54.235;6.832;54.721;61.066;204.4;26.78
TUBI;43;9;0;1.684;0.4991;383.38;364.04;373.15;19.34;34.704;117.840;7.325;-35.456;42.781;esterna;19.05;-11.784;-19.514;39.413;55.467;58.926;204.4;27.14
TUBI;44;9;0;1.768;0.4991;381.77;362.97;371.82;18.80;34.703;117.840;7.325;-35.456;42.781;interna;16.00;-3.470;-94.948;-27.707;82.088;91.477;204.6;40.11
TUBI;44;9;0;1.768;0.4991;381.77;362.97;371.82;18.80;34.703;117.840;7.325;-35.456;42.781;media;17.52;-9.603;-54.262;6.846;54.769;61.108;204.6;26.76
TUBI;44;9;0;1.768;0.4991;381.77;362.97;371.82;18.80;34.703;117.840;7.325;-35.456;42.781;esterna;19.05;-11.784;-20.413;38.514;55.121;58.927;204.6;26.94
TUBI;45;9;0;1.855;0.4991;380.14;361.89;370.49;18.25;34.702;117.840;7.325;-35.456;42.781;interna;16.00;-3.470;-93.929;-26.688;81.373;90.459;204.9;39.71
TUBI;45;9;0;1.855;0.4991;380.14;361.89;370.49;18.25;34.702;117.840;7.325;-35.456;42.781;media;17.52;-9.561;-54.291;6.860;54.817;61.150;204.9;26.75
TUBI;45;9;0;1.855;0.4991;380.14;361.89;370.49;18.25;34.702;117.840;7.325;-35.456;42.781;esterna;19.05;-11.784;-21.321;37.606;54.785;58.927;204.9;26.74
TUBI;46;9;0;1.947;0.4991;378.51;360.81;369.14;17.70;34.702;117.840;7.325;-35.456;42.781;interna;16.00;-3.470;-92.908;-25.667;80.664;89.438;205.2;39.32
TUBI;46;9;0;1.947;0.4991;378.51;360.81;369.14;17.70;34.702;117.840;7.325;-35.456;42.781;media;17.52;-9.519;-54.319;6.874;54.865;61.192;205.2;26.74
TUBI;46;9;0;1.947;0.4991;378.51;360.81;369.14;17.70;34.702;117.840;7.325;-35.456;42.781;esterna;19.05;-11.784;-22.230;36.697;54.461;58.927;205.2;26.54
TUBI;47;9;0;2.041;0.4991;376.87;359.72;367.80;17.16;34.701;117.840;7.325;-35.456;42.781;interna;16.00;-3.470;-91.892;-24.651;79.964;88.422;205.4;38.92
TUBI;47;9;0;2.041;0.4991;376.87;359.72;367.80;17.16;34.701;117.840;7.325;-35.456;42.781;media;17.52;-9.477;-54.347;6.887;54.912;61.234;205.4;26.73
TUBI;47;9;0;2.041;0.4991;376.87;359.72;367.80;17.16;34.701;117.840;7.325;-35.456;42.781;esterna;19.05;-11.784;-23.135;35.792;54.152;58.928;205.4;26.36
TUBI;48;9;0;2.140;0.4991;375.23;358.62;366.44;16.61;34.700;117.840;7.325;-35.456;42.781;interna;16.00;-3.470;-90.871;-23.629;79.268;87.401;205.7;38.53
TUBI;48;9;0;2.140;0.4991;375.23;358.62;366.44;16.61;34.700;117.840;7.325;-35.456;42.781;media;17.52;-9.435;-54.375;6.901;54.960;61.277;205.7;26.72
TUBI;48;9;0;2.140;0.4991;375.23;358.62;366.44;16.61;34.700;117.840;7.325;-35.456;42.781;esterna;19.05;-11.784;-24.046;34.882;53.855;58.928;205.7;26.18
TUBI;49;9;0;2.243;0.4991;373.58;357.52;365.09;16.06;34.699;117.840;7.325;-35.456;42.781;interna;16.00;-3.470;-89.850;-22.607;78.579;86.380;206.0;38.15
TUBI;49;9;0;2.243;0.4991;373.58;357.52;365.09;16.06;34.699;117.840;7.325;-35.456;42.781;media;17.52;-9.394;-54.403;6.915;55.009;61.319;206.0;26.71
TUBI;49;9;0;2.243;0.4991;373.58;357.52;365.09;16.06;34.699;117.840;7.325;-35.456;42.781;esterna;19.05;-11.784;-24.955;33.973;53.571;58.929;206.0;26.01
TUBI;50;9;0;2.350;0.4991;371.94;356.42;363.73;15.51;34.698;117.840;7.325;-35.456;42.781;interna;16.00;-3.470;-88.831;-21.588;77.899;85.361;206.3;37.77
TUBI;50;9;0;2.350;0.4991;371.94;356.42;363.73;15.51;34.698;117.840;7.325;-35.456;42.781;media;17.52;-9.352;-54.432;6.929;55.057;61.361;206.3;26.69
TUBI;50;9;0;2.350;0.4991;371.94;356.42;363.73;15.51;34.698;117.840;7.325;-35.456;42.781;esterna;19.05;-11.784;-25.863;33.066;53.303;58.929;206.3;25.84
TUBI;51;9;0;2.461;0.4991;370.29;355.32;362.37;14.97;34.697;117.840;7.325;-35.456;42.781;interna;16.00;-3.470;-87.820;-20.577;77.231;84.351;206.5;37.40
TUBI;51;9;0;2.461;0.4991;370.29;355.32;362.37;14.97;34.697;117.840;7.325;-35.456;42.781;media;17.52;-9.310;-54.460;6.943;55.104;61.403;206.5;26.68
TUBI;51;9;0;2.461;0.4991;370.29;355.32;362.37;14.97;34.697;117.840;7.325;-35.456;42.781;esterna;19.05;-11.784;-26.764;32.165;53.050;58.929;206.5;25.69
TUBI;52;9;0;2.578;0.4991;368.67;354.25;361.04;14.43;34.697;117.840;7.325;-35.456;42.781;interna;16.00;-3.470;-86.806;-19.561;76.569;83.336;206.8;37.03
TUBI;52;9;0;2.578;0.4991;368.67;354.25;361.04;14.43;34.697;117.840;7.325;-35.456;42.781;media;17.52;-9.269;-54.488;6.957;55.152;61.445;206.8;26.67
TUBI;52;9;0;2.578;0.4991;368.67;354.25;361.04;14.43;34.697;117.840;7.325;-35.456;42.781;esterna;19.05;-11.784;-27.668;31.262;52.811;58.930;206.8;25.54
TUBI;53;9;0;2.698;0.4991;367.02;353.13;359.67;13.89;34.696;117.840;7.325;-35.456;42.781;interna;16.00;-3.470;-85.801;-18.557;75.921;82.332;207.1;36.67
TUBI;53;9;0;2.698;0.4991;367.02;353.13;359.67;13.89;34.696;117.840;7.325;-35.456;42.781;media;17.52;-9.228;-54.516;6.971;55.200;61.487;207.1;26.66
TUBI;53;9;0;2.698;0.4991;367.02;353.13;359.67;13.89;34.696;117.840;7.325;-35.456;42.781;esterna;19.05;-11.784;-28.563;30.367;52.588;58.930;207.1;25.40
TUBI;54;9;0;2.824;0.4991;365.36;352.01;358.30;13.35;34.695;117.840;7.325;-35.456;42.781;interna;16.00;-3.469;-84.803;-17.558;75.285;81.334;207.3;36.31
TUBI;54;9;0;2.824;0.4991;365.36;352.01;358.30;13.35;34.695;117.840;7.325;-35.456;42.781;media;17.52;-9.187;-54.543;6.985;55.247;61.528;207.3;26.65
TUBI;54;9;0;2.824;0.4991;365.36;352.01;358.30;13.35;34.695;117.840;7.325;-35.456;42.781;esterna;19.05;-11.784;-29.453;29.478;52.381;58.931;207.3;25.26
TUBI;55;9;0;2.955;0.4991;363.72;350.90;356.94;12.82;34.694;117.840;7.325;-35.456;42.781;interna;16.00;-3.469;-83.817;-16.571;74.664;80.348;207.6;35.96
TUBI;55;9;0;2.955;0.4991;363.72;350.90;356.94;12.82;34.694;117.840;7.325;-35.456;42.781;media;17.52;-9.146;-54.571;6.998;55.294;61.569;207.6;26.63
TUBI;55;9;0;2.955;0.4991;363.72;350.90;356.94;12.82;34.694;117.840;7.325;-35.456;42.781;esterna;19.05;-11.784;-30.332;28.600;52.191;58.931;207.6;25.14
TUBI;56;9;0;3.092;0.4991;362.09;349.80;355.59;12.30;34.693;117.840;7.325;-35.456;42.781;interna;16.00;-3.469;-82.835;-15.589;74.054;79.366;207.9;35.62
TUBI;56;9;0;3.092;0.4991;362.09;349.80;355.59;12.30;34.693;117.840;7.325;-35.456;42.781;media;17.52;-9.106;-54.598;7.011;55.340;61.610;207.9;26.62
TUBI;56;9;0;3.092;0.4991;362.09;349.80;355.59;12.30;34.693;117.840;7.325;-35.456;42.781;esterna;19.05;-11.784;-31.207;27.725;52.015;58.932;207.9;25.02
TUBI;57;9;0;3.234;0.4991;360.47;348.70;354.25;11.77;34.692;117.840;7.325;-35.456;42.781;interna;16.00;-3.469;-81.863;-14.616;73.458;78.394;208.2;35.29
TUBI;57;9;0;3.234;0.4991;360.47;348.70;354.25;11.77;34.692;117.840;7.325;-35.456;42.781;media;17.52;-9.066;-54.625;7.025;55.386;61.650;208.2;26.61
TUBI;57;9;0;3.234;0.4991;360.47;348.70;354.25;11.77;34.692;117.840;7.325;-35.456;42.781;esterna;19.05;-11.784;-32.073;26.859;51.855;58.932;208.2;24.91
TUBI;58;9;0;3.382;0.4991;358.87;347.62;352.92;11.26;34.691;117.840;7.325;-35.456;42.781;interna;16.00;-3.469;-80.903;-13.655;72.876;77.434;208.4;34.97
TUBI;58;9;0;3.382;0.4991;358.87;347.62;352.92;11.26;34.691;117.840;7.325;-35.456;42.781;media;17.52;-9.027;-54.652;7.038;55.432;61.690;208.4;26.60
TUBI;58;9;0;3.382;0.4991;358.87;347.62;352.92;11.26;34.691;117.840;7.325;-35.456;42.781;esterna;19.05;-11.784;-32.929;26.003;51.711;58.933;208.4;24.81
TUBI;59;9;0;3.536;0.4991;357.29;346.54;351.61;10.75;34.690;117.840;7.325;-35.456;42.781;interna;16.00;-3.469;-79.958;-12.710;72.313;76.489;208.7;34.65
TUBI;59;9;0;3.536;0.4991;357.29;346.54;351.61;10.75;34.690;117.840;7.325;-35.456;42.781;media;17.52;-8.988;-54.678;7.051;55.477;61.729;208.7;26.58
TUBI;59;9;0;3.536;0.4991;357.29;346.54;351.61;10.75;34.690;117.840;7.325;-35.456;42.781;esterna;19.05;-11.784;-33.771;25.162;51.583;58.933;208.7;24.72
TUBI;60;9;0;3.697;0.4991;355.73;345.48;350.31;10.25;34.688;117.840;7.325;-35.456;42.781;interna;16.00;-3.469;-79.024;-11.775;71.763;75.555;208.9;34.35
TUBI;60;9;0;3.697;0.4991;355.73;345.48;350.31;10.25;34.688;117.840;7.325;-35.456;42.781;media;17.52;-8.950;-54.704;7.064;55.521;61.768;208.9;26.57
TUBI;60;9;0;3.697;0.4991;355.73;345.48;350.31;10.25;34.688;117.840;7.325;-35.456;42.781;esterna;19.05;-11.784;-34.604;24.329;51.469;58.934;208.9;24.63
TUBI;61;9;0;3.864;0.4991;354.20;344.44;349.04;9.76;34.687;117.840;7.325;-35.456;42.781;interna;16.00;-3.469;-78.108;-10.858;71.232;74.639;209.2;34.05
TUBI;61;9;0;3.864;0.4991;354.20;344.44;349.04;9.76;34.687;117.840;7.325;-35.456;42.781;media;17.52;-8.912;-54.730;7.076;55.565;61.806;209.2;26.56
TUBI;61;9;0;3.864;0.4991;354.20;344.44;349.04;9.76;34.687;117.840;7.325;-35.456;42.781;esterna;19.05;-11.784;-35.421;23.513;51.370;58.934;209.2;24.56
TUBI;62;9;0;4.038;0.4991;352.69;343.41;347.78;9.27;34.686;117.840;7.325;-35.456;42.781;interna;16.00;-3.469;-77.205;-9.955;70.717;73.736;209.4;33.76
TUBI;62;9;0;4.038;0.4991;352.69;343.41;347.78;9.27;34.686;117.840;7.325;-35.456;42.781;media;17.52;-8.875;-54.755;7.089;55.608;61.844;209.4;26.55
TUBI;62;9;0;4.038;0.4991;352.69;343.41;347.78;9.27;34.686;117.840;7.325;-35.456;42.781;esterna;19.05;-11.784;-36.226;22.709;51.286;58.935;209.4;24.49
TUBI;63;9;0;4.219;0.4991;351.20;342.40;346.55;8.80;34.685;117.840;7.325;-35.456;42.781;interna;16.00;-3.468;-76.322;-9.071;70.220;72.854;209.7;33.49
TUBI;63;9;0;4.219;0.4991;351.20;342.40;346.55;8.80;34.685;117.840;7.325;-35.456;42.781;media;17.52;-8.839;-54.780;7.101;55.650;61.881;209.7;26.54
TUBI;63;9;0;4.219;0.4991;351.20;342.40;346.55;8.80;34.685;117.840;7.325;-35.456;42.781;esterna;19.05;-11.784;-37.013;21.923;51.215;58.935;209.7;24.42
TUBI;64;9;0;4.407;0.4991;349.75;341.42;345.34;8.33;34.684;117.840;7.325;-35.456;42.781;interna;16.00;-3.468;-75.455;-8.204;69.740;71.987;209.9;33.22
TUBI;64;9;0;4.407;0.4991;349.75;341.42;345.34;8.33;34.684;117.840;7.325;-35.456;42.781;media;17.52;-8.803;-54.804;7.113;55.691;61.917;209.9;26.53
TUBI;64;9;0;4.407;0.4991;349.75;341.42;345.34;8.33;34.684;117.840;7.325;-35.456;42.781;esterna;19.05;-11.784;-37.786;21.150;51.158;58.936;209.9;24.37
TUBI;65;9;0;4.604;0.4991;348.33;340.45;344.16;7.88;34.682;117.840;7.325;-35.456;42.781;interna;16.00;-3.468;-74.611;-7.359;69.280;71.143;210.2;32.96
TUBI;65;9;0;4.604;0.4991;348.33;340.45;344.16;7.88;34.682;117.840;7.325;-35.456;42.781;media;17.52;-8.769;-54.828;7.124;55.732;61.952;210.2;26.52
TUBI;65;9;0;4.604;0.4991;348.33;340.45;344.16;7.88;34.682;117.840;7.325;-35.456;42.781;esterna;19.05;-11.784;-38.539;20.398;51.113;58.937;210.2;24.32
TUBI;66;9;0;4.809;0.4991;346.94;339.50;343.00;7.44;34.681;117.840;7.325;-35.456;42.781;interna;16.00;-3.468;-73.785;-6.531;68.836;70.316;210.4;32.72
TUBI;66;9;0;4.809;0.4991;346.94;339.50;343.00;7.44;34.681;117.840;7.325;-35.456;42.781;media;17.52;-8.735;-54.851;7.135;55.771;61.987;210.4;26.51
TUBI;66;9;0;4.809;0.4991;346.94;339.50;343.00;7.44;34.681;117.840;7.325;-35.456;42.781;esterna;19.05;-11.784;-39.276;19.661;51.079;58.937;210.4;24.28
TUBI;67;9;0;5.022;0.4991;345.59;338.58;341.88;7.00;34.680;117.840;7.325;-35.456;42.781;interna;16.00;-3.468;-72.982;-5.729;68.412;69.514;210.6;32.48
TUBI;67;9;0;5.022;0.4991;345.59;338.58;341.88;7.00;34.680;117.840;7.325;-35.456;42.781;media;17.52;-8.702;-54.874;7.146;55.810;62.020;210.6;26.50
TUBI;67;9;0;5.022;0.4991;345.59;338.58;341.88;7.00;34.680;117.840;7.325;-35.456;42.781;esterna;19.05;-11.784;-39.992;18.946;51.057;58.938;210.6;24.24
TUBI;68;9;0;5.243;0.4991;344.27;337.69;340.79;6.59;34.678;117.840;7.325;-35.456;42.781;interna;16.00;-3.468;-72.203;-4.948;68.007;68.735;210.8;32.25
TUBI;68;9;0;5.243;0.4991;344.27;337.69;340.79;6.59;34.678;117.840;7.325;-35.456;42.781;media;17.52;-8.670;-54.896;7.157;55.847;62.053;210.8;26.49
TUBI;68;9;0;5.243;0.4991;344.27;337.69;340.79;6.59;34.678;117.840;7.325;-35.456;42.781;esterna;19.05;-11.784;-40.687;18.252;51.045;58.939;210.8;24.21
TUBI;69;9;0;5.474;0.4991;343.00;336.82;339.73;6.18;34.677;117.840;7.325;-35.456;42.781;interna;16.00;-3.468;-71.447;-4.191;67.620;67.979;211.1;32.04
TUBI;69;9;0;5.474;0.4991;343.00;336.82;339.73;6.18;34.677;117.840;7.325;-35.456;42.781;media;17.52;-8.639;-54.917;7.167;55.884;62.085;211.1;26.48
TUBI;69;9;0;5.474;0.4991;343.00;336.82;339.73;6.18;34.677;117.840;7.325;-35.456;42.781;esterna;19.05;-11.784;-41.362;17.578;51.043;58.939;211.1;24.18
TUBI;70;9;0;5.715;0.4991;341.76;335.98;338.70;5.79;34.675;117.840;7.325;-35.456;42.781;interna;16.00;-3.468;-70.715;-3.458;67.252;67.256;211.3;31.83
TUBI;70;9;0;5.715;0.4991;341.76;335.98;338.70;5.79;34.675;117.840;7.325;-35.456;42.781;media;17.52;-8.609;-54.938;7.177;55.919;62.115;211.3;26.47
TUBI;70;9;0;5.715;0.4991;341.76;335.98;338.70;5.79;34.675;117.840;7.325;-35.456;42.781;esterna;19.05;-11.784;-42.015;16.925;51.049;58.940;211.3;24.16
TUBI;71;9;0;5.965;0.4991;340.57;335.17;337.71;5.41;34.674;117.840;7.325;-35.456;42.781;interna;16.00;-3.467;-70.008;-2.750;66.902;67.257;211.5;31.64
TUBI;71;9;0;5.965;0.4991;340.57;335.17;337.71;5.41;34.674;117.840;7.325;-35.456;42.781;media;17.52;-8.580;-54.958;7.187;55.953;62.145;211.5;26.46
TUBI;71;9;0;5.965;0.4991;340.57;335.17;337.71;5.41;34.674;117.840;7.325;-35.456;42.781;esterna;19.05;-11.784;-42.646;16.295;51.063;58.941;211.5;24.15
TUBI;72;9;0;6.226;0.4991;339.42;334.38;336.76;5.04;34.672;117.840;7.325;-35.456;42.781;interna;16.00;-3.467;-69.326;-2.068;66.569;67.258;211.6;31.45
TUBI;72;9;0;6.226;0.4991;339.42;334.38;336.76;5.04;34.672;117.840;7.325;-35.456;42.781;media;17.52;-8.552;-54.977;7.196;55.986;62.174;211.6;26.45
TUBI;72;9;0;6.226;0.4991;339.42;334.38;336.76;5.04;34.672;117.840;7.325;-35.456;42.781;esterna;19.05;-11.784;-43.254;15.687;51.084;58.941;211.6;24.14
TUBI;73;9;0;6.498;0.4991;338.32;333.63;335.84;4.69;34.671;117.840;7.325;-35.456;42.781;interna;16.00;-3.467;-68.670;-1.411;66.255;67.259;211.8;31.28
TUBI;73;9;0;6.498;0.4991;338.32;333.63;335.84;4.69;34.671;117.840;7.325;-35.456;42.781;media;17.52;-8.525;-54.996;7.205;56.018;62.202;211.8;26.44
TUBI;73;9;0;6.498;0.4991;338.32;333.63;335.84;4.69;34.671;117.840;7.325;-35.456;42.781;esterna;19.05;-11.784;-43.839;15.103;51.111;58.942;211.8;24.13
TUBI;74;9;0;6.780;0.4991;337.26;332.91;334.96;4.35;34.669;117.840;7.325;-35.456;42.781;interna;16.00;-3.467;-68.041;-0.781;65.958;67.260;212.0;31.11
TUBI;74;9;0;6.780;0.4991;337.26;332.91;334.96;4.35;34.669;117.840;7.325;-35.456;42.781;media;17.52;-8.499;-55.014;7.214;56.049;62.228;212.0;26.44
TUBI;74;9;0;6.780;0.4991;337.26;332.91;334.96;4.35;34.669;117.840;7.325;-35.456;42.781;esterna;19.05;-11.784;-44.401;14.542;51.143;58.943;212.0;24.12
TUBI;75;9;0;7.075;0.4991;336.25;332.22;334.12;4.03;34.667;117.840;7.325;-35.456;42.781;interna;16.00;-3.467;-67.439;-0.178;65.678;67.261;212.2;30.95
TUBI;75;9;0;7.075;0.4991;336.25;332.22;334.12;4.03;34.667;117.840;7.325;-35.456;42.781;media;17.52;-8.474;-55.031;7.222;56.078;62.254;212.2;26.43
TUBI;75;9;0;7.075;0.4991;336.25;332.22;334.12;4.03;34.667;117.840;7.325;-35.456;42.781;esterna;19.05;-11.784;-44.939;14.005;51.180;58.944;212.2;24.12
TUBI;76;9;0;7.381;0.4991;335.28;331.56;333.31;3.72;34.666;117.840;7.325;-35.456;42.781;interna;16.00;-3.467;-66.865;0.397;65.416;67.262;212.3;30.81
TUBI;76;9;0;7.381;0.4991;335.28;331.56;333.31;3.72;34.666;117.840;7.325;-35.456;42.781;media;17.52;-8.450;-55.048;7.230;56.106;62.278;212.3;26.42
TUBI;76;9;0;7.381;0.4991;335.28;331.56;333.31;3.72;34.666;117.840;7.325;-35.456;42.781;esterna;19.05;-11.784;-45.452;13.493;51.220;58.945;212.3;24.12
TUBI;77;9;0;7.701;0.4991;334.36;330.93;332.55;3.42;34.664;117.840;7.325;-35.456;42.781;interna;16.00;-3.466;-66.317;0.947;65.169;67.263;212.5;30.67
TUBI;77;9;0;7.701;0.4991;334.36;330.93;332.55;3.42;34.664;117.840;7.325;-35.456;42.781;media;17.52;-8.428;-55.064;7.238;56.133;62.302;212.5;26.42
TUBI;77;9;0;7.701;0.4991;334.36;330.93;332.55;3.42;34.664;117.840;7.325;-35.456;42.781;esterna;19.05;-11.784;-45.942;13.004;51.263;58.945;212.5;24.12
TUBI;78;9;0;8.033;0.4991;333.48;330.34;331.82;3.14;34.662;117.840;7.325;-35.456;42.781;interna;16.00;-3.466;-65.797;1.468;64.938;67.264;212.6;30.54
TUBI;78;9;0;8.033;0.4991;333.48;330.34;331.82;3.14;34.662;117.840;7.325;-35.456;42.781;media;17.52;-8.406;-55.079;7.245;56.159;62.324;212.6;26.41
TUBI;78;9;0;8.033;0.4991;333.48;330.34;331.82;3.14;34.662;117.840;7.325;-35.456;42.781;esterna;19.05;-11.784;-46.407;12.540;51.308;58.946;212.6;24.13
TUBI;79;9;0;8.379;0.4991;332.65;329.77;331.13;2.88;34.660;117.840;7.325;-35.456;42.781;interna;16.00;-3.466;-65.303;1.963;64.722;67.265;212.8;30.42
TUBI;79;9;0;8.379;0.4991;332.65;329.77;331.13;2.88;34.660;117.840;7.325;-35.456;42.781;media;17.52;-8.386;-55.094;7.252;56.183;62.345;212.8;26.40
TUBI;79;9;0;8.379;0.4991;332.65;329.77;331.13;2.88;34.660;117.840;7.325;-35.456;42.781;esterna;19.05;-11.784;-46.848;12.099;51.355;58.947;212.8;24.14
TUBI;80;9;0;8.740;0.4991;331.87;329.24;330.48;2.63;34.658;117.840;7.325;-35.456;42.781;interna;16.00;-3.466;-64.837;2.430;64.521;67.266;212.9;30.31
TUBI;80;9;0;8.740;0.4991;331.87;329.24;330.48;2.63;34.658;117.840;7.325;-35.456;42.781;media;17.52;-8.367;-55.107;7.258;56.206;62.365;212.9;26.40
TUBI;80;9;0;8.740;0.4991;331.87;329.24;330.48;2.63;34.658;117.840;7.325;-35.456;42.781;esterna;19.05;-11.784;-47.265;11.683;51.403;58.948;212.9;24.14
TUBI;81;9;0;9.115;0.4991;331.13;328.74;329.87;2.39;34.656;117.840;7.325;-35.456;42.781;interna;16.00;-3.466;-64.397;2.870;64.334;67.268;213.0;30.20
TUBI;81;9;0;9.115;0.4991;331.13;328.74;329.87;2.39;34.656;117.840;7.325;-35.456;42.781;media;17.52;-8.349;-55.120;7.264;56.228;62.384;213.0;26.39
TUBI;81;9;0;9.115;0.4991;331.13;328.74;329.87;2.39;34.656;117.840;7.325;-35.456;42.781;esterna;19.05;-11.784;-47.658;11.291;51.451;58.949;213.0;24.15
TUBI;82;9;0;9.506;0.4991;330.44;328.27;329.29;2.17;34.654;117.840;7.325;-35.456;42.781;interna;16.00;-3.465;-63.984;3.285;64.161;67.269;213.1;30.10
TUBI;82;9;0;9.506;0.4991;330.44;328.27;329.29;2.17;34.654;117.840;7.325;-35.456;42.781;media;17.52;-8.332;-55.133;7.270;56.249;62.402;213.1;26.39
TUBI;82;9;0;9.506;0.4991;330.44;328.27;329.29;2.17;34.654;117.840;7.325;-35.456;42.781;esterna;19.05;-11.784;-48.028;10.922;51.499;58.950;213.1;24.16
TUBI;83;9;0;9.913;0.4991;329.79;327.83;328.75;1.96;34.652;117.840;7.325;-35.456;42.781;interna;16.00;-3.465;-63.597;3.673;64.000;67.270;213.2;30.01
TUBI;83;9;0;9.913;0.4991;329.79;327.83;328.75;1.96;34.652;117.840;7.325;-35.456;42.781;media;17.52;-8.316;-55.144;7.275;56.268;62.419;213.2;26.39
TUBI;83;9;0;9.913;0.4991;329.79;327.83;328.75;1.96;34.652;117.840;7.325;-35.456;42.781;esterna;19.05;-11.784;-48.375;10.576;51.547;58.951;213.2;24.17
TUBI;84;9;0;10.337;0.4991;329.18;327.42;328.25;1.77;34.650;117.840;7.325;-35.456;42.781;interna;16.00;-3.465;-63.236;4.036;63.852;67.271;213.4;29.93
TUBI;84;9;0;10.337;0.4991;329.18;327.42;328.25;1.77;34.650;117.840;7.325;-35.456;42.781;media;17.52;-8.301;-55.156;7.280;56.286;62.436;213.4;26.38
TUBI;84;9;0;10.337;0.4991;329.18;327.42;328.25;1.77;34.650;117.840;7.325;-35.456;42.781;esterna;19.05;-11.784;-48.699;10.253;51.593;58.952;213.4;24.18
TUBI;85;9;0;10.778;0.4991;328.62;327.03;327.78;1.58;34.647;117.840;7.325;-35.456;42.781;interna;16.00;-3.465;-62.899;4.374;63.716;67.273;213.4;29.85
TUBI;85;9;0;10.778;0.4991;328.62;327.03;327.78;1.58;34.647;117.840;7.325;-35.456;42.781;media;17.52;-8.287;-55.166;7.285;56.304;62.451;213.4;26.38
TUBI;85;9;0;10.778;0.4991;328.62;327.03;327.78;1.58;34.647;117.840;7.325;-35.456;42.781;esterna;19.05;-11.784;-49.001;9.953;51.638;58.953;213.4;24.19
TUBI;86;9;0;11.238;0.4991;328.09;326.68;327.35;1.42;34.645;117.840;7.325;-35.456;42.781;interna;16.00;-3.465;-62.587;4.687;63.591;67.274;213.5;29.78
TUBI;86;9;0;11.238;0.4991;328.09;326.68;327.35;1.42;34.645;117.840;7.325;-35.456;42.781;media;17.52;-8.274;-55.176;7.289;56.320;62.465;213.5;26.38
TUBI;86;9;0;11.238;0.4991;328.09;326.68;327.35;1.42;34.645;117.840;7.325;-35.456;42.781;esterna;19.05;-11.784;-49.281;9.673;51.682;58.954;213.5;24.20
TUBI;87;9;0;11.716;0.4991;327.61;326.35;326.94;1.26;34.643;117.840;7.325;-35.456;42.781;interna;16.00;-3.464;-62.298;4.977;63.477;67.275;213.6;29.72
TUBI;87;9;0;11.716;0.4991;327.61;326.35;326.94;1.26;34.643;117.840;7.325;-35.456;42.781;media;17.52;-8.262;-55.185;7.293;56.335;62.478;213.6;26.37
TUBI;87;9;0;11.716;0.4991;327.61;326.35;326.94;1.26;34.643;117.840;7.325;-35.456;42.781;esterna;19.05;-11.784;-49.541;9.415;51.724;58.956;213.6;24.21
TUBI;88;9;0;12.214;0.4991;327.16;326.05;326.57;1.12;34.640;117.840;7.325;-35.456;42.781;interna;16.00;-3.464;-62.032;5.245;63.373;67.277;213.7;29.66
TUBI;88;9;0;12.214;0.4991;327.16;326.05;326.57;1.12;34.640;117.840;7.325;-35.456;42.781;media;17.52;-8.251;-55.193;7.297;56.349;62.490;213.7;26.37
TUBI;88;9;0;12.214;0.4991;327.16;326.05;326.57;1.12;34.640;117.840;7.325;-35.456;42.781;esterna;19.05;-11.784;-49.780;9.177;51.764;58.957;213.7;24.22
TUBI;89;9;0;12.733;0.4991;326.75;325.77;326.23;0.99;34.638;117.840;7.325;-35.456;42.781;interna;16.00;-3.464;-61.789;5.489;63.279;67.278;213.8;29.60
TUBI;89;9;0;12.733;0.4991;326.75;325.77;326.23;0.99;34.638;117.840;7.325;-35.456;42.781;media;17.52;-8.241;-55.202;7.300;56.362;62.501;213.8;26.37
TUBI;89;9;0;12.733;0.4991;326.75;325.77;326.23;0.99;34.638;117.840;7.325;-35.456;42.781;esterna;19.05;-11.784;-49.999;8.959;51.801;58.958;213.8;24.23
TUBI;0;10;0;0.007;0.6417;343.26;337.10;340.01;6.16;34.740;117.840;6.970;-35.809;42.780;interna;16.00;-3.474;-71.370;-4.506;67.386;67.896;211.0;31.94
TUBI;0;10;0;0.007;0.6417;343.26;337.10;340.01;6.16;34.740;117.840;6.970;-35.809;42.780;media;17.52;-8.640;-54.885;6.813;55.606;61.698;211.0;26.35
TUBI;0;10;0;0.007;0.6417;343.26;337.10;340.01;6.16;34.740;117.840;6.970;-35.809;42.780;esterna;19.05;-11.784;-41.367;17.187;50.710;58.554;211.0;24.03
TUBI;1;10;0;0.022;0.6417;343.24;337.09;339.99;6.15;34.725;117.840;6.970;-35.809;42.780;interna;16.00;-3.472;-71.368;-4.495;67.390;67.895;211.0;31.94
TUBI;1;10;0;0.022;0.6417;343.24;337.09;339.99;6.15;34.725;117.840;6.970;-35.809;42.780;media;17.52;-8.639;-54.893;6.813;55.615;61.707;211.0;26.36
TUBI;1;10;0;0.022;0.6417;343.24;337.09;339.99;6.15;34.725;117.840;6.970;-35.809;42.780;esterna;19.05;-11.784;-41.384;17.177;50.717;58.561;211.0;24.04
TUBI;2;10;0;0.037;0.6417;343.22;337.08;339.97;6.15;34.725;117.840;6.970;-35.809;42.780;interna;16.00;-3.472;-71.356;-4.483;67.384;67.884;211.0;31.93
TUBI;2;10;0;0.037;0.6417;343.22;337.08;339.97;6.15;34.725;117.840;6.970;-35.809;42.780;media;17.52;-8.638;-54.894;6.813;55.615;61.707;211.0;26.36
TUBI;2;10;0;0.037;0.6417;343.22;337.08;339.97;6.15;34.725;117.840;6.970;-35.809;42.780;esterna;19.05;-11.784;-41.395;17.167;50.717;58.562;211.0;24.04
TUBI;3;10;0;0.053;0.6417;343.20;337.06;339.96;6.14;34.724;117.840;6.970;-35.809;42.780;interna;16.00;-3.472;-71.344;-4.471;67.378;67.872;211.0;31.93
TUBI;3;10;0;0.053;0.6417;343.20;337.06;339.96;6.14;34.724;117.840;6.970;-35.809;42.780;media;17.52;-8.638;-54.894;6.814;55.616;61.708;211.0;26.36
TUBI;3;10;0;0.053;0.6417;343.20;337.06;339.96;6.14;34.724;117.840;6.970;-35.809;42.780;esterna;19.05;-11.784;-41.406;17.156;50.717;58.562;211.0;24.04
TUBI;4;10;0;0.070;0.6417;343.05;336.96;339.83;6.09;34.724;117.840;6.970;-35.809;42.780;interna;16.00;-3.472;-71.256;-4.383;67.333;67.784;211.0;31.91
TUBI;4;10;0;0.070;0.6417;343.05;336.96;339.83;6.09;34.724;117.840;6.970;-35.809;42.780;media;17.52;-8.634;-54.897;6.815;55.621;61.712;211.0;26.36
TUBI;4;10;0;0.070;0.6417;343.05;336.96;339.83;6.09;34.724;117.840;6.970;-35.809;42.780;esterna;19.05;-11.784;-41.485;17.077;50.718;58.562;211.0;24.03
TUBI;5;10;0;0.087;0.6417;342.93;336.87;339.73;6.05;34.723;117.840;6.970;-35.809;42.780;interna;16.00;-3.472;-71.184;-4.310;67.297;67.712;211.1;31.89
TUBI;5;10;0;0.087;0.6417;342.93;336.87;339.73;6.05;34.723;117.840;6.970;-35.809;42.780;media;17.52;-8.631;-54.899;6.816;55.624;61.715;211.1;26.36
TUBI;5;10;0;0.087;0.6417;342.93;336.87;339.73;6.05;34.723;117.840;6.970;-35.809;42.780;esterna;19.05;-11.784;-41.549;17.013;50.719;58.562;211.1;24.03
TUBI;6;10;0;0.105;0.6417;342.82;336.80;339.64;6.02;34.723;117.840;6.970;-35.809;42.780;interna;16.00;-3.472;-71.123;-4.249;67.266;67.651;211.1;31.87
TUBI;6;10;0;0.105;0.6417;342.82;336.80;339.64;6.02;34.723;117.840;6.970;-35.809;42.780;media;17.52;-8.629;-54.901;6.817;55.627;61.718;211.1;26.35
TUBI;6;10;0;0.105;0.6417;342.82;336.80;339.64;6.02;34.723;117.840;6.970;-35.809;42.780;esterna;19.05;-11.784;-41.604;16.959;50.719;58.562;211.1;24.03
TUBI;7;10;0;0.124;0.6417;342.73;336.74;339.56;5.99;34.722;117.840;6.970;-35.809;42.780;interna;16.00;-3.472;-71.068;-4.193;67.238;67.596;211.1;31.85
TUBI;7;10;0;0.124;0.6417;342.73;336.74;339.56;5.99;34.722;117.840;6.970;-35.809;42.780;media;17.52;-8.626;-54.903;6.817;55.630;61.720;211.1;26.35
TUBI;7;10;0;0.124;0.6417;342.73;336.74;339.56;5.99;34.722;117.840;6.970;-35.809;42.780;esterna;19.05;-11.784;-41.654;16.909;50.720;58.563;211.1;24.03
TUBI;8;10;0;0.144;0.6417;342.65;336.68;339.49;5.97;34.722;117.840;6.970;-35.809;42.780;interna;16.00;-3.472;-71.020;-4.146;67.214;67.548;211.1;31.84
TUBI;8;10;0;0.144;0.6417;342.65;336.68;339.49;5.97;34.722;117.840;6.970;-35.809;42.780;media;17.52;-8.624;-54.905;6.818;55.633;61.723;211.1;26.35
TUBI;8;10;0;0.144;0.6417;342.65;336.68;339.49;5.97;34.722;117.840;6.970;-35.809;42.780;esterna;19.05;-11.784;-41.697;16.866;50.721;58.563;211.1;24.03
TUBI;9;10;0;0.164;0.6417;342.57;336.63;339.43;5.94;34.721;117.840;6.970;-35.809;42.780;interna;16.00;-3.472;-70.977;-4.102;67.192;67.505;211.1;31.83
TUBI;9;10;0;0.164;0.6417;342.57;336.63;339.43;5.94;34.721;117.840;6.970;-35.809;42.780;media;17.52;-8.622;-54.906;6.819;55.635;61.725;211.1;26.35
TUBI;9;10;0;0.164;0.6417;342.57;336.63;339.43;5.94;34.721;117.840;6.970;-35.809;42.780;esterna;19.05;-11.784;-41.736;16.827;50.722;58.563;211.1;24.03
TUBI;10;10;0;0.185;0.6417;342.50;336.58;339.37;5.92;34.721;117.840;6.970;-35.809;42.780;interna;16.00;-3.472;-70.936;-4.061;67.172;67.464;211.1;31.82
TUBI;10;10;0;0.185;0.6417;342.50;336.58;339.37;5.92;34.721;117.840;6.970;-35.809;42.780;media;17.52;-8.621;-54.907;6.819;55.637;61.727;211.1;26.35
TUBI;10;10;0;0.185;0.6417;342.50;336.58;339.37;5.92;34.721;117.840;6.970;-35.809;42.780;esterna;19.05;-11.784;-41.772;16.791;50.722;58.563;211.1;24.02
TUBI;11;10;0;0.207;0.6417;430.61;394.49;411.50;36.12;34.717;117.840;6.970;-35.809;42.780;interna;16.00;-3.472;-127.224;-60.346;107.289;123.752;196.7;54.54
TUBI;11;10;0;0.207;0.6417;430.61;394.49;411.50;36.12;34.717;117.840;6.970;-35.809;42.780;media;17.52;-10.925;-53.375;6.049;53.016;59.424;196.7;26.95
TUBI;11;10;0;0.207;0.6417;430.61;394.49;411.50;36.12;34.717;117.840;6.970;-35.809;42.780;esterna;19.05;-11.784;8.336;66.901;70.803;78.685;196.7;36.00
TUBI;12;10;0;0.230;0.6417;428.85;393.37;410.08;35.48;34.717;117.840;6.970;-35.809;42.780;interna;16.00;-3.472;-126.029;-59.152;106.285;122.557;197.0;53.96
TUBI;12;10;0;0.230;0.6417;428.85;393.37;410.08;35.48;34.717;117.840;6.970;-35.809;42.780;media;17.52;-10.876;-53.408;6.065;53.071;59.473;197.0;26.94
TUBI;12;10;0;0.230;0.6417;428.85;393.37;410.08;35.48;34.717;117.840;6.970;-35.809;42.780;esterna;19.05;-11.784;7.272;65.837;70.065;77.621;197.0;35.57
TUBI;13;10;0;0.254;0.6417;427.18;392.31;408.74;34.87;34.717;117.840;6.970;-35.809;42.780;interna;16.00;-3.472;-124.894;-58.016;105.335;121.422;197.3;53.40
TUBI;13;10;0;0.254;0.6417;427.18;392.31;408.74;34.87;34.717;117.840;6.970;-35.809;42.780;media;17.52;-10.830;-53.439;6.081;53.123;59.520;197.3;26.93
TUBI;13;10;0;0.254;0.6417;427.18;392.31;408.74;34.87;34.717;117.840;6.970;-35.809;42.780;esterna;19.05;-11.784;6.261;64.827;69.371;76.611;197.3;35.17
TUBI;14;10;0;0.279;0.6417;425.59;391.29;407.45;34.29;34.717;117.840;6.970;-35.809;42.780;interna;16.00;-3.472;-123.817;-56.940;104.438;120.346;197.5;52.88
TUBI;14;10;0;0.279;0.6417;425.59;391.29;407.45;34.29;34.717;117.840;6.970;-35.809;42.780;media;17.52;-10.785;-53.468;6.096;53.173;59.564;197.5;26.92
TUBI;14;10;0;0.279;0.6417;425.59;391.29;407.45;34.29;34.717;117.840;6.970;-35.809;42.780;esterna;19.05;-11.784;5.303;63.868;68.721;75.652;197.5;34.79
TUBI;15;10;0;0.305;0.6417;424.04;390.31;406.20;33.73;34.716;117.840;6.970;-35.809;42.780;interna;16.00;-3.472;-122.768;-55.890;103.566;119.296;197.8;52.37
TUBI;15;10;0;0.305;0.6417;424.04;390.31;406.20;33.73;34.716;117.840;6.970;-35.809;42.780;media;17.52;-10.742;-53.497;6.110;53.221;59.607;197.8;26.91
TUBI;15;10;0;0.305;0.6417;424.04;390.31;406.20;33.73;34.716;117.840;6.970;-35.809;42.780;esterna;19.05;-11.784;4.368;62.933;68.094;74.717;197.8;34.43
TUBI;16;10;0;0.332;0.6417;422.54;389.35;404.99;33.19;34.716;117.840;6.970;-35.809;42.780;interna;16.00;-3.472;-121.759;-54.881;102.732;118.288;198.0;51.88
TUBI;16;10;0;0.332;0.6417;422.54;389.35;404.99;33.19;34.716;117.840;6.970;-35.809;42.780;media;17.52;-10.701;-53.525;6.124;53.268;59.648;198.0;26.90
TUBI;16;10;0;0.332;0.6417;422.54;389.35;404.99;33.19;34.716;117.840;6.970;-35.809;42.780;esterna;19.05;-11.784;3.470;62.036;67.498;73.820;198.0;34.09
TUBI;17;10;0;0.360;0.6417;421.07;388.42;403.80;32.65;34.716;117.840;6.970;-35.809;42.780;interna;16.00;-3.472;-120.764;-53.886;101.911;117.292;198.2;51.41
TUBI;17;10;0;0.360;0.6417;421.07;388.42;403.80;32.65;34.716;117.840;6.970;-35.809;42.780;media;17.52;-10.660;-53.552;6.137;53.314;59.689;198.2;26.89
TUBI;17;10;0;0.360;0.6417;421.07;388.42;403.80;32.65;34.716;117.840;6.970;-35.809;42.780;esterna;19.05;-11.784;2.584;61.149;66.917;72.933;198.2;33.76
TUBI;18;10;0;0.390;0.6417;419.64;387.50;402.64;32.14;34.716;117.840;6.970;-35.809;42.780;interna;16.00;-3.472;-119.799;-52.920;101.118;116.327;198.5;50.95
TUBI;18;10;0;0.390;0.6417;419.64;387.50;402.64;32.14;34.716;117.840;6.970;-35.809;42.780;media;17.52;-10.621;-53.578;6.151;53.358;59.729;198.5;26.88
TUBI;18;10;0;0.390;0.6417;419.64;387.50;402.64;32.14;34.716;117.840;6.970;-35.809;42.780;esterna;19.05;-11.784;1.724;60.290;66.359;72.074;198.5;33.43
TUBI;19;10;0;0.420;0.6417;418.22;386.59;401.49;31.63;34.715;117.840;6.970;-35.809;42.780;interna;16.00;-3.472;-118.848;-51.970;100.341;115.377;198.7;50.50
TUBI;19;10;0;0.420;0.6417;418.22;386.59;401.49;31.63;34.715;117.840;6.970;-35.809;42.780;media;17.52;-10.582;-53.604;6.164;53.402;59.768;198.7;26.88
TUBI;19;10;0;0.420;0.6417;418.22;386.59;401.49;31.63;34.715;117.840;6.970;-35.809;42.780;esterna;19.05;-11.784;0.877;59.443;65.816;71.227;198.7;33.12
TUBI;20;10;0;0.452;0.6417;416.82;385.69;400.35;31.12;34.715;117.840;6.970;-35.809;42.780;interna;16.00;-3.471;-117.909;-51.030;99.575;114.437;198.9;50.06
TUBI;20;10;0;0.452;0.6417;416.82;385.69;400.35;31.12;34.715;117.840;6.970;-35.809;42.780;media;17.52;-10.543;-53.630;6.177;53.446;59.807;198.9;26.87
TUBI;20;10;0;0.452;0.6417;416.82;385.69;400.35;31.12;34.715;117.840;6.970;-35.809;42.780;esterna;19.05;-11.784;0.041;58.607;65.287;70.391;198.9;32.82
TUBI;21;10;0;0.485;0.6417;415.42;384.80;399.22;30.62;34.715;117.840;6.970;-35.809;42.780;interna;16.00;-3.471;-116.967;-50.088;98.811;113.496;199.2;49.61
TUBI;21;10;0;0.485;0.6417;415.42;384.80;399.22;30.62;34.715;117.840;6.970;-35.809;42.780;media;17.52;-10.505;-53.656;6.189;53.489;59.845;199.2;26.86
TUBI;21;10;0;0.485;0.6417;415.42;384.80;399.22;30.62;34.715;117.840;6.970;-35.809;42.780;esterna;19.05;-11.784;-0.798;57.769;64.762;69.553;199.2;32.52
TUBI;22;10;0;0.520;0.6417;414.03;383.91;398.10;30.12;34.714;117.840;6.970;-35.809;42.780;interna;16.00;-3.471;-116.042;-49.163;98.063;112.571;199.4;49.18
TUBI;22;10;0;0.520;0.6417;414.03;383.91;398.10;30.12;34.714;117.840;6.970;-35.809;42.780;media;17.52;-10.467;-53.681;6.202;53.532;59.884;199.4;26.85
TUBI;22;10;0;0.520;0.6417;414.03;383.91;398.10;30.12;34.714;117.840;6.970;-35.809;42.780;esterna;19.05;-11.784;-1.622;56.945;64.253;68.729;199.4;32.23
TUBI;23;10;0;0.556;0.6417;412.65;383.03;396.98;29.62;34.714;117.840;6.970;-35.809;42.780;interna;16.00;-3.471;-115.120;-48.241;97.321;111.649;199.6;48.76
TUBI;23;10;0;0.556;0.6417;412.65;383.03;396.98;29.62;34.714;117.840;6.970;-35.809;42.780;media;17.52;-10.429;-53.707;6.215;53.575;59.921;199.6;26.84
TUBI;23;10;0;0.556;0.6417;412.65;383.03;396.98;29.62;34.714;117.840;6.970;-35.809;42.780;esterna;19.05;-11.784;-2.443;56.124;63.753;67.908;199.6;31.94
TUBI;24;10;0;0.593;0.6417;411.26;382.14;395.86;29.13;34.714;117.840;6.970;-35.809;42.780;interna;16.00;-3.471;-114.191;-47.311;96.575;110.719;199.8;48.33
TUBI;24;10;0;0.593;0.6417;411.26;382.14;395.86;29.13;34.714;117.840;6.970;-35.809;42.780;media;17.52;-10.391;-53.732;6.227;53.618;59.960;199.8;26.83
TUBI;24;10;0;0.593;0.6417;411.26;382.14;395.86;29.13;34.714;117.840;6.970;-35.809;42.780;esterna;19.05;-11.784;-3.271;55.296;63.255;67.080;199.8;31.65
TUBI;25;10;0;0.632;0.6417;409.88;381.25;394.73;28.63;34.713;117.840;6.970;-35.809;42.780;interna;16.00;-3.471;-113.271;-46.391;95.841;109.800;200.1;47.91
TUBI;25;10;0;0.632;0.6417;409.88;381.25;394.73;28.63;34.713;117.840;6.970;-35.809;42.780;media;17.52;-10.353;-53.758;6.240;53.661;59.998;200.1;26.82
TUBI;25;10;0;0.632;0.6417;409.88;381.25;394.73;28.63;34.713;117.840;6.970;-35.809;42.780;esterna;19.05;-11.784;-4.090;54.477;62.769;66.261;200.1;31.38
TUBI;26;10;0;0.672;0.6417;408.49;380.36;393.61;28.14;34.713;117.840;6.970;-35.809;42.780;interna;16.00;-3.471;-112.350;-45.470;95.109;108.879;200.3;47.49
TUBI;26;10;0;0.672;0.6417;408.49;380.36;393.61;28.14;34.713;117.840;6.970;-35.809;42.780;media;17.52;-10.316;-53.783;6.253;53.704;60.035;200.3;26.81
TUBI;26;10;0;0.672;0.6417;408.49;380.36;393.61;28.14;34.713;117.840;6.970;-35.809;42.780;esterna;19.05;-11.784;-4.910;53.657;62.289;65.441;200.3;31.10
TUBI;27;10;0;0.715;0.6417;407.10;379.46;392.48;27.64;34.712;117.840;6.970;-35.809;42.780;interna;16.00;-3.471;-111.427;-44.547;94.379;107.956;200.5;47.07
TUBI;27;10;0;0.715;0.6417;407.10;379.46;392.48;27.64;34.712;117.840;6.970;-35.809;42.780;media;17.52;-10.278;-53.808;6.265;53.747;60.073;200.5;26.81
TUBI;27;10;0;0.715;0.6417;407.10;379.46;392.48;27.64;34.712;117.840;6.970;-35.809;42.780;esterna;19.05;-11.784;-5.732;52.835;61.816;64.619;200.5;30.83
TUBI;28;10;0;0.759;0.6417;405.69;378.55;391.34;27.14;34.712;117.840;6.970;-35.809;42.780;interna;16.00;-3.471;-110.491;-43.611;93.642;107.020;200.7;46.65
TUBI;28;10;0;0.759;0.6417;405.69;378.55;391.34;27.14;34.712;117.840;6.970;-35.809;42.780;media;17.52;-10.240;-53.834;6.278;53.790;60.112;200.7;26.80
TUBI;28;10;0;0.759;0.6417;405.69;378.55;391.34;27.14;34.712;117.840;6.970;-35.809;42.780;esterna;19.05;-11.784;-6.566;52.002;61.343;63.786;200.7;30.56
TUBI;29;10;0;0.804;0.6417;404.28;377.64;390.19;26.64;34.712;117.840;6.970;-35.809;42.780;interna;16.00;-3.471;-109.561;-42.680;92.912;106.090;201.0;46.23
TUBI;29;10;0;0.804;0.6417;404.28;377.64;390.19;26.64;34.712;117.840;6.970;-35.809;42.780;media;17.52;-10.201;-53.860;6.291;53.833;60.150;201.0;26.79
TUBI;29;10;0;0.804;0.6417;404.28;377.64;390.19;26.64;34.712;117.840;6.970;-35.809;42.780;esterna;19.05;-11.784;-7.394;51.173;60.881;62.957;201.0;30.29
TUBI;30;10;0;0.852;0.6417;402.86;376.72;389.04;26.14;34.711;117.840;6.970;-35.809;42.780;interna;16.00;-3.471;-108.626;-41.745;92.183;105.155;201.2;45.82
TUBI;30;10;0;0.852;0.6417;402.86;376.72;389.04;26.14;34.711;117.840;6.970;-35.809;42.780;media;17.52;-10.163;-53.885;6.304;53.877;60.189;201.2;26.78
TUBI;30;10;0;0.852;0.6417;402.86;376.72;389.04;26.14;34.711;117.840;6.970;-35.809;42.780;esterna;19.05;-11.784;-8.228;50.340;60.425;62.124;201.2;30.03
TUBI;31;10;0;0.902;0.6417;401.43;375.80;387.87;25.63;34.711;117.840;6.970;-35.809;42.780;interna;16.00;-3.471;-107.677;-40.795;91.447;104.206;201.4;45.40
TUBI;31;10;0;0.902;0.6417;401.43;375.80;387.87;25.63;34.711;117.840;6.970;-35.809;42.780;media;17.52;-10.124;-53.911;6.317;53.921;60.228;201.4;26.77
TUBI;31;10;0;0.902;0.6417;401.43;375.80;387.87;25.63;34.711;117.840;6.970;-35.809;42.780;esterna;19.05;-11.784;-9.073;49.495;59.970;61.279;201.4;29.77
TUBI;32;10;0;0.953;0.6417;399.99;374.86;386.70;25.12;34.710;117.840;6.970;-35.809;42.780;interna;16.00;-3.471;-106.730;-39.849;90.717;103.259;201.7;44.98
TUBI;32;10;0;0.953;0.6417;399.99;374.86;386.70;25.12;34.710;117.840;6.970;-35.809;42.780;media;17.52;-10.085;-53.937;6.330;53.966;60.267;201.7;26.76
TUBI;32;10;0;0.953;0.6417;399.99;374.86;386.70;25.12;34.710;117.840;6.970;-35.809;42.780;esterna;19.05;-11.784;-9.916;48.653;59.525;60.437;201.7;29.52
TUBI;33;10;0;1.007;0.6417;398.53;373.92;385.51;24.61;34.710;117.840;6.970;-35.809;42.780;interna;16.00;-3.471;-105.770;-38.888;89.979;102.299;201.9;44.57
TUBI;33;10;0;1.007;0.6417;398.53;373.92;385.51;24.61;34.710;117.840;6.970;-35.809;42.780;media;17.52;-10.046;-53.964;6.343;54.010;60.307;201.9;26.75
TUBI;33;10;0;1.007;0.6417;398.53;373.92;385.51;24.61;34.710;117.840;6.970;-35.809;42.780;esterna;19.05;-11.784;-10.772;47.797;59.081;59.581;201.9;29.26
TUBI;34;10;0;1.063;0.6417;397.06;372.97;384.32;24.09;34.709;117.840;6.970;-35.809;42.780;interna;16.00;-3.471;-104.811;-37.929;89.248;101.341;202.1;44.15
TUBI;34;10;0;1.063;0.6417;397.06;372.97;384.32;24.09;34.709;117.840;6.970;-35.809;42.780;media;17.52;-10.007;-53.990;6.356;54.055;60.346;202.1;26.74
TUBI;34;10;0;1.063;0.6417;397.06;372.97;384.32;24.09;34.709;117.840;6.970;-35.809;42.780;esterna;19.05;-11.784;-11.625;46.944;58.648;58.728;202.1;29.01
TUBI;35;10;0;1.122;0.6417;395.58;372.01;383.11;23.57;34.709;117.840;6.970;-35.809;42.780;interna;16.00;-3.471;-103.847;-36.964;88.516;100.376;202.4;43.74
TUBI;35;10;0;1.122;0.6417;395.58;372.01;383.11;23.57;34.709;117.840;6.970;-35.809;42.780;media;17.52;-9.967;-54.017;6.369;54.100;60.386;202.4;26.73
TUBI;35;10;0;1.122;0.6417;395.58;372.01;383.11;23.57;34.709;117.840;6.970;-35.809;42.780;esterna;19.05;-11.784;-12.485;46.084;58.222;58.569;202.4;28.77
TUBI;36;10;0;1.182;0.6417;394.08;371.03;381.89;23.05;34.708;117.840;6.970;-35.809;42.780;interna;16.00;-3.471;-102.867;-35.985;87.779;99.397;202.6;43.32
TUBI;36;10;0;1.182;0.6417;394.08;371.03;381.89;23.05;34.708;117.840;6.970;-35.809;42.780;media;17.52;-9.927;-54.044;6.382;54.146;60.426;202.6;26.72
TUBI;36;10;0;1.182;0.6417;394.08;371.03;381.89;23.05;34.708;117.840;6.970;-35.809;42.780;esterna;19.05;-11.784;-13.357;45.212;57.799;58.569;202.6;28.53
TUBI;37;10;0;1.246;0.6417;392.67;370.12;380.74;22.56;34.708;117.840;6.970;-35.809;42.780;interna;16.00;-3.471;-101.952;-35.069;87.093;98.482;202.9;42.93
TUBI;37;10;0;1.246;0.6417;392.67;370.12;380.74;22.56;34.708;117.840;6.970;-35.809;42.780;media;17.52;-9.890;-54.069;6.395;54.189;60.464;202.9;26.71
TUBI;37;10;0;1.246;0.6417;392.67;370.12;380.74;22.56;34.708;117.840;6.970;-35.809;42.780;esterna;19.05;-11.784;-14.172;44.397;57.413;58.570;202.9;28.30
TUBI;38;10;0;1.311;0.6417;391.15;369.13;379.50;22.02;34.707;117.840;6.970;-35.809;42.780;interna;16.00;-3.471;-100.961;-34.078;86.356;97.491;203.1;42.52
TUBI;38;10;0;1.311;0.6417;391.15;369.13;379.50;22.02;34.707;117.840;6.970;-35.809;42.780;media;17.52;-9.849;-54.096;6.408;54.236;60.505;203.1;26.70
TUBI;38;10;0;1.311;0.6417;391.15;369.13;379.50;22.02;34.707;117.840;6.970;-35.809;42.780;esterna;19.05;-11.784;-15.055;43.515;57.005;58.570;203.1;28.07
TUBI;39;10;0;1.380;0.6417;389.62;368.12;378.25;21.49;34.706;117.840;6.970;-35.809;42.780;interna;16.00;-3.471;-99.972;-33.088;85.624;96.501;203.4;42.11
TUBI;39;10;0;1.380;0.6417;389.62;368.12;378.25;21.49;34.706;117.840;6.970;-35.809;42.780;media;17.52;-9.809;-54.124;6.422;54.282;60.546;203.4;26.69
TUBI;39;10;0;1.380;0.6417;389.62;368.12;378.25;21.49;34.706;117.840;6.970;-35.809;42.780;esterna;19.05;-11.784;-15.937;42.633;56.608;58.570;203.4;27.84
TUBI;40;10;0;1.452;0.6417;388.07;367.11;376.98;20.96;34.706;117.840;6.970;-35.809;42.780;interna;16.00;-3.471;-98.970;-32.086;84.889;95.499;203.6;41.69
TUBI;40;10;0;1.452;0.6417;388.07;367.11;376.98;20.96;34.706;117.840;6.970;-35.809;42.780;media;17.52;-9.767;-54.151;6.436;54.329;60.587;203.6;26.68
TUBI;40;10;0;1.452;0.6417;388.07;367.11;376.98;20.96;34.706;117.840;6.970;-35.809;42.780;esterna;19.05;-11.784;-16.830;41.741;56.218;58.571;203.6;27.61
TUBI;41;10;0;1.526;0.6417;386.51;366.10;375.71;20.42;34.705;117.840;6.970;-35.809;42.780;interna;16.00;-3.471;-97.969;-31.085;84.161;94.499;203.9;41.28
TUBI;41;10;0;1.526;0.6417;386.51;366.10;375.71;20.42;34.705;117.840;6.970;-35.809;42.780;media;17.52;-9.726;-54.179;6.449;54.376;60.628;203.9;26.67
TUBI;41;10;0;1.526;0.6417;386.51;366.10;375.71;20.42;34.705;117.840;6.970;-35.809;42.780;esterna;19.05;-11.784;-17.721;40.850;55.840;58.571;203.9;27.39
TUBI;42;10;0;1.603;0.6417;384.94;365.07;374.43;19.88;34.704;117.840;6.970;-35.809;42.780;interna;16.00;-3.470;-96.958;-30.073;83.430;93.487;204.1;40.87
TUBI;42;10;0;1.603;0.6417;384.94;365.07;374.43;19.88;34.704;117.840;6.970;-35.809;42.780;media;17.52;-9.685;-54.207;6.463;54.424;60.670;204.1;26.66
TUBI;42;10;0;1.603;0.6417;384.94;365.07;374.43;19.88;34.704;117.840;6.970;-35.809;42.780;esterna;19.05;-11.784;-18.622;39.949;55.469;58.571;204.1;27.18
TUBI;43;10;0;1.684;0.6417;383.36;364.03;373.13;19.33;34.704;117.840;6.970;-35.809;42.780;interna;16.00;-3.470;-95.943;-29.057;82.703;92.472;204.4;40.47
TUBI;43;10;0;1.684;0.6417;383.36;364.03;373.13;19.33;34.704;117.840;6.970;-35.809;42.780;media;17.52;-9.643;-54.235;6.477;54.471;60.712;204.4;26.65
TUBI;43;10;0;1.684;0.6417;383.36;364.03;373.13;19.33;34.704;117.840;6.970;-35.809;42.780;esterna;19.05;-11.784;-19.527;39.045;55.110;58.572;204.4;26.97
TUBI;44;10;0;1.768;0.6417;381.77;362.99;371.83;18.79;34.703;117.840;6.970;-35.809;42.780;interna;16.00;-3.470;-94.930;-28.045;81.983;91.460;204.6;40.06
TUBI;44;10;0;1.768;0.6417;381.77;362.99;371.83;18.79;34.703;117.840;6.970;-35.809;42.780;media;17.52;-9.602;-54.263;6.491;54.519;60.754;204.6;26.64
TUBI;44;10;0;1.768;0.6417;381.77;362.99;371.83;18.79;34.703;117.840;6.970;-35.809;42.780;esterna;19.05;-11.784;-20.428;38.143;54.764;58.572;204.6;26.76
TUBI;45;10;0;1.855;0.6417;380.17;361.93;370.52;18.24;34.702;117.840;6.970;-35.809;42.780;interna;16.00;-3.470;-93.909;-27.023;81.264;90.439;204.9;39.66
TUBI;45;10;0;1.855;0.6417;380.17;361.93;370.52;18.24;34.702;117.840;6.970;-35.809;42.780;media;17.52;-9.560;-54.291;6.505;54.567;60.796;204.9;26.63
TUBI;45;10;0;1.855;0.6417;380.17;361.93;370.52;18.24;34.702;117.840;6.970;-35.809;42.780;esterna;19.05;-11.784;-21.338;37.234;54.428;58.572;204.9;26.56
TUBI;46;10;0;1.947;0.6417;378.57;360.88;369.21;17.69;34.702;117.840;6.970;-35.809;42.780;interna;16.00;-3.470;-92.887;-26.000;80.550;89.417;205.2;39.26
TUBI;46;10;0;1.947;0.6417;378.57;360.88;369.21;17.69;34.702;117.840;6.970;-35.809;42.780;media;17.52;-9.518;-54.319;6.519;54.615;60.838;205.2;26.62
TUBI;46;10;0;1.947;0.6417;378.57;360.88;369.21;17.69;34.702;117.840;6.970;-35.809;42.780;esterna;19.05;-11.784;-22.249;36.323;54.104;58.573;205.2;26.37
TUBI;47;10;0;2.041;0.6417;376.96;359.81;367.89;17.14;34.701;117.840;6.970;-35.809;42.780;interna;16.00;-3.470;-91.869;-24.982;79.847;88.399;205.4;38.87
TUBI;47;10;0;2.041;0.6417;376.96;359.81;367.89;17.14;34.701;117.840;6.970;-35.809;42.780;media;17.52;-9.476;-54.348;6.533;54.663;60.881;205.4;26.61
TUBI;47;10;0;2.041;0.6417;376.96;359.81;367.89;17.14;34.701;117.840;6.970;-35.809;42.780;esterna;19.05;-11.784;-23.156;35.417;53.796;58.573;205.4;26.19
TUBI;48;10;0;2.140;0.6417;375.34;358.74;366.56;16.59;34.700;117.840;6.970;-35.809;42.780;interna;16.00;-3.470;-90.846;-23.958;79.146;87.376;205.7;38.48
TUBI;48;10;0;2.140;0.6417;375.34;358.74;366.56;16.59;34.700;117.840;6.970;-35.809;42.780;media;17.52;-9.434;-54.376;6.547;54.712;60.923;205.7;26.60
TUBI;48;10;0;2.140;0.6417;375.34;358.74;366.56;16.59;34.700;117.840;6.970;-35.809;42.780;esterna;19.05;-11.784;-24.068;34.505;53.500;58.573;205.7;26.01
TUBI;49;10;0;2.243;0.6417;373.71;357.67;365.23;16.05;34.699;117.840;6.970;-35.809;42.780;interna;16.00;-3.470;-89.823;-22.936;78.453;86.353;206.0;38.09
TUBI;49;10;0;2.243;0.6417;373.71;357.67;365.23;16.05;34.699;117.840;6.970;-35.809;42.780;media;17.52;-9.393;-54.404;6.561;54.760;60.965;206.0;26.59
TUBI;49;10;0;2.243;0.6417;373.71;357.67;365.23;16.05;34.699;117.840;6.970;-35.809;42.780;esterna;19.05;-11.784;-24.979;33.595;53.218;58.574;206.0;25.84
TUBI;50;10;0;2.350;0.6417;372.09;356.59;363.89;15.50;34.698;117.840;6.970;-35.809;42.780;interna;16.00;-3.470;-88.808;-21.920;77.773;85.339;206.2;37.71
TUBI;50;10;0;2.350;0.6417;372.09;356.59;363.89;15.50;34.698;117.840;6.970;-35.809;42.780;media;17.52;-9.351;-54.432;6.575;54.808;61.007;206.2;26.58
TUBI;50;10;0;2.350;0.6417;372.09;356.59;363.89;15.50;34.698;117.840;6.970;-35.809;42.780;esterna;19.05;-11.784;-25.883;32.691;52.952;58.574;206.2;25.68
TUBI;51;10;0;2.461;0.6417;370.47;355.51;362.56;14.96;34.697;117.840;6.970;-35.809;42.780;interna;16.00;-3.470;-87.791;-20.903;77.098;84.322;206.5;37.34
TUBI;51;10;0;2.461;0.6417;370.47;355.51;362.56;14.96;34.697;117.840;6.970;-35.809;42.780;media;17.52;-9.309;-54.461;6.589;54.856;61.049;206.5;26.57
TUBI;51;10;0;2.461;0.6417;370.47;355.51;362.56;14.96;34.697;117.840;6.970;-35.809;42.780;esterna;19.05;-11.784;-26.790;31.785;52.699;58.575;206.5;25.52
TUBI;52;10;0;2.578;0.6417;368.85;354.43;361.22;14.41;34.697;117.840;6.970;-35.809;42.780;interna;16.00;-3.470;-86.779;-19.889;76.434;83.309;206.8;36.97
TUBI;52;10;0;2.578;0.6417;368.85;354.43;361.22;14.41;34.697;117.840;6.970;-35.809;42.780;media;17.52;-9.268;-54.489;6.603;54.904;61.091;206.8;26.56
TUBI;52;10;0;2.578;0.6417;368.85;354.43;361.22;14.41;34.697;117.840;6.970;-35.809;42.780;esterna;19.05;-11.784;-27.692;30.883;52.462;58.575;206.8;25.37
TUBI;53;10;0;2.698;0.6417;367.23;353.35;359.89;13.87;34.696;117.840;6.970;-35.809;42.780;interna;16.00;-3.470;-85.776;-18.886;75.784;82.307;207.0;36.61
TUBI;53;10;0;2.698;0.6417;367.23;353.35;359.89;13.87;34.696;117.840;6.970;-35.809;42.780;media;17.52;-9.227;-54.516;6.616;54.952;61.133;207.0;26.54
TUBI;53;10;0;2.698;0.6417;367.23;353.35;359.89;13.87;34.696;117.840;6.970;-35.809;42.780;esterna;19.05;-11.784;-28.585;29.990;52.242;58.575;207.0;25.23
TUBI;54;10;0;2.824;0.6417;365.61;352.28;358.56;13.34;34.695;117.840;6.970;-35.809;42.780;interna;16.00;-3.469;-84.776;-17.885;75.143;81.306;207.3;36.25
TUBI;54;10;0;2.824;0.6417;365.61;352.28;358.56;13.34;34.695;117.840;6.970;-35.809;42.780;media;17.52;-9.186;-54.544;6.630;54.999;61.174;207.3;26.53
TUBI;54;10;0;2.824;0.6417;365.61;352.28;358.56;13.34;34.695;117.840;6.970;-35.809;42.780;esterna;19.05;-11.784;-29.477;29.099;52.036;58.576;207.3;25.10
TUBI;55;10;0;2.955;0.6417;364.00;351.20;357.23;12.80;34.694;117.840;6.970;-35.809;42.780;interna;16.00;-3.469;-83.783;-16.892;74.515;80.314;207.6;35.90
TUBI;55;10;0;2.955;0.6417;364.00;351.20;357.23;12.80;34.694;117.840;6.970;-35.809;42.780;media;17.52;-9.145;-54.572;6.644;55.046;61.215;207.6;26.52
TUBI;55;10;0;2.955;0.6417;364.00;351.20;357.23;12.80;34.694;117.840;6.970;-35.809;42.780;esterna;19.05;-11.784;-30.362;28.215;51.847;58.576;207.6;24.98
TUBI;56;10;0;3.092;0.6417;362.41;350.13;355.91;12.28;34.693;117.840;6.970;-35.809;42.780;interna;16.00;-3.469;-82.804;-15.913;73.903;79.335;207.8;35.56
TUBI;56;10;0;3.092;0.6417;362.41;350.13;355.91;12.28;34.693;117.840;6.970;-35.809;42.780;media;17.52;-9.105;-54.599;6.657;55.093;61.256;207.8;26.51
TUBI;56;10;0;3.092;0.6417;362.41;350.13;355.91;12.28;34.693;117.840;6.970;-35.809;42.780;esterna;19.05;-11.784;-31.234;27.342;51.674;58.577;207.8;24.87
TUBI;57;10;0;3.234;0.6417;360.85;349.09;354.63;11.75;34.692;117.840;6.970;-35.809;42.780;interna;16.00;-3.469;-81.828;-14.936;73.301;78.359;208.1;35.23
TUBI;57;10;0;3.234;0.6417;360.85;349.09;354.63;11.75;34.692;117.840;6.970;-35.809;42.780;media;17.52;-9.065;-54.626;6.670;55.139;61.297;208.1;26.50
TUBI;57;10;0;3.234;0.6417;360.85;349.09;354.63;11.75;34.692;117.840;6.970;-35.809;42.780;esterna;19.05;-11.784;-32.104;26.473;51.516;58.577;208.1;24.76
TUBI;58;10;0;3.382;0.6417;359.25;348.01;353.30;11.24;34.691;117.840;6.970;-35.809;42.780;interna;16.00;-3.469;-80.870;-13.977;72.718;77.400;208.3;34.90
TUBI;58;10;0;3.382;0.6417;359.25;348.01;353.30;11.24;34.691;117.840;6.970;-35.809;42.780;media;17.52;-9.025;-54.653;6.684;55.185;61.336;208.3;26.49
TUBI;58;10;0;3.382;0.6417;359.25;348.01;353.30;11.24;34.691;117.840;6.970;-35.809;42.780;esterna;19.05;-11.784;-32.959;25.619;51.375;58.578;208.3;24.66
TUBI;59;10;0;3.536;0.6417;357.67;346.94;351.99;10.73;34.690;117.840;6.970;-35.809;42.780;interna;16.00;-3.469;-79.927;-13.034;72.153;76.458;208.6;34.59
TUBI;59;10;0;3.536;0.6417;357.67;346.94;351.99;10.73;34.690;117.840;6.970;-35.809;42.780;media;17.52;-8.987;-54.679;6.696;55.230;61.376;208.6;26.48
TUBI;59;10;0;3.536;0.6417;357.67;346.94;351.99;10.73;34.690;117.840;6.970;-35.809;42.780;esterna;19.05;-11.784;-33.799;24.779;51.249;58.578;208.6;24.57
TUBI;60;10;0;3.697;0.6417;356.11;345.88;350.70;10.23;34.688;117.840;6.970;-35.809;42.780;interna;16.00;-3.469;-78.995;-12.101;71.601;75.526;208.9;34.28
TUBI;60;10;0;3.697;0.6417;356.11;345.88;350.70;10.23;34.688;117.840;6.970;-35.809;42.780;media;17.52;-8.949;-54.705;6.709;55.275;61.414;208.9;26.46
TUBI;60;10;0;3.697;0.6417;356.11;345.88;350.70;10.23;34.688;117.840;6.970;-35.809;42.780;esterna;19.05;-11.784;-34.630;23.949;51.138;58.579;208.9;24.48
TUBI;61;10;0;3.864;0.6417;354.57;344.83;349.42;9.74;34.687;117.840;6.970;-35.809;42.780;interna;16.00;-3.469;-78.078;-11.183;71.067;74.609;209.1;33.98
TUBI;61;10;0;3.864;0.6417;354.57;344.83;349.42;9.74;34.687;117.840;6.970;-35.809;42.780;media;17.52;-8.911;-54.731;6.722;55.318;61.453;209.1;26.45
TUBI;61;10;0;3.864;0.6417;354.57;344.83;349.42;9.74;34.687;117.840;6.970;-35.809;42.780;esterna;19.05;-11.784;-35.448;23.132;51.042;58.579;209.1;24.41
TUBI;62;10;0;4.038;0.6417;353.06;343.80;348.16;9.26;34.686;117.840;6.970;-35.809;42.780;interna;16.00;-3.469;-77.180;-10.285;70.551;73.711;209.4;33.70
TUBI;62;10;0;4.038;0.6417;353.06;343.80;348.16;9.26;34.686;117.840;6.970;-35.809;42.780;media;17.52;-8.874;-54.756;6.734;55.361;61.490;209.4;26.44
TUBI;62;10;0;4.038;0.6417;353.06;343.80;348.16;9.26;34.686;117.840;6.970;-35.809;42.780;esterna;19.05;-11.784;-36.248;22.332;50.961;58.580;209.4;24.34
TUBI;63;10;0;4.219;0.6417;351.57;342.79;346.92;8.78;34.685;117.840;6.970;-35.809;42.780;interna;16.00;-3.468;-76.297;-9.401;70.051;72.828;209.6;33.42
TUBI;63;10;0;4.219;0.6417;351.57;342.79;346.92;8.78;34.685;117.840;6.970;-35.809;42.780;media;17.52;-8.838;-54.781;6.746;55.404;61.527;209.6;26.43
TUBI;63;10;0;4.219;0.6417;351.57;342.79;346.92;8.78;34.685;117.840;6.970;-35.809;42.780;esterna;19.05;-11.784;-37.036;21.545;50.893;58.581;209.6;24.28
TUBI;64;10;0;4.407;0.6417;350.11;341.79;345.71;8.32;34.684;117.840;6.970;-35.809;42.780;interna;16.00;-3.468;-75.435;-8.538;69.570;71.967;209.9;33.15
TUBI;64;10;0;4.407;0.6417;350.11;341.79;345.71;8.32;34.684;117.840;6.970;-35.809;42.780;media;17.52;-8.802;-54.805;6.758;55.445;61.563;209.9;26.42
TUBI;64;10;0;4.407;0.6417;350.11;341.79;345.71;8.32;34.684;117.840;6.970;-35.809;42.780;esterna;19.05;-11.784;-37.804;20.777;50.838;58.581;209.9;24.22
TUBI;65;10;0;4.604;0.6417;348.68;340.81;344.52;7.87;34.682;117.840;6.970;-35.809;42.780;interna;16.00;-3.468;-74.590;-7.693;69.107;71.122;210.1;32.89
TUBI;65;10;0;4.604;0.6417;348.68;340.81;344.52;7.87;34.682;117.840;6.970;-35.809;42.780;media;17.52;-8.768;-54.828;6.770;55.486;61.598;210.1;26.41
TUBI;65;10;0;4.604;0.6417;348.68;340.81;344.52;7.87;34.682;117.840;6.970;-35.809;42.780;esterna;19.05;-11.784;-38.558;20.024;50.796;58.582;210.1;24.18
TUBI;66;10;0;4.809;0.6417;347.29;339.86;343.36;7.43;34.681;117.840;6.970;-35.809;42.780;interna;16.00;-3.468;-73.769;-6.870;68.663;70.301;210.3;32.65
TUBI;66;10;0;4.809;0.6417;347.29;339.86;343.36;7.43;34.681;117.840;6.970;-35.809;42.780;media;17.52;-8.734;-54.852;6.781;55.525;61.632;210.3;26.40
TUBI;66;10;0;4.809;0.6417;347.29;339.86;343.36;7.43;34.681;117.840;6.970;-35.809;42.780;esterna;19.05;-11.784;-39.290;19.292;50.765;58.582;210.3;24.14
TUBI;67;10;0;5.022;0.6417;345.92;338.93;342.22;7.00;34.680;117.840;6.970;-35.809;42.780;interna;16.00;-3.468;-72.969;-6.070;68.237;69.501;210.6;32.41
TUBI;67;10;0;5.022;0.6417;345.92;338.93;342.22;7.00;34.680;117.840;6.970;-35.809;42.780;media;17.52;-8.701;-54.874;6.792;55.564;61.666;210.6;26.39
TUBI;67;10;0;5.022;0.6417;345.92;338.93;342.22;7.00;34.680;117.840;6.970;-35.809;42.780;esterna;19.05;-11.784;-40.004;18.579;50.746;58.583;210.6;24.10
TUBI;68;10;0;5.243;0.6417;344.60;338.02;341.12;6.58;34.678;117.840;6.970;-35.809;42.780;interna;16.00;-3.468;-72.191;-5.291;67.830;68.723;210.8;32.18
TUBI;68;10;0;5.243;0.6417;344.60;338.02;341.12;6.58;34.678;117.840;6.970;-35.809;42.780;media;17.52;-8.669;-54.896;6.802;55.601;61.698;210.8;26.38
TUBI;68;10;0;5.243;0.6417;344.60;338.02;341.12;6.58;34.678;117.840;6.970;-35.809;42.780;esterna;19.05;-11.784;-40.697;17.886;50.736;58.584;210.8;24.07
TUBI;69;10;0;5.474;0.6417;343.31;337.14;340.05;6.17;34.677;117.840;6.970;-35.809;42.780;interna;16.00;-3.468;-71.435;-4.534;67.440;67.967;211.0;31.96
TUBI;69;10;0;5.474;0.6417;343.31;337.14;340.05;6.17;34.677;117.840;6.970;-35.809;42.780;media;17.52;-8.638;-54.917;6.813;55.638;61.730;211.0;26.37
TUBI;69;10;0;5.474;0.6417;343.31;337.14;340.05;6.17;34.677;117.840;6.970;-35.809;42.780;esterna;19.05;-11.784;-41.372;17.212;50.736;58.584;211.0;24.05
TUBI;70;10;0;5.715;0.6417;342.06;336.28;339.01;5.78;34.675;117.840;6.970;-35.809;42.780;interna;16.00;-3.468;-70.705;-3.804;67.070;67.238;211.2;31.76
TUBI;70;10;0;5.715;0.6417;342.06;336.28;339.01;5.78;34.675;117.840;6.970;-35.809;42.780;media;17.52;-8.608;-54.938;6.823;55.673;61.761;211.2;26.36
TUBI;70;10;0;5.715;0.6417;342.06;336.28;339.01;5.78;34.675;117.840;6.970;-35.809;42.780;esterna;19.05;-11.784;-42.023;16.562;50.745;58.585;211.2;24.03
TUBI;71;10;0;5.965;0.6417;340.86;335.46;338.00;5.40;34.674;117.840;6.970;-35.809;42.780;interna;16.00;-3.467;-70.000;-3.098;66.718;66.902;211.4;31.56
TUBI;71;10;0;5.965;0.6417;340.86;335.46;338.00;5.40;34.674;117.840;6.970;-35.809;42.780;media;17.52;-8.579;-54.958;6.832;55.707;61.791;211.4;26.35
TUBI;71;10;0;5.965;0.6417;340.86;335.46;338.00;5.40;34.674;117.840;6.970;-35.809;42.780;esterna;19.05;-11.784;-42.652;15.933;50.761;58.586;211.4;24.01
TUBI;72;10;0;6.226;0.6417;339.69;334.66;337.03;5.04;34.672;117.840;6.970;-35.809;42.780;interna;16.00;-3.467;-69.320;-2.417;66.384;66.903;211.6;31.37
TUBI;72;10;0;6.226;0.6417;339.69;334.66;337.03;5.04;34.672;117.840;6.970;-35.809;42.780;media;17.52;-8.551;-54.977;6.842;55.740;61.819;211.6;26.34
TUBI;72;10;0;6.226;0.6417;339.69;334.66;337.03;5.04;34.672;117.840;6.970;-35.809;42.780;esterna;19.05;-11.784;-43.259;15.328;50.784;58.587;211.6;24.00
TUBI;73;10;0;6.498;0.6417;338.57;333.89;336.09;4.69;34.671;117.840;6.970;-35.809;42.780;interna;16.00;-3.467;-68.667;-1.762;66.068;66.904;211.8;31.20
TUBI;73;10;0;6.498;0.6417;338.57;333.89;336.09;4.69;34.671;117.840;6.970;-35.809;42.780;media;17.52;-8.524;-54.996;6.851;55.772;61.847;211.8;26.33
TUBI;73;10;0;6.498;0.6417;338.57;333.89;336.09;4.69;34.671;117.840;6.970;-35.809;42.780;esterna;19.05;-11.784;-43.843;14.745;50.813;58.587;211.8;23.99
TUBI;74;10;0;6.780;0.6417;337.50;333.15;335.20;4.35;34.669;117.840;6.970;-35.809;42.780;interna;16.00;-3.467;-68.041;-1.135;65.770;66.905;212.0;31.03
TUBI;74;10;0;6.780;0.6417;337.50;333.15;335.20;4.35;34.669;117.840;6.970;-35.809;42.780;media;17.52;-8.499;-55.014;6.859;55.803;61.873;212.0;26.33
TUBI;74;10;0;6.780;0.6417;337.50;333.15;335.20;4.35;34.669;117.840;6.970;-35.809;42.780;esterna;19.05;-11.784;-44.402;14.186;50.848;58.588;212.0;23.99
TUBI;75;10;0;7.075;0.6417;336.47;332.44;334.34;4.03;34.667;117.840;6.970;-35.809;42.780;interna;16.00;-3.467;-67.440;-0.534;65.489;66.906;212.1;30.87
TUBI;75;10;0;7.075;0.6417;336.47;332.44;334.34;4.03;34.667;117.840;6.970;-35.809;42.780;media;17.52;-8.474;-55.031;6.867;55.832;61.899;212.1;26.32
TUBI;75;10;0;7.075;0.6417;336.47;332.44;334.34;4.03;34.667;117.840;6.970;-35.809;42.780;esterna;19.05;-11.784;-44.938;13.651;50.886;58.589;212.1;23.99
TUBI;76;10;0;7.381;0.6417;335.48;331.77;333.52;3.72;34.666;117.840;6.970;-35.809;42.780;interna;16.00;-3.467;-66.866;0.041;65.224;66.907;212.3;30.72
TUBI;76;10;0;7.381;0.6417;335.48;331.77;333.52;3.72;34.666;117.840;6.970;-35.809;42.780;media;17.52;-8.450;-55.048;6.875;55.860;61.923;212.3;26.31
TUBI;76;10;0;7.381;0.6417;335.48;331.77;333.52;3.72;34.666;117.840;6.970;-35.809;42.780;esterna;19.05;-11.784;-45.451;13.139;50.928;58.590;212.3;23.99
TUBI;77;10;0;7.701;0.6417;334.55;331.12;332.74;3.42;34.664;117.840;6.970;-35.809;42.780;interna;16.00;-3.466;-66.320;0.588;64.976;66.908;212.5;30.58
TUBI;77;10;0;7.701;0.6417;334.55;331.12;332.74;3.42;34.664;117.840;6.970;-35.809;42.780;media;17.52;-8.428;-55.064;6.883;55.887;61.947;212.5;26.31
TUBI;77;10;0;7.701;0.6417;334.55;331.12;332.74;3.42;34.664;117.840;6.970;-35.809;42.780;esterna;19.05;-11.784;-45.939;12.652;50.973;58.591;212.5;23.99
TUBI;78;10;0;8.033;0.6417;333.66;330.51;331.99;3.15;34.662;117.840;6.970;-35.809;42.780;interna;16.00;-3.466;-65.800;1.109;64.743;66.909;212.6;30.45
TUBI;78;10;0;8.033;0.6417;333.66;330.51;331.99;3.15;34.662;117.840;6.970;-35.809;42.780;media;17.52;-8.407;-55.079;6.890;55.913;61.969;212.6;26.30
TUBI;78;10;0;8.033;0.6417;333.66;330.51;331.99;3.15;34.662;117.840;6.970;-35.809;42.780;esterna;19.05;-11.784;-46.404;12.188;51.020;58.592;212.6;24.00
TUBI;79;10;0;8.379;0.6417;332.81;329.93;331.29;2.88;34.660;117.840;6.970;-35.809;42.780;interna;16.00;-3.466;-65.308;1.603;64.526;66.910;212.7;30.33
TUBI;79;10;0;8.379;0.6417;332.81;329.93;331.29;2.88;34.660;117.840;6.970;-35.809;42.780;media;17.52;-8.386;-55.093;6.897;55.937;61.990;212.7;26.29
TUBI;79;10;0;8.379;0.6417;332.81;329.93;331.29;2.88;34.660;117.840;6.970;-35.809;42.780;esterna;19.05;-11.784;-46.844;11.749;51.069;58.592;212.7;24.00
TUBI;80;10;0;8.740;0.6417;332.01;329.38;330.62;2.63;34.658;117.840;6.970;-35.809;42.780;interna;16.00;-3.466;-64.842;2.070;64.323;66.912;212.9;30.22
TUBI;80;10;0;8.740;0.6417;332.01;329.38;330.62;2.63;34.658;117.840;6.970;-35.809;42.780;media;17.52;-8.367;-55.107;6.903;55.960;62.010;212.9;26.29
TUBI;80;10;0;8.740;0.6417;332.01;329.38;330.62;2.63;34.658;117.840;6.970;-35.809;42.780;esterna;19.05;-11.784;-47.261;11.333;51.118;58.593;212.9;24.01
TUBI;81;10;0;9.115;0.6417;331.26;328.87;329.99;2.39;34.656;117.840;6.970;-35.809;42.780;interna;16.00;-3.466;-64.403;2.510;64.134;66.913;213.0;30.11
TUBI;81;10;0;9.115;0.6417;331.26;328.87;329.99;2.39;34.656;117.840;6.970;-35.809;42.780;media;17.52;-8.349;-55.120;6.909;55.982;62.029;213.0;26.28
TUBI;81;10;0;9.115;0.6417;331.26;328.87;329.99;2.39;34.656;117.840;6.970;-35.809;42.780;esterna;19.05;-11.784;-47.653;10.941;51.168;58.594;213.0;24.02
TUBI;82;10;0;9.506;0.6417;330.55;328.38;329.40;2.17;34.654;117.840;6.970;-35.809;42.780;interna;16.00;-3.465;-63.990;2.924;63.959;66.914;213.1;30.01
TUBI;82;10;0;9.506;0.6417;330.55;328.38;329.40;2.17;34.654;117.840;6.970;-35.809;42.780;media;17.52;-8.332;-55.133;6.915;56.003;62.047;213.1;26.28
TUBI;82;10;0;9.506;0.6417;330.55;328.38;329.40;2.17;34.654;117.840;6.970;-35.809;42.780;esterna;19.05;-11.784;-48.023;10.573;51.218;58.595;213.1;24.03
TUBI;83;10;0;9.913;0.6417;329.89;327.93;328.85;1.96;34.652;117.840;6.970;-35.809;42.780;interna;16.00;-3.465;-63.604;3.312;63.797;66.915;213.2;29.92
TUBI;83;10;0;9.913;0.6417;329.89;327.93;328.85;1.96;34.652;117.840;6.970;-35.809;42.780;media;17.52;-8.316;-55.144;6.920;56.022;62.064;213.2;26.27
TUBI;83;10;0;9.913;0.6417;329.89;327.93;328.85;1.96;34.652;117.840;6.970;-35.809;42.780;esterna;19.05;-11.784;-48.369;10.227;51.266;58.596;213.2;24.04
TUBI;84;10;0;10.337;0.6417;329.27;327.50;328.33;1.77;34.650;117.840;6.970;-35.809;42.780;interna;16.00;-3.465;-63.242;3.674;63.648;66.916;213.3;29.83
TUBI;84;10;0;10.337;0.6417;329.27;327.50;328.33;1.77;34.650;117.840;6.970;-35.809;42.780;media;17.52;-8.301;-55.155;6.925;56.041;62.080;213.3;26.27
TUBI;84;10;0;10.337;0.6417;329.27;327.50;328.33;1.77;34.650;117.840;6.970;-35.809;42.780;esterna;19.05;-11.784;-48.693;9.904;51.314;58.597;213.3;24.05
TUBI;85;10;0;10.778;0.6417;328.69;327.11;327.85;1.59;34.647;117.840;6.970;-35.809;42.780;interna;16.00;-3.465;-62.906;4.012;63.510;66.918;213.4;29.76
TUBI;85;10;0;10.778;0.6417;328.69;327.11;327.85;1.59;34.647;117.840;6.970;-35.809;42.780;media;17.52;-8.287;-55.166;6.930;56.058;62.095;213.4;26.27
TUBI;85;10;0;10.778;0.6417;328.69;327.11;327.85;1.59;34.647;117.840;6.970;-35.809;42.780;esterna;19.05;-11.784;-48.995;9.604;51.361;58.598;213.4;24.06
TUBI;86;10;0;11.238;0.6417;328.16;326.74;327.41;1.42;34.645;117.840;6.970;-35.809;42.780;interna;16.00;-3.465;-62.593;4.326;63.384;66.919;213.5;29.69
TUBI;86;10;0;11.238;0.6417;328.16;326.74;327.41;1.42;34.645;117.840;6.970;-35.809;42.780;media;17.52;-8.274;-55.176;6.934;56.074;62.109;213.5;26.26
TUBI;86;10;0;11.238;0.6417;328.16;326.74;327.41;1.42;34.645;117.840;6.970;-35.809;42.780;esterna;19.05;-11.784;-49.275;9.324;51.406;58.600;213.5;24.08
TUBI;87;10;0;11.716;0.6417;327.67;326.40;327.00;1.26;34.643;117.840;6.970;-35.809;42.780;interna;16.00;-3.464;-62.305;4.616;63.269;66.921;213.6;29.62
TUBI;87;10;0;11.716;0.6417;327.67;326.40;327.00;1.26;34.643;117.840;6.970;-35.809;42.780;media;17.52;-8.262;-55.185;6.938;56.089;62.123;213.6;26.26
TUBI;87;10;0;11.716;0.6417;327.67;326.40;327.00;1.26;34.643;117.840;6.970;-35.809;42.780;esterna;19.05;-11.784;-49.535;9.066;51.448;58.601;213.6;24.09
TUBI;88;10;0;12.214;0.6417;327.21;326.09;326.62;1.12;34.640;117.840;6.970;-35.809;42.780;interna;16.00;-3.464;-62.039;4.883;63.163;66.922;213.7;29.56
TUBI;88;10;0;12.214;0.6417;327.21;326.09;326.62;1.12;34.640;117.840;6.970;-35.809;42.780;media;17.52;-8.251;-55.193;6.942;56.103;62.135;213.7;26.26
TUBI;88;10;0;12.214;0.6417;327.21;326.09;326.62;1.12;34.640;117.840;6.970;-35.809;42.780;esterna;19.05;-11.784;-49.774;8.828;51.489;58.602;213.7;24.10
TUBI;89;10;0;12.733;0.6417;326.79;325.80;326.27;0.99;34.638;117.840;6.970;-35.809;42.780;interna;16.00;-3.464;-61.795;5.128;63.068;66.923;213.7;29.51
TUBI;89;10;0;12.733;0.6417;326.79;325.80;326.27;0.99;34.638;117.840;6.970;-35.809;42.780;media;17.52;-8.241;-55.201;6.945;56.116;62.146;213.7;26.25
TUBI;89;10;0;12.733;0.6417;326.79;325.80;326.27;0.99;34.638;117.840;6.970;-35.809;42.780;esterna;19.05;-11.784;-49.993;8.610;51.528;58.603;213.7;24.11
TUBI;0;11;0;0.007;0.7843;343.74;337.58;340.48;6.16;34.740;117.840;7.428;-35.354;42.782;interna;16.00;-3.474;-71.366;-4.044;67.609;67.892;210.9;32.06
TUBI;0;11;0;0.007;0.7843;343.74;337.58;340.48;6.16;34.740;117.840;7.428;-35.354;42.782;media;17.52;-8.640;-54.885;7.271;55.925;62.156;210.9;26.52
TUBI;0;11;0;0.007;0.7843;343.74;337.58;340.48;6.16;34.740;117.840;7.428;-35.354;42.782;esterna;19.05;-11.784;-41.371;17.641;51.106;59.012;210.9;24.23
TUBI;1;11;0;0.022;0.7843;343.72;337.57;340.47;6.15;34.725;117.840;7.428;-35.354;42.782;interna;16.00;-3.472;-71.364;-4.033;67.613;67.891;210.9;32.06
TUBI;1;11;0;0.022;0.7843;343.72;337.57;340.47;6.15;34.725;117.840;7.428;-35.354;42.782;media;17.52;-8.639;-54.894;7.271;55.933;62.164;210.9;26.52
TUBI;1;11;0;0.022;0.7843;343.72;337.57;340.47;6.15;34.725;117.840;7.428;-35.354;42.782;esterna;19.05;-11.784;-41.388;17.631;51.112;59.019;210.9;24.23
TUBI;2;11;0;0.037;0.7843;343.70;337.56;340.45;6.14;34.725;117.840;7.428;-35.354;42.782;interna;16.00;-3.472;-71.352;-4.021;67.607;67.880;210.9;32.05
TUBI;2;11;0;0.037;0.7843;343.70;337.56;340.45;6.14;34.725;117.840;7.428;-35.354;42.782;media;17.52;-8.638;-54.894;7.271;55.934;62.165;210.9;26.52
TUBI;2;11;0;0.037;0.7843;343.70;337.56;340.45;6.14;34.725;117.840;7.428;-35.354;42.782;esterna;19.05;-11.784;-41.398;17.621;51.112;59.019;210.9;24.23
TUBI;3;11;0;0.053;0.7843;343.68;337.54;340.43;6.14;34.724;117.840;7.428;-35.354;42.782;interna;16.00;-3.472;-71.340;-4.009;67.601;67.868;210.9;32.05
TUBI;3;11;0;0.053;0.7843;343.68;337.54;340.43;6.14;34.724;117.840;7.428;-35.354;42.782;media;17.52;-8.638;-54.895;7.271;55.935;62.166;210.9;26.52
TUBI;3;11;0;0.053;0.7843;343.68;337.54;340.43;6.14;34.724;117.840;7.428;-35.354;42.782;esterna;19.05;-11.784;-41.409;17.610;51.112;59.019;210.9;24.23
TUBI;4;11;0;0.070;0.7843;343.53;337.44;340.31;6.09;34.724;117.840;7.428;-35.354;42.782;interna;16.00;-3.472;-71.252;-3.921;67.557;67.780;210.9;32.03
TUBI;4;11;0;0.070;0.7843;343.53;337.44;340.31;6.09;34.724;117.840;7.428;-35.354;42.782;media;17.52;-8.634;-54.897;7.272;55.939;62.170;210.9;26.52
TUBI;4;11;0;0.070;0.7843;343.53;337.44;340.31;6.09;34.724;117.840;7.428;-35.354;42.782;esterna;19.05;-11.784;-41.488;17.531;51.113;59.020;210.9;24.23
TUBI;5;11;0;0.087;0.7843;343.40;337.35;340.20;6.05;34.723;117.840;7.428;-35.354;42.782;interna;16.00;-3.472;-71.180;-3.849;67.520;67.708;211.0;32.01
TUBI;5;11;0;0.087;0.7843;343.40;337.35;340.20;6.05;34.723;117.840;7.428;-35.354;42.782;media;17.52;-8.631;-54.899;7.273;55.943;62.173;211.0;26.52
TUBI;5;11;0;0.087;0.7843;343.40;337.35;340.20;6.05;34.723;117.840;7.428;-35.354;42.782;esterna;19.05;-11.784;-41.553;17.467;51.113;59.020;211.0;24.23
TUBI;6;11;0;0.105;0.7843;343.30;337.28;340.12;6.02;34.723;117.840;7.428;-35.354;42.782;interna;16.00;-3.472;-71.119;-3.787;67.490;67.647;211.0;31.99
TUBI;6;11;0;0.105;0.7843;343.30;337.28;340.12;6.02;34.723;117.840;7.428;-35.354;42.782;media;17.52;-8.628;-54.901;7.274;55.946;62.176;211.0;26.52
TUBI;6;11;0;0.105;0.7843;343.30;337.28;340.12;6.02;34.723;117.840;7.428;-35.354;42.782;esterna;19.05;-11.784;-41.608;17.412;51.114;59.020;211.0;24.23
TUBI;7;11;0;0.124;0.7843;343.21;337.22;340.04;5.99;34.722;117.840;7.428;-35.354;42.782;interna;16.00;-3.472;-71.064;-3.732;67.462;67.592;211.0;31.97
TUBI;7;11;0;0.124;0.7843;343.21;337.22;340.04;5.99;34.722;117.840;7.428;-35.354;42.782;media;17.52;-8.626;-54.903;7.275;55.949;62.178;211.0;26.52
TUBI;7;11;0;0.124;0.7843;343.21;337.22;340.04;5.99;34.722;117.840;7.428;-35.354;42.782;esterna;19.05;-11.784;-41.657;17.363;51.114;59.020;211.0;24.23
TUBI;8;11;0;0.144;0.7843;343.13;337.16;339.97;5.96;34.722;117.840;7.428;-35.354;42.782;interna;16.00;-3.472;-71.016;-3.684;67.438;67.544;211.0;31.96
TUBI;8;11;0;0.144;0.7843;343.13;337.16;339.97;5.96;34.722;117.840;7.428;-35.354;42.782;media;17.52;-8.624;-54.905;7.276;55.951;62.180;211.0;26.52
TUBI;8;11;0;0.144;0.7843;343.13;337.16;339.97;5.96;34.722;117.840;7.428;-35.354;42.782;esterna;19.05;-11.784;-41.700;17.320;51.115;59.020;211.0;24.22
TUBI;9;11;0;0.164;0.7843;343.05;337.11;339.91;5.94;34.721;117.840;7.428;-35.354;42.782;interna;16.00;-3.472;-70.973;-3.640;67.417;67.501;211.0;31.95
TUBI;9;11;0;0.164;0.7843;343.05;337.11;339.91;5.94;34.721;117.840;7.428;-35.354;42.782;media;17.52;-8.622;-54.906;7.276;55.954;62.182;211.0;26.52
TUBI;9;11;0;0.164;0.7843;343.05;337.11;339.91;5.94;34.721;117.840;7.428;-35.354;42.782;esterna;19.05;-11.784;-41.739;17.281;51.115;59.021;211.0;24.22
TUBI;10;11;0;0.185;0.7843;342.98;337.06;339.85;5.92;34.721;117.840;7.428;-35.354;42.782;interna;16.00;-3.472;-70.932;-3.599;67.397;67.460;211.0;31.94
TUBI;10;11;0;0.185;0.7843;342.98;337.06;339.85;5.92;34.721;117.840;7.428;-35.354;42.782;media;17.52;-8.621;-54.908;7.277;55.956;62.184;211.0;26.52
TUBI;10;11;0;0.185;0.7843;342.98;337.06;339.85;5.92;34.721;117.840;7.428;-35.354;42.782;esterna;19.05;-11.784;-41.776;17.245;51.116;59.021;211.0;24.22
TUBI;11;11;0;0.207;0.7843;427.96;391.66;408.76;36.30;34.717;117.840;7.428;-35.354;42.782;interna;16.00;-3.472;-127.564;-60.229;107.597;124.092;197.2;54.55
TUBI;11;11;0;0.207;0.7843;427.96;391.66;408.76;36.30;34.717;117.840;7.428;-35.354;42.782;media;17.52;-10.939;-53.366;6.502;53.331;59.868;197.2;27.04
TUBI;11;11;0;0.207;0.7843;427.96;391.66;408.76;36.30;34.717;117.840;7.428;-35.354;42.782;esterna;19.05;-11.784;8.639;67.662;71.458;79.446;197.2;36.23
TUBI;12;11;0;0.230;0.7843;426.24;390.58;407.38;35.66;34.717;117.840;7.428;-35.354;42.782;interna;16.00;-3.472;-126.357;-59.022;106.585;122.885;197.5;53.96
TUBI;12;11;0;0.230;0.7843;426.24;390.58;407.38;35.66;34.717;117.840;7.428;-35.354;42.782;media;17.52;-10.889;-53.399;6.518;53.386;59.917;197.5;27.03
TUBI;12;11;0;0.230;0.7843;426.24;390.58;407.38;35.66;34.717;117.840;7.428;-35.354;42.782;esterna;19.05;-11.784;7.564;66.587;70.711;78.371;197.5;35.80
TUBI;13;11;0;0.254;0.7843;424.60;389.56;406.06;35.04;34.717;117.840;7.428;-35.354;42.782;interna;16.00;-3.472;-125.209;-57.874;105.626;121.738;197.8;53.40
TUBI;13;11;0;0.254;0.7843;424.60;389.56;406.06;35.04;34.717;117.840;7.428;-35.354;42.782;media;17.52;-10.842;-53.430;6.534;53.439;59.964;197.8;27.02
TUBI;13;11;0;0.254;0.7843;424.60;389.56;406.06;35.04;34.717;117.840;7.428;-35.354;42.782;esterna;19.05;-11.784;6.542;65.565;70.009;77.349;197.8;35.40
TUBI;14;11;0;0.279;0.7843;423.04;388.58;404.81;34.46;34.717;117.840;7.428;-35.354;42.782;interna;16.00;-3.472;-124.122;-56.786;104.721;120.650;198.0;52.88
TUBI;14;11;0;0.279;0.7843;423.04;388.58;404.81;34.46;34.717;117.840;7.428;-35.354;42.782;media;17.52;-10.798;-53.460;6.549;53.488;60.009;198.0;27.01
TUBI;14;11;0;0.279;0.7843;423.04;388.58;404.81;34.46;34.717;117.840;7.428;-35.354;42.782;esterna;19.05;-11.784;5.574;64.597;69.351;76.381;198.0;35.02
TUBI;15;11;0;0.305;0.7843;421.52;387.63;403.59;33.89;34.716;117.840;7.428;-35.354;42.782;interna;16.00;-3.472;-123.061;-55.725;103.841;119.589;198.3;52.37
TUBI;15;11;0;0.305;0.7843;421.52;387.63;403.59;33.89;34.716;117.840;7.428;-35.354;42.782;media;17.52;-10.754;-53.489;6.564;53.537;60.053;198.3;27.00
TUBI;15;11;0;0.305;0.7843;421.52;387.63;403.59;33.89;34.716;117.840;7.428;-35.354;42.782;esterna;19.05;-11.784;4.629;63.652;68.716;75.436;198.3;34.66
TUBI;16;11;0;0.332;0.7843;420.05;386.71;402.42;33.34;34.716;117.840;7.428;-35.354;42.782;interna;16.00;-3.472;-122.041;-54.706;103.000;118.570;198.5;51.88
TUBI;16;11;0;0.332;0.7843;420.05;386.71;402.42;33.34;34.716;117.840;7.428;-35.354;42.782;media;17.52;-10.713;-53.517;6.578;53.584;60.094;198.5;26.99
TUBI;16;11;0;0.332;0.7843;420.05;386.71;402.42;33.34;34.716;117.840;7.428;-35.354;42.782;esterna;19.05;-11.784;3.721;62.744;68.112;74.528;198.5;34.31
TUBI;17;11;0;0.360;0.7843;418.61;385.81;401.26;32.80;34.716;117.840;7.428;-35.354;42.782;interna;16.00;-3.472;-121.035;-53.700;102.172;117.564;198.7;51.41
TUBI;17;11;0;0.360;0.7843;418.61;385.81;401.26;32.80;34.716;117.840;7.428;-35.354;42.782;media;17.52;-10.672;-53.544;6.591;53.630;60.136;198.7;26.98
TUBI;17;11;0;0.360;0.7843;418.61;385.81;401.26;32.80;34.716;117.840;7.428;-35.354;42.782;esterna;19.05;-11.784;2.825;61.849;67.524;73.633;198.7;33.97
TUBI;18;11;0;0.390;0.7843;417.21;384.93;400.13;32.28;34.716;117.840;7.428;-35.354;42.782;interna;16.00;-3.472;-120.060;-52.724;101.372;116.588;199.0;50.95
TUBI;18;11;0;0.390;0.7843;417.21;384.93;400.13;32.28;34.716;117.840;7.428;-35.354;42.782;media;17.52;-10.632;-53.571;6.605;53.675;60.176;199.0;26.98
TUBI;18;11;0;0.390;0.7843;417.21;384.93;400.13;32.28;34.716;117.840;7.428;-35.354;42.782;esterna;19.05;-11.784;1.956;60.980;66.959;72.764;199.0;33.65
TUBI;19;11;0;0.420;0.7843;415.82;384.06;399.02;31.76;34.715;117.840;7.428;-35.354;42.782;interna;16.00;-3.472;-119.099;-51.763;100.588;115.627;199.2;50.50
TUBI;19;11;0;0.420;0.7843;415.82;384.06;399.02;31.76;34.715;117.840;7.428;-35.354;42.782;media;17.52;-10.592;-53.598;6.618;53.719;60.215;199.2;26.97
TUBI;19;11;0;0.420;0.7843;415.82;384.06;399.02;31.76;34.715;117.840;7.428;-35.354;42.782;esterna;19.05;-11.784;1.101;60.124;66.410;71.908;199.2;33.34
TUBI;20;11;0;0.452;0.7843;414.45;383.20;397.92;31.25;34.715;117.840;7.428;-35.354;42.782;interna;16.00;-3.471;-118.149;-50.813;99.816;114.678;199.4;50.05
TUBI;20;11;0;0.452;0.7843;414.45;383.20;397.92;31.25;34.715;117.840;7.428;-35.354;42.782;media;17.52;-10.553;-53.624;6.631;53.763;60.254;199.4;26.96
TUBI;20;11;0;0.452;0.7843;414.45;383.20;397.92;31.25;34.715;117.840;7.428;-35.354;42.782;esterna;19.05;-11.784;0.255;59.279;65.874;71.063;199.4;33.03
TUBI;21;11;0;0.485;0.7843;413.08;382.34;396.82;30.74;34.715;117.840;7.428;-35.354;42.782;interna;16.00;-3.471;-117.198;-49.862;99.045;113.727;199.6;49.61
TUBI;21;11;0;0.485;0.7843;413.08;382.34;396.82;30.74;34.715;117.840;7.428;-35.354;42.782;media;17.52;-10.514;-53.650;6.644;53.807;60.294;199.6;26.95
TUBI;21;11;0;0.485;0.7843;413.08;382.34;396.82;30.74;34.715;117.840;7.428;-35.354;42.782;esterna;19.05;-11.784;-0.592;58.431;65.343;70.215;199.6;32.73
TUBI;22;11;0;0.520;0.7843;411.73;381.49;395.73;30.24;34.714;117.840;7.428;-35.354;42.782;interna;16.00;-3.471;-116.263;-48.926;98.291;112.791;199.9;49.18
TUBI;22;11;0;0.520;0.7843;411.73;381.49;395.73;30.24;34.714;117.840;7.428;-35.354;42.782;media;17.52;-10.476;-53.675;6.657;53.850;60.332;199.9;26.94
TUBI;22;11;0;0.520;0.7843;411.73;381.49;395.73;30.24;34.714;117.840;7.428;-35.354;42.782;esterna;19.05;-11.784;-1.425;57.599;64.827;69.383;199.9;32.44
TUBI;23;11;0;0.556;0.7843;410.38;380.64;394.65;29.74;34.714;117.840;7.428;-35.354;42.782;interna;16.00;-3.471;-115.331;-47.994;97.543;111.860;200.1;48.75
TUBI;23;11;0;0.556;0.7843;410.38;380.64;394.65;29.74;34.714;117.840;7.428;-35.354;42.782;media;17.52;-10.438;-53.701;6.669;53.893;60.370;200.1;26.94
TUBI;23;11;0;0.556;0.7843;410.38;380.64;394.65;29.74;34.714;117.840;7.428;-35.354;42.782;esterna;19.05;-11.784;-2.255;56.769;64.320;68.553;200.1;32.15
TUBI;24;11;0;0.593;0.7843;409.03;379.79;393.56;29.24;34.714;117.840;7.428;-35.354;42.782;interna;16.00;-3.471;-114.402;-47.064;96.799;110.930;200.3;48.33
TUBI;24;11;0;0.593;0.7843;409.03;379.79;393.56;29.24;34.714;117.840;7.428;-35.354;42.782;media;17.52;-10.400;-53.727;6.682;53.936;60.409;200.3;26.93
TUBI;24;11;0;0.593;0.7843;409.03;379.79;393.56;29.24;34.714;117.840;7.428;-35.354;42.782;esterna;19.05;-11.784;-3.083;55.941;63.821;67.725;200.3;31.86
TUBI;25;11;0;0.632;0.7843;407.68;378.94;392.48;28.74;34.713;117.840;7.428;-35.354;42.782;interna;16.00;-3.471;-113.472;-46.135;96.059;110.001;200.5;47.91
TUBI;25;11;0;0.632;0.7843;407.68;378.94;392.48;28.74;34.713;117.840;7.428;-35.354;42.782;media;17.52;-10.362;-53.752;6.695;53.979;60.447;200.5;26.92
TUBI;25;11;0;0.632;0.7843;407.68;378.94;392.48;28.74;34.713;117.840;7.428;-35.354;42.782;esterna;19.05;-11.784;-3.911;55.114;63.329;66.898;200.5;31.58
TUBI;26;11;0;0.672;0.7843;406.32;378.09;391.39;28.23;34.713;117.840;7.428;-35.354;42.782;interna;16.00;-3.471;-112.532;-45.194;95.314;109.061;200.7;47.49
TUBI;26;11;0;0.672;0.7843;406.32;378.09;391.39;28.23;34.713;117.840;7.428;-35.354;42.782;media;17.52;-10.323;-53.778;6.708;54.023;60.486;200.7;26.91
TUBI;26;11;0;0.672;0.7843;406.32;378.09;391.39;28.23;34.713;117.840;7.428;-35.354;42.782;esterna;19.05;-11.784;-4.748;54.276;62.839;66.060;200.7;31.31
TUBI;27;11;0;0.715;0.7843;404.97;377.23;390.29;27.73;34.712;117.840;7.428;-35.354;42.782;interna;16.00;-3.471;-111.599;-44.261;94.577;108.128;200.9;47.07
TUBI;27;11;0;0.715;0.7843;404.97;377.23;390.29;27.73;34.712;117.840;7.428;-35.354;42.782;media;17.52;-10.285;-53.804;6.720;54.066;60.524;200.9;26.91
TUBI;27;11;0;0.715;0.7843;404.97;377.23;390.29;27.73;34.712;117.840;7.428;-35.354;42.782;esterna;19.05;-11.784;-5.579;53.446;62.359;65.230;200.9;31.03
TUBI;28;11;0;0.759;0.7843;403.60;376.37;389.20;27.23;34.712;117.840;7.428;-35.354;42.782;interna;16.00;-3.471;-110.663;-43.325;93.842;107.192;201.2;46.65
TUBI;28;11;0;0.759;0.7843;403.60;376.37;389.20;27.23;34.712;117.840;7.428;-35.354;42.782;media;17.52;-10.247;-53.829;6.733;54.109;60.563;201.2;26.90
TUBI;28;11;0;0.759;0.7843;403.60;376.37;389.20;27.23;34.712;117.840;7.428;-35.354;42.782;esterna;19.05;-11.784;-6.413;52.612;61.886;64.396;201.2;30.76
TUBI;29;11;0;0.804;0.7843;402.23;375.50;388.09;26.73;34.712;117.840;7.428;-35.354;42.782;interna;16.00;-3.471;-109.723;-42.384;93.108;106.251;201.4;46.23
TUBI;29;11;0;0.804;0.7843;402.23;375.50;388.09;26.73;34.712;117.840;7.428;-35.354;42.782;media;17.52;-10.208;-53.855;6.746;54.153;60.601;201.4;26.89
TUBI;29;11;0;0.804;0.7843;402.23;375.50;388.09;26.73;34.712;117.840;7.428;-35.354;42.782;esterna;19.05;-11.784;-7.251;51.775;61.418;63.559;201.4;30.50
TUBI;30;11;0;0.852;0.7843;400.84;374.63;386.98;26.21;34.711;117.840;7.428;-35.354;42.782;interna;16.00;-3.471;-108.769;-41.430;92.366;105.298;201.6;45.82
TUBI;30;11;0;0.852;0.7843;400.84;374.63;386.98;26.21;34.711;117.840;7.428;-35.354;42.782;media;17.52;-10.169;-53.881;6.759;54.197;60.641;201.6;26.88
TUBI;30;11;0;0.852;0.7843;400.84;374.63;386.98;26.21;34.711;117.840;7.428;-35.354;42.782;esterna;19.05;-11.784;-8.100;50.925;60.951;62.709;201.6;30.23
TUBI;31;11;0;0.902;0.7843;399.45;373.75;385.86;25.70;34.711;117.840;7.428;-35.354;42.782;interna;16.00;-3.471;-107.819;-40.480;91.631;104.348;201.8;45.40
TUBI;31;11;0;0.902;0.7843;399.45;373.75;385.86;25.70;34.711;117.840;7.428;-35.354;42.782;media;17.52;-10.130;-53.908;6.772;54.241;60.680;201.8;26.87
TUBI;31;11;0;0.902;0.7843;399.45;373.75;385.86;25.70;34.711;117.840;7.428;-35.354;42.782;esterna;19.05;-11.784;-8.947;50.079;60.494;61.863;201.8;29.97
TUBI;32;11;0;0.953;0.7843;398.05;372.86;384.73;25.19;34.710;117.840;7.428;-35.354;42.782;interna;16.00;-3.471;-106.863;-39.524;90.896;103.392;202.1;44.99
TUBI;32;11;0;0.953;0.7843;398.05;372.86;384.73;25.19;34.710;117.840;7.428;-35.354;42.782;media;17.52;-10.091;-53.934;6.785;54.285;60.719;202.1;26.87
TUBI;32;11;0;0.953;0.7843;398.05;372.86;384.73;25.19;34.710;117.840;7.428;-35.354;42.782;esterna;19.05;-11.784;-9.798;49.228;60.044;61.012;202.1;29.72
TUBI;33;11;0;1.007;0.7843;396.64;371.97;383.59;24.68;34.710;117.840;7.428;-35.354;42.782;interna;16.00;-3.471;-105.901;-38.561;90.160;102.430;202.3;44.57
TUBI;33;11;0;1.007;0.7843;396.64;371.97;383.59;24.68;34.710;117.840;7.428;-35.354;42.782;media;17.52;-10.051;-53.960;6.798;54.330;60.759;202.3;26.86
TUBI;33;11;0;1.007;0.7843;396.64;371.97;383.59;24.68;34.710;117.840;7.428;-35.354;42.782;esterna;19.05;-11.784;-10.655;48.371;59.599;60.155;202.3;29.46
TUBI;34;11;0;1.063;0.7843;395.21;371.06;382.44;24.15;34.709;117.840;7.428;-35.354;42.782;interna;16.00;-3.471;-104.924;-37.585;89.418;101.453;202.5;44.15
TUBI;34;11;0;1.063;0.7843;395.21;371.06;382.44;24.15;34.709;117.840;7.428;-35.354;42.782;media;17.52;-10.011;-53.987;6.812;54.376;60.799;202.5;26.85
TUBI;34;11;0;1.063;0.7843;395.21;371.06;382.44;24.15;34.709;117.840;7.428;-35.354;42.782;esterna;19.05;-11.784;-11.525;47.502;59.156;59.286;202.5;29.21
TUBI;35;11;0;1.122;0.7843;393.78;370.15;381.28;23.63;34.709;117.840;7.428;-35.354;42.782;interna;16.00;-3.471;-103.950;-36.610;88.682;100.479;202.7;43.74
TUBI;35;11;0;1.122;0.7843;393.78;370.15;381.28;23.63;34.709;117.840;7.428;-35.354;42.782;media;17.52;-9.972;-54.014;6.825;54.421;60.839;202.7;26.84
TUBI;35;11;0;1.122;0.7843;393.78;370.15;381.28;23.63;34.709;117.840;7.428;-35.354;42.782;esterna;19.05;-11.784;-12.393;46.634;58.725;59.027;202.7;28.96
TUBI;36;11;0;1.182;0.7843;392.33;369.23;380.11;23.10;34.708;117.840;7.428;-35.354;42.782;interna;16.00;-3.471;-102.969;-35.629;87.945;99.498;203.0;43.33
TUBI;36;11;0;1.182;0.7843;392.33;369.23;380.11;23.10;34.708;117.840;7.428;-35.354;42.782;media;17.52;-9.931;-54.041;6.839;54.467;60.880;203.0;26.83
TUBI;36;11;0;1.182;0.7843;392.33;369.23;380.11;23.10;34.708;117.840;7.428;-35.354;42.782;esterna;19.05;-11.784;-13.267;45.760;58.300;59.027;203.0;28.72
TUBI;37;11;0;1.246;0.7843;390.97;368.36;379.01;22.60;34.708;117.840;7.428;-35.354;42.782;interna;16.00;-3.471;-102.037;-34.696;87.250;98.566;203.2;42.94
TUBI;37;11;0;1.246;0.7843;390.97;368.36;379.01;22.60;34.708;117.840;7.428;-35.354;42.782;media;17.52;-9.893;-54.067;6.851;54.510;60.918;203.2;26.83
TUBI;37;11;0;1.246;0.7843;390.97;368.36;379.01;22.60;34.708;117.840;7.428;-35.354;42.782;esterna;19.05;-11.784;-14.097;44.930;57.905;59.027;203.2;28.50
TUBI;38;11;0;1.311;0.7843;389.50;367.43;377.82;22.07;34.707;117.840;7.428;-35.354;42.782;interna;16.00;-3.471;-101.044;-33.703;86.514;97.573;203.4;42.53
TUBI;38;11;0;1.311;0.7843;389.50;367.43;377.82;22.07;34.707;117.840;7.428;-35.354;42.782;media;17.52;-9.852;-54.094;6.865;54.556;60.959;203.4;26.82
TUBI;38;11;0;1.311;0.7843;389.50;367.43;377.82;22.07;34.707;117.840;7.428;-35.354;42.782;esterna;19.05;-11.784;-14.982;44.046;57.495;59.028;203.4;28.26
TUBI;39;11;0;1.380;0.7843;388.01;366.48;376.62;21.53;34.706;117.840;7.428;-35.354;42.782;interna;16.00;-3.471;-100.038;-32.696;85.773;96.567;203.7;42.11
TUBI;39;11;0;1.380;0.7843;388.01;366.48;376.62;21.53;34.706;117.840;7.428;-35.354;42.782;media;17.52;-9.811;-54.122;6.879;54.603;61.001;203.7;26.81
TUBI;39;11;0;1.380;0.7843;388.01;366.48;376.62;21.53;34.706;117.840;7.428;-35.354;42.782;esterna;19.05;-11.784;-15.878;43.150;57.091;59.028;203.7;28.03
TUBI;40;11;0;1.452;0.7843;386.52;365.53;375.42;20.99;34.706;117.840;7.428;-35.354;42.782;interna;16.00;-3.471;-99.033;-31.692;85.040;95.563;203.9;41.70
TUBI;40;11;0;1.452;0.7843;386.52;365.53;375.42;20.99;34.706;117.840;7.428;-35.354;42.782;media;17.52;-9.770;-54.150;6.892;54.650;61.042;203.9;26.80
TUBI;40;11;0;1.452;0.7843;386.52;365.53;375.42;20.99;34.706;117.840;7.428;-35.354;42.782;esterna;19.05;-11.784;-16.773;42.255;56.698;59.028;203.9;27.80
TUBI;41;11;0;1.526;0.7843;385.02;364.57;374.20;20.45;34.705;117.840;7.428;-35.354;42.782;interna;16.00;-3.471;-98.024;-30.682;84.308;94.553;204.2;41.30
TUBI;41;11;0;1.526;0.7843;385.02;364.57;374.20;20.45;34.705;117.840;7.428;-35.354;42.782;media;17.52;-9.729;-54.178;6.906;54.698;61.084;204.2;26.79
TUBI;41;11;0;1.526;0.7843;385.02;364.57;374.20;20.45;34.705;117.840;7.428;-35.354;42.782;esterna;19.05;-11.784;-17.672;41.356;56.316;59.028;204.2;27.58
TUBI;42;11;0;1.603;0.7843;383.51;363.61;372.98;19.90;34.704;117.840;7.428;-35.354;42.782;interna;16.00;-3.470;-97.003;-29.661;83.574;93.533;204.4;40.89
TUBI;42;11;0;1.603;0.7843;383.51;363.61;372.98;19.90;34.704;117.840;7.428;-35.354;42.782;media;17.52;-9.687;-54.206;6.920;54.745;61.126;204.4;26.78
TUBI;42;11;0;1.603;0.7843;383.51;363.61;372.98;19.90;34.704;117.840;7.428;-35.354;42.782;esterna;19.05;-11.784;-18.582;40.447;55.941;59.029;204.4;27.37
TUBI;43;11;0;1.684;0.7843;381.99;362.63;371.75;19.35;34.704;117.840;7.428;-35.354;42.782;interna;16.00;-3.470;-95.985;-28.642;82.848;92.515;204.7;40.48
TUBI;43;11;0;1.684;0.7843;381.99;362.63;371.75;19.35;34.704;117.840;7.428;-35.354;42.782;media;17.52;-9.645;-54.234;6.934;54.793;61.168;204.7;26.77
TUBI;43;11;0;1.684;0.7843;381.99;362.63;371.75;19.35;34.704;117.840;7.428;-35.354;42.782;esterna;19.05;-11.784;-19.489;39.540;55.579;59.029;204.7;27.16
TUBI;44;11;0;1.768;0.7843;380.45;361.65;370.51;18.80;34.703;117.840;7.428;-35.354;42.782;interna;16.00;-3.470;-94.958;-27.615;82.122;91.487;204.9;40.08
TUBI;44;11;0;1.768;0.7843;380.45;361.65;370.51;18.80;34.703;117.840;7.428;-35.354;42.782;media;17.52;-9.603;-54.262;6.948;54.841;61.210;204.9;26.77
TUBI;44;11;0;1.768;0.7843;380.45;361.65;370.51;18.80;34.703;117.840;7.428;-35.354;42.782;esterna;19.05;-11.784;-20.404;38.625;55.226;59.029;204.9;26.95
TUBI;45;11;0;1.855;0.7843;378.92;360.67;369.26;18.25;34.702;117.840;7.428;-35.354;42.782;interna;16.00;-3.470;-93.934;-26.591;81.405;90.464;205.1;39.68
TUBI;45;11;0;1.855;0.7843;378.92;360.67;369.26;18.25;34.702;117.840;7.428;-35.354;42.782;media;17.52;-9.561;-54.290;6.962;54.889;61.253;205.1;26.76
TUBI;45;11;0;1.855;0.7843;378.92;360.67;369.26;18.25;34.702;117.840;7.428;-35.354;42.782;esterna;19.05;-11.784;-21.316;37.714;54.888;59.030;205.1;26.76
TUBI;46;11;0;1.947;0.7843;377.37;359.68;368.01;17.70;34.702;117.840;7.428;-35.354;42.782;interna;16.00;-3.470;-92.903;-25.559;80.689;89.433;205.4;39.28
TUBI;46;11;0;1.947;0.7843;377.37;359.68;368.01;17.70;34.702;117.840;7.428;-35.354;42.782;media;17.52;-9.519;-54.319;6.976;54.938;61.295;205.4;26.75
TUBI;46;11;0;1.947;0.7843;377.37;359.68;368.01;17.70;34.702;117.840;7.428;-35.354;42.782;esterna;19.05;-11.784;-22.235;36.795;54.561;59.030;205.4;26.56
TUBI;47;11;0;2.041;0.7843;375.83;358.68;366.76;17.15;34.701;117.840;7.428;-35.354;42.782;interna;16.00;-3.470;-91.877;-24.532;79.983;88.407;205.6;38.89
TUBI;47;11;0;2.041;0.7843;375.83;358.68;366.76;17.15;34.701;117.840;7.428;-35.354;42.782;media;17.52;-9.477;-54.347;6.990;54.986;61.338;205.6;26.74
TUBI;47;11;0;2.041;0.7843;375.83;358.68;366.76;17.15;34.701;117.840;7.428;-35.354;42.782;esterna;19.05;-11.784;-23.149;35.881;54.248;59.031;205.6;26.38
TUBI;48;11;0;2.140;0.7843;374.28;357.68;365.50;16.59;34.700;117.840;7.428;-35.354;42.782;interna;16.00;-3.470;-90.845;-23.500;79.281;87.375;205.9;38.50
TUBI;48;11;0;2.140;0.7843;374.28;357.68;365.50;16.59;34.700;117.840;7.428;-35.354;42.782;media;17.52;-9.434;-54.376;7.005;55.034;61.380;205.9;26.73
TUBI;48;11;0;2.140;0.7843;374.28;357.68;365.50;16.59;34.700;117.840;7.428;-35.354;42.782;esterna;19.05;-11.784;-24.068;34.963;53.948;59.031;205.9;26.20
TUBI;49;11;0;2.243;0.7843;372.72;356.68;364.23;16.04;34.699;117.840;7.428;-35.354;42.782;interna;16.00;-3.470;-89.815;-22.470;78.587;86.345;206.2;38.12
TUBI;49;11;0;2.243;0.7843;372.72;356.68;364.23;16.04;34.699;117.840;7.428;-35.354;42.782;media;17.52;-9.392;-54.404;7.019;55.083;61.423;206.2;26.72
TUBI;49;11;0;2.243;0.7843;372.72;356.68;364.23;16.04;34.699;117.840;7.428;-35.354;42.782;esterna;19.05;-11.784;-24.986;34.045;53.662;59.031;206.2;26.03
TUBI;50;11;0;2.350;0.7843;371.17;355.67;362.97;15.49;34.698;117.840;7.428;-35.354;42.782;interna;16.00;-3.470;-88.793;-21.447;77.906;85.323;206.4;37.74
TUBI;50;11;0;2.350;0.7843;371.17;355.67;362.97;15.49;34.698;117.840;7.428;-35.354;42.782;media;17.52;-9.350;-54.433;7.033;55.131;61.465;206.4;26.71
TUBI;50;11;0;2.350;0.7843;371.17;355.67;362.97;15.49;34.698;117.840;7.428;-35.354;42.782;esterna;19.05;-11.784;-25.897;33.135;53.393;59.032;206.4;25.87
TUBI;51;11;0;2.461;0.7843;369.61;354.67;361.71;14.94;34.697;117.840;7.428;-35.354;42.782;interna;16.00;-3.470;-87.769;-20.422;77.231;84.299;206.7;37.37
TUBI;51;11;0;2.461;0.7843;369.61;354.67;361.71;14.94;34.697;117.840;7.428;-35.354;42.782;media;17.52;-9.308;-54.461;7.047;55.179;61.508;206.7;26.70
TUBI;51;11;0;2.461;0.7843;369.61;354.67;361.71;14.94;34.697;117.840;7.428;-35.354;42.782;esterna;19.05;-11.784;-26.810;32.222;53.137;59.032;206.7;25.71
TUBI;52;11;0;2.578;0.7843;368.06;353.66;360.44;14.40;34.697;117.840;7.428;-35.354;42.782;interna;16.00;-3.470;-86.754;-19.407;76.570;83.285;206.9;37.01
TUBI;52;11;0;2.578;0.7843;368.06;353.66;360.44;14.40;34.697;117.840;7.428;-35.354;42.782;media;17.52;-9.267;-54.489;7.061;55.227;61.550;206.9;26.69
TUBI;52;11;0;2.578;0.7843;368.06;353.66;360.44;14.40;34.697;117.840;7.428;-35.354;42.782;esterna;19.05;-11.784;-27.714;31.319;52.898;59.033;206.9;25.57
TUBI;53;11;0;2.698;0.7843;366.51;352.66;359.18;13.85;34.696;117.840;7.428;-35.354;42.782;interna;16.00;-3.470;-85.741;-18.393;75.917;82.271;207.2;36.65
TUBI;53;11;0;2.698;0.7843;366.51;352.66;359.18;13.85;34.696;117.840;7.428;-35.354;42.782;media;17.52;-9.225;-54.517;7.074;55.275;61.592;207.2;26.68
TUBI;53;11;0;2.698;0.7843;366.51;352.66;359.18;13.85;34.696;117.840;7.428;-35.354;42.782;esterna;19.05;-11.784;-28.617;30.416;52.674;59.033;207.2;25.43
TUBI;54;11;0;2.824;0.7843;364.97;351.65;357.92;13.32;34.695;117.840;7.428;-35.354;42.782;interna;16.00;-3.469;-84.739;-17.391;75.280;81.269;207.4;36.29
TUBI;54;11;0;2.824;0.7843;364.97;351.65;357.92;13.32;34.695;117.840;7.428;-35.354;42.782;media;17.52;-9.184;-54.545;7.088;55.322;61.633;207.4;26.67
TUBI;54;11;0;2.824;0.7843;364.97;351.65;357.92;13.32;34.695;117.840;7.428;-35.354;42.782;esterna;19.05;-11.784;-29.510;29.523;52.466;59.033;207.4;25.30
TUBI;55;11;0;2.955;0.7843;363.43;350.65;356.67;12.78;34.694;117.840;7.428;-35.354;42.782;interna;16.00;-3.469;-83.741;-16.392;74.653;80.271;207.7;35.95
TUBI;55;11;0;2.955;0.7843;363.43;350.65;356.67;12.78;34.694;117.840;7.428;-35.354;42.782;media;17.52;-9.143;-54.573;7.102;55.369;61.675;207.7;26.66
TUBI;55;11;0;2.955;0.7843;363.43;350.65;356.67;12.78;34.694;117.840;7.428;-35.354;42.782;esterna;19.05;-11.784;-30.400;28.634;52.274;59.034;207.7;25.17
TUBI;56;11;0;3.092;0.7843;361.91;349.65;355.42;12.25;34.693;117.840;7.428;-35.354;42.782;interna;16.00;-3.469;-82.756;-15.407;74.043;79.287;207.9;35.61
TUBI;56;11;0;3.092;0.7843;361.91;349.65;355.42;12.25;34.693;117.840;7.428;-35.354;42.782;media;17.52;-9.103;-54.600;7.115;55.416;61.716;207.9;26.65
TUBI;56;11;0;3.092;0.7843;361.91;349.65;355.42;12.25;34.693;117.840;7.428;-35.354;42.782;esterna;19.05;-11.784;-31.277;27.757;52.099;59.034;207.9;25.06
TUBI;57;11;0;3.234;0.7843;360.39;348.66;354.18;11.73;34.692;117.840;7.428;-35.354;42.782;interna;16.00;-3.469;-81.779;-14.429;73.445;78.309;208.2;35.28
TUBI;57;11;0;3.234;0.7843;360.39;348.66;354.18;11.73;34.692;117.840;7.428;-35.354;42.782;media;17.52;-9.063;-54.627;7.129;55.462;61.756;208.2;26.64
TUBI;57;11;0;3.234;0.7843;360.39;348.66;354.18;11.73;34.692;117.840;7.428;-35.354;42.782;esterna;19.05;-11.784;-32.148;26.886;51.939;59.035;208.2;24.95
TUBI;58;11;0;3.382;0.7843;358.89;347.67;352.96;11.21;34.691;117.840;7.428;-35.354;42.782;interna;16.00;-3.469;-80.817;-13.467;72.865;77.348;208.4;34.96
TUBI;58;11;0;3.382;0.7843;358.89;347.67;352.96;11.21;34.691;117.840;7.428;-35.354;42.782;media;17.52;-9.023;-54.654;7.142;55.508;61.796;208.4;26.63
TUBI;58;11;0;3.382;0.7843;358.89;347.67;352.96;11.21;34.691;117.840;7.428;-35.354;42.782;esterna;19.05;-11.784;-33.006;26.030;51.795;59.035;208.4;24.85
TUBI;59;11;0;3.536;0.7843;357.40;346.70;351.74;10.70;34.690;117.840;7.428;-35.354;42.782;interna;16.00;-3.469;-79.865;-12.514;72.299;76.396;208.7;34.65
TUBI;59;11;0;3.536;0.7843;357.40;346.70;351.74;10.70;34.690;117.840;7.428;-35.354;42.782;media;17.52;-8.984;-54.681;7.155;55.553;61.836;208.7;26.62
TUBI;59;11;0;3.536;0.7843;357.40;346.70;351.74;10.70;34.690;117.840;7.428;-35.354;42.782;esterna;19.05;-11.784;-33.854;25.182;51.666;59.036;208.7;24.76
TUBI;60;11;0;3.697;0.7843;355.92;345.73;350.53;10.20;34.688;117.840;7.428;-35.354;42.782;interna;16.00;-3.469;-78.931;-11.580;71.752;75.463;208.9;34.35
TUBI;60;11;0;3.697;0.7843;355.92;345.73;350.53;10.20;34.688;117.840;7.428;-35.354;42.782;media;17.52;-8.946;-54.707;7.168;55.597;61.874;208.9;26.62
TUBI;60;11;0;3.697;0.7843;355.92;345.73;350.53;10.20;34.688;117.840;7.428;-35.354;42.782;esterna;19.05;-11.784;-34.687;24.350;51.553;59.036;208.9;24.68
TUBI;61;11;0;3.864;0.7843;354.47;344.76;349.34;9.70;34.687;117.840;7.428;-35.354;42.782;interna;16.00;-3.469;-78.010;-10.658;71.219;74.541;209.1;34.05
TUBI;61;11;0;3.864;0.7843;354.47;344.76;349.34;9.70;34.687;117.840;7.428;-35.354;42.782;media;17.52;-8.908;-54.733;7.180;55.641;61.913;209.1;26.61
TUBI;61;11;0;3.864;0.7843;354.47;344.76;349.34;9.70;34.687;117.840;7.428;-35.354;42.782;esterna;19.05;-11.784;-35.508;23.529;51.455;59.037;209.1;24.60
TUBI;62;11;0;4.038;0.7843;353.03;343.81;348.16;9.22;34.686;117.840;7.428;-35.354;42.782;interna;16.00;-3.469;-77.109;-9.756;70.707;73.641;209.4;33.77
TUBI;62;11;0;4.038;0.7843;353.03;343.81;348.16;9.22;34.686;117.840;7.428;-35.354;42.782;media;17.52;-8.871;-54.758;7.193;55.684;61.950;209.4;26.60
TUBI;62;11;0;4.038;0.7843;353.03;343.81;348.16;9.22;34.686;117.840;7.428;-35.354;42.782;esterna;19.05;-11.784;-36.311;22.726;51.371;59.038;209.4;24.54
TUBI;63;11;0;4.219;0.7843;351.62;342.88;346.99;8.75;34.685;117.840;7.428;-35.354;42.782;interna;16.00;-3.468;-76.224;-8.870;70.210;72.755;209.6;33.50
TUBI;63;11;0;4.219;0.7843;351.62;342.88;346.99;8.75;34.685;117.840;7.428;-35.354;42.782;media;17.52;-8.835;-54.783;7.205;55.726;61.987;209.6;26.59
TUBI;63;11;0;4.219;0.7843;351.62;342.88;346.99;8.75;34.685;117.840;7.428;-35.354;42.782;esterna;19.05;-11.784;-37.101;21.937;51.301;59.038;209.6;24.48
TUBI;64;11;0;4.407;0.7843;350.23;341.95;345.85;8.28;34.684;117.840;7.428;-35.354;42.782;interna;16.00;-3.468;-75.360;-8.006;69.734;71.892;209.8;33.23
TUBI;64;11;0;4.407;0.7843;350.23;341.95;345.85;8.28;34.684;117.840;7.428;-35.354;42.782;media;17.52;-8.799;-54.807;7.217;55.768;62.023;209.8;26.58
TUBI;64;11;0;4.407;0.7843;350.23;341.95;345.85;8.28;34.684;117.840;7.428;-35.354;42.782;esterna;19.05;-11.784;-37.871;21.168;51.244;59.039;209.8;24.42
TUBI;65;11;0;4.604;0.7843;348.87;341.04;344.73;7.83;34.682;117.840;7.428;-35.354;42.782;interna;16.00;-3.468;-74.517;-7.162;69.276;71.049;210.1;32.98
TUBI;65;11;0;4.604;0.7843;348.87;341.04;344.73;7.83;34.682;117.840;7.428;-35.354;42.782;media;17.52;-8.765;-54.830;7.228;55.808;62.059;210.1;26.57
TUBI;65;11;0;4.604;0.7843;348.87;341.04;344.73;7.83;34.682;117.840;7.428;-35.354;42.782;esterna;19.05;-11.784;-38.622;20.417;51.200;59.039;210.1;24.37
TUBI;66;11;0;4.809;0.7843;347.53;340.14;343.62;7.39;34.681;117.840;7.428;-35.354;42.782;interna;16.00;-3.468;-73.696;-6.340;68.837;70.228;210.3;32.74
TUBI;66;11;0;4.809;0.7843;347.53;340.14;343.62;7.39;34.681;117.840;7.428;-35.354;42.782;media;17.52;-8.731;-54.854;7.239;55.847;62.093;210.3;26.56
TUBI;66;11;0;4.809;0.7843;347.53;340.14;343.62;7.39;34.681;117.840;7.428;-35.354;42.782;esterna;19.05;-11.784;-39.355;19.685;51.167;59.040;210.3;24.33
TUBI;67;11;0;5.022;0.7843;346.26;339.31;342.58;6.96;34.680;117.840;7.428;-35.354;42.782;interna;16.00;-3.468;-72.893;-5.536;68.414;69.425;210.5;32.50
TUBI;67;11;0;5.022;0.7843;346.26;339.31;342.58;6.96;34.680;117.840;7.428;-35.354;42.782;media;17.52;-8.698;-54.876;7.250;55.886;62.126;210.5;26.55
TUBI;67;11;0;5.022;0.7843;346.26;339.31;342.58;6.96;34.680;117.840;7.428;-35.354;42.782;esterna;19.05;-11.784;-40.071;18.970;51.146;59.041;210.5;24.30
TUBI;68;11;0;5.243;0.7843;344.95;338.41;341.49;6.54;34.678;117.840;7.428;-35.354;42.782;interna;16.00;-3.468;-72.118;-4.760;68.013;68.650;210.7;32.28
TUBI;68;11;0;5.243;0.7843;344.95;338.41;341.49;6.54;34.678;117.840;7.428;-35.354;42.782;media;17.52;-8.666;-54.898;7.261;55.923;62.159;210.7;26.54
TUBI;68;11;0;5.243;0.7843;344.95;338.41;341.49;6.54;34.678;117.840;7.428;-35.354;42.782;esterna;19.05;-11.784;-40.763;18.279;51.134;59.041;210.7;24.27
TUBI;69;11;0;5.474;0.7843;343.68;337.54;340.43;6.14;34.677;117.840;7.428;-35.354;42.782;interna;16.00;-3.468;-71.368;-4.010;67.631;67.901;210.9;32.07
TUBI;69;11;0;5.474;0.7843;343.68;337.54;340.43;6.14;34.677;117.840;7.428;-35.354;42.782;media;17.52;-8.635;-54.919;7.271;55.959;62.190;210.9;26.53
TUBI;69;11;0;5.474;0.7843;343.68;337.54;340.43;6.14;34.677;117.840;7.428;-35.354;42.782;esterna;19.05;-11.784;-41.431;17.611;51.132;59.042;210.9;24.24
TUBI;70;11;0;5.715;0.7843;342.44;336.70;339.40;5.75;34.675;117.840;7.428;-35.354;42.782;interna;16.00;-3.468;-70.643;-3.284;67.267;67.359;211.1;31.86
TUBI;70;11;0;5.715;0.7843;342.44;336.70;339.40;5.75;34.675;117.840;7.428;-35.354;42.782;media;17.52;-8.606;-54.940;7.281;55.994;62.221;211.1;26.52
TUBI;70;11;0;5.715;0.7843;342.44;336.70;339.40;5.75;34.675;117.840;7.428;-35.354;42.782;esterna;19.05;-11.784;-42.079;16.964;51.138;59.043;211.1;24.22
TUBI;71;11;0;5.965;0.7843;341.24;335.87;338.40;5.37;34.674;117.840;7.428;-35.354;42.782;interna;16.00;-3.467;-69.943;-2.583;66.922;67.360;211.3;31.67
TUBI;71;11;0;5.965;0.7843;341.24;335.87;338.40;5.37;34.674;117.840;7.428;-35.354;42.782;media;17.52;-8.577;-54.960;7.291;56.028;62.250;211.3;26.51
TUBI;71;11;0;5.965;0.7843;341.24;335.87;338.40;5.37;34.674;117.840;7.428;-35.354;42.782;esterna;19.05;-11.784;-42.704;16.340;51.152;59.043;211.3;24.21
TUBI;72;11;0;6.226;0.7843;340.08;335.07;337.43;5.01;34.672;117.840;7.428;-35.354;42.782;interna;16.00;-3.467;-69.268;-1.907;66.594;67.361;211.5;31.48
TUBI;72;11;0;6.226;0.7843;340.08;335.07;337.43;5.01;34.672;117.840;7.428;-35.354;42.782;media;17.52;-8.549;-54.979;7.300;56.061;62.279;211.5;26.50
TUBI;72;11;0;6.226;0.7843;340.08;335.07;337.43;5.01;34.672;117.840;7.428;-35.354;42.782;esterna;19.05;-11.784;-43.306;15.738;51.173;59.044;211.5;24.19
TUBI;73;11;0;6.498;0.7843;338.96;334.30;336.50;4.66;34.671;117.840;7.428;-35.354;42.782;interna;16.00;-3.467;-68.619;-1.257;66.284;67.362;211.7;31.31
TUBI;73;11;0;6.498;0.7843;338.96;334.30;336.50;4.66;34.671;117.840;7.428;-35.354;42.782;media;17.52;-8.523;-54.997;7.309;56.092;62.306;211.7;26.50
TUBI;73;11;0;6.498;0.7843;338.96;334.30;336.50;4.66;34.671;117.840;7.428;-35.354;42.782;esterna;19.05;-11.784;-43.885;15.160;51.199;59.045;211.7;24.18
TUBI;74;11;0;6.780;0.7843;337.88;333.56;335.59;4.33;34.669;117.840;7.428;-35.354;42.782;interna;16.00;-3.467;-67.996;-0.633;65.992;67.363;211.9;31.15
TUBI;74;11;0;6.780;0.7843;337.88;333.56;335.59;4.33;34.669;117.840;7.428;-35.354;42.782;media;17.52;-8.497;-55.015;7.317;56.122;62.333;211.9;26.49
TUBI;74;11;0;6.780;0.7843;337.88;333.56;335.59;4.33;34.669;117.840;7.428;-35.354;42.782;esterna;19.05;-11.784;-44.441;14.604;51.231;59.046;211.9;24.18
TUBI;75;11;0;7.075;0.7843;336.84;332.84;334.72;4.01;34.667;117.840;7.428;-35.354;42.782;interna;16.00;-3.467;-67.402;-0.038;65.716;67.364;212.1;30.99
TUBI;75;11;0;7.075;0.7843;336.84;332.84;334.72;4.01;34.667;117.840;7.428;-35.354;42.782;media;17.52;-8.472;-55.032;7.326;56.151;62.358;212.1;26.48
TUBI;75;11;0;7.075;0.7843;336.84;332.84;334.72;4.01;34.667;117.840;7.428;-35.354;42.782;esterna;19.05;-11.784;-44.972;14.074;51.267;59.046;212.1;24.18
TUBI;76;11;0;7.381;0.7843;335.85;332.15;333.89;3.70;34.666;117.840;7.428;-35.354;42.782;interna;16.00;-3.467;-66.832;0.533;65.457;67.365;212.2;30.84
TUBI;76;11;0;7.381;0.7843;335.85;332.15;333.89;3.70;34.666;117.840;7.428;-35.354;42.782;media;17.52;-8.449;-55.049;7.333;56.179;62.382;212.2;26.47
TUBI;76;11;0;7.381;0.7843;335.85;332.15;333.89;3.70;34.666;117.840;7.428;-35.354;42.782;esterna;19.05;-11.784;-45.481;13.566;51.306;59.047;212.2;24.18
TUBI;77;11;0;7.701;0.7843;334.89;331.49;333.09;3.41;34.664;117.840;7.428;-35.354;42.782;interna;16.00;-3.466;-66.290;1.076;65.213;67.366;212.4;30.71
TUBI;77;11;0;7.701;0.7843;334.89;331.49;333.09;3.41;34.664;117.840;7.428;-35.354;42.782;media;17.52;-8.427;-55.065;7.341;56.206;62.405;212.4;26.46
TUBI;77;11;0;7.701;0.7843;334.89;331.49;333.09;3.41;34.664;117.840;7.428;-35.354;42.782;esterna;19.05;-11.784;-45.966;13.082;51.349;59.048;212.4;24.18
TUBI;78;11;0;8.033;0.7843;333.99;330.85;332.33;3.13;34.662;117.840;7.428;-35.354;42.782;interna;16.00;-3.466;-65.775;1.592;64.986;67.367;212.5;30.58
TUBI;78;11;0;8.033;0.7843;333.99;330.85;332.33;3.13;34.662;117.840;7.428;-35.354;42.782;media;17.52;-8.406;-55.080;7.348;56.231;62.428;212.5;26.46
TUBI;78;11;0;8.033;0.7843;333.99;330.85;332.33;3.13;34.662;117.840;7.428;-35.354;42.782;esterna;19.05;-11.784;-46.426;12.623;51.393;59.049;212.5;24.18
TUBI;79;11;0;8.379;0.7843;333.12;330.25;331.60;2.87;34.660;117.840;7.428;-35.354;42.782;interna;16.00;-3.466;-65.286;2.082;64.772;67.368;212.7;30.46
TUBI;79;11;0;8.379;0.7843;333.12;330.25;331.60;2.87;34.660;117.840;7.428;-35.354;42.782;media;17.52;-8.385;-55.094;7.355;56.255;62.449;212.7;26.45
TUBI;79;11;0;8.379;0.7843;333.12;330.25;331.60;2.87;34.660;117.840;7.428;-35.354;42.782;esterna;19.05;-11.784;-46.863;12.187;51.439;59.050;212.7;24.19
TUBI;80;11;0;8.740;0.7843;332.30;329.68;330.92;2.62;34.658;117.840;7.428;-35.354;42.782;interna;16.00;-3.466;-64.825;2.544;64.574;67.369;212.8;30.34
TUBI;80;11;0;8.740;0.7843;332.30;329.68;330.92;2.62;34.658;117.840;7.428;-35.354;42.782;media;17.52;-8.366;-55.108;7.361;56.278;62.469;212.8;26.44
TUBI;80;11;0;8.740;0.7843;332.30;329.68;330.92;2.62;34.658;117.840;7.428;-35.354;42.782;esterna;19.05;-11.784;-47.275;11.775;51.486;59.051;212.8;24.19
TUBI;81;11;0;9.115;0.7843;331.53;329.14;330.27;2.39;34.656;117.840;7.428;-35.354;42.782;interna;16.00;-3.466;-64.390;2.981;64.390;67.370;212.9;30.24
TUBI;81;11;0;9.115;0.7843;331.53;329.14;330.27;2.39;34.656;117.840;7.428;-35.354;42.782;media;17.52;-8.348;-55.121;7.367;56.300;62.487;212.9;26.44
TUBI;81;11;0;9.115;0.7843;331.53;329.14;330.27;2.39;34.656;117.840;7.428;-35.354;42.782;esterna;19.05;-11.784;-47.665;11.387;51.534;59.052;212.9;24.20
TUBI;82;11;0;9.506;0.7843;330.80;328.63;329.65;2.17;34.654;117.840;7.428;-35.354;42.782;interna;16.00;-3.465;-63.980;3.392;64.218;67.371;213.1;30.14
TUBI;82;11;0;9.506;0.7843;330.80;328.63;329.65;2.17;34.654;117.840;7.428;-35.354;42.782;media;17.52;-8.331;-55.133;7.373;56.320;62.505;213.1;26.43
TUBI;82;11;0;9.506;0.7843;330.80;328.63;329.65;2.17;34.654;117.840;7.428;-35.354;42.782;esterna;19.05;-11.784;-48.032;11.021;51.581;59.053;213.1;24.21
TUBI;83;11;0;9.913;0.7843;330.11;328.15;329.08;1.96;34.652;117.840;7.428;-35.354;42.782;interna;16.00;-3.465;-63.596;3.777;64.059;67.373;213.2;30.05
TUBI;83;11;0;9.913;0.7843;330.11;328.15;329.08;1.96;34.652;117.840;7.428;-35.354;42.782;media;17.52;-8.316;-55.144;7.378;56.339;62.522;213.2;26.43
TUBI;83;11;0;9.913;0.7843;330.11;328.15;329.08;1.96;34.652;117.840;7.428;-35.354;42.782;esterna;19.05;-11.784;-48.376;10.678;51.628;59.054;213.2;24.22
TUBI;84;11;0;10.337;0.7843;329.47;327.70;328.54;1.77;34.650;117.840;7.428;-35.354;42.782;interna;16.00;-3.465;-63.237;4.137;63.913;67.374;213.3;29.96
TUBI;84;11;0;10.337;0.7843;329.47;327.70;328.54;1.77;34.650;117.840;7.428;-35.354;42.782;media;17.52;-8.301;-55.155;7.383;56.358;62.538;213.3;26.42
TUBI;84;11;0;10.337;0.7843;329.47;327.70;328.54;1.77;34.650;117.840;7.428;-35.354;42.782;esterna;19.05;-11.784;-48.697;10.358;51.674;59.055;213.3;24.23
TUBI;85;11;0;10.778;0.7843;328.87;327.29;328.03;1.59;34.648;117.840;7.428;-35.354;42.782;interna;16.00;-3.465;-62.903;4.472;63.778;67.375;213.4;29.89
TUBI;85;11;0;10.778;0.7843;328.87;327.29;328.03;1.59;34.648;117.840;7.428;-35.354;42.782;media;17.52;-8.287;-55.166;7.387;56.375;62.553;213.4;26.42
TUBI;85;11;0;10.778;0.7843;328.87;327.29;328.03;1.59;34.648;117.840;7.428;-35.354;42.782;esterna;19.05;-11.784;-48.997;10.059;51.718;59.056;213.4;24.24
TUBI;86;11;0;11.238;0.7843;328.32;326.90;327.56;1.42;34.645;117.840;7.428;-35.354;42.782;interna;16.00;-3.465;-62.593;4.784;63.655;67.377;213.5;29.82
TUBI;86;11;0;11.238;0.7843;328.32;326.90;327.56;1.42;34.645;117.840;7.428;-35.354;42.782;media;17.52;-8.274;-55.176;7.392;56.391;62.567;213.5;26.41
TUBI;86;11;0;11.238;0.7843;328.32;326.90;327.56;1.42;34.645;117.840;7.428;-35.354;42.782;esterna;19.05;-11.784;-49.276;9.781;51.761;59.057;213.5;24.25
TUBI;87;11;0;11.716;0.7843;327.80;326.54;327.13;1.26;34.643;117.840;7.428;-35.354;42.782;interna;16.00;-3.464;-62.306;5.072;63.541;67.378;213.6;29.75
TUBI;87;11;0;11.716;0.7843;327.80;326.54;327.13;1.26;34.643;117.840;7.428;-35.354;42.782;media;17.52;-8.262;-55.185;7.396;56.405;62.580;213.6;26.41
TUBI;87;11;0;11.716;0.7843;327.80;326.54;327.13;1.26;34.643;117.840;7.428;-35.354;42.782;esterna;19.05;-11.784;-49.534;9.525;51.802;59.058;213.6;24.26
TUBI;88;11;0;12.214;0.7843;327.32;326.20;326.73;1.12;34.640;117.840;7.428;-35.354;42.782;interna;16.00;-3.464;-62.041;5.338;63.438;67.380;213.7;29.69
TUBI;88;11;0;12.214;0.7843;327.32;326.20;326.73;1.12;34.640;117.840;7.428;-35.354;42.782;media;17.52;-8.251;-55.193;7.399;56.419;62.592;213.7;26.41
TUBI;88;11;0;12.214;0.7843;327.32;326.20;326.73;1.12;34.640;117.840;7.428;-35.354;42.782;esterna;19.05;-11.784;-49.771;9.288;51.842;59.060;213.7;24.26
TUBI;89;11;0;12.733;0.7843;326.89;325.90;326.36;0.99;34.638;117.840;7.428;-35.354;42.782;interna;16.00;-3.464;-61.799;5.583;63.344;67.381;213.7;29.64
TUBI;89;11;0;12.733;0.7843;326.89;325.90;326.36;0.99;34.638;117.840;7.428;-35.354;42.782;media;17.52;-8.241;-55.201;7.402;56.432;62.604;213.7;26.40
TUBI;89;11;0;12.733;0.7843;326.89;325.90;326.36;0.99;34.638;117.840;7.428;-35.354;42.782;esterna;19.05;-11.784;-49.990;9.071;51.879;59.061;213.7;24.27
BY-PASS;0;-1;-1;0.007;0.0000;332.42;324.66;328.54;7.77;34.740;117.840;56.701;14.174;42.527;interna;142.00;-3.474;-177.225;43.031;201.078;220.256;187.1;107.46
BY-PASS;0;-1;-1;0.007;0.0000;332.42;324.66;328.54;7.77;34.740;117.840;56.701;14.174;42.527;media;146.00;-7.984;-159.107;56.640;191.783;215.747;187.1;102.49
BY-PASS;0;-1;-1;0.007;0.0000;332.42;324.66;328.54;7.77;34.740;117.840;56.701;14.174;42.527;esterna;150.00;-11.784;-142.066;69.880;185.154;211.946;187.1;98.95
BY-PASS;1;-1;-1;0.022;0.0000;332.42;324.66;328.54;7.77;34.740;117.840;56.701;14.174;42.527;interna;142.00;-3.474;-177.225;43.031;201.078;220.256;187.1;107.46
BY-PASS;1;-1;-1;0.022;0.0000;332.42;324.66;328.54;7.77;34.740;117.840;56.701;14.174;42.527;media;146.00;-7.984;-159.107;56.640;191.783;215.747;187.1;102.49
BY-PASS;1;-1;-1;0.022;0.0000;332.42;324.66;328.54;7.77;34.740;117.840;56.701;14.174;42.527;esterna;150.00;-11.784;-142.066;69.880;185.154;211.946;187.1;98.95
BY-PASS;2;-1;-1;0.037;0.0000;332.42;324.66;328.54;7.77;34.740;117.840;56.701;14.174;42.527;interna;142.00;-3.474;-177.225;43.031;201.078;220.256;187.1;107.46
BY-PASS;2;-1;-1;0.037;0.0000;332.42;324.66;328.54;7.77;34.740;117.840;56.701;14.174;42.527;media;146.00;-7.984;-159.107;56.640;191.783;215.747;187.1;102.49
BY-PASS;2;-1;-1;0.037;0.0000;332.42;324.66;328.54;7.77;34.740;117.840;56.701;14.174;42.527;esterna;150.00;-11.784;-142.066;69.880;185.154;211.946;187.1;98.95
BY-PASS;3;-1;-1;0.053;0.0000;332.41;324.66;328.53;7.76;34.740;117.840;56.701;14.174;42.527;interna;142.00;-3.474;-177.211;43.046;201.074;220.256;187.1;107.46
BY-PASS;3;-1;-1;0.053;0.0000;332.41;324.66;328.53;7.76;34.740;117.840;56.701;14.174;42.527;media;146.00;-7.983;-159.107;56.640;191.783;215.747;187.1;102.49
BY-PASS;3;-1;-1;0.053;0.0000;332.41;324.66;328.53;7.76;34.740;117.840;56.701;14.174;42.527;esterna;150.00;-11.784;-142.080;69.866;185.155;211.946;187.1;98.95
BY-PASS;4;-1;-1;0.070;0.0000;332.41;324.66;328.53;7.76;34.740;117.840;56.701;14.174;42.527;interna;142.00;-3.474;-177.211;43.046;201.074;220.256;187.1;107.46
BY-PASS;4;-1;-1;0.070;0.0000;332.41;324.66;328.53;7.76;34.740;117.840;56.701;14.174;42.527;media;146.00;-7.983;-159.107;56.640;191.783;215.747;187.1;102.49
BY-PASS;4;-1;-1;0.070;0.0000;332.41;324.66;328.53;7.76;34.740;117.840;56.701;14.174;42.527;esterna;150.00;-11.784;-142.080;69.866;185.155;211.946;187.1;98.95
BY-PASS;5;-1;-1;0.087;0.0000;332.40;324.66;328.53;7.75;34.740;117.840;56.701;14.174;42.527;interna;142.00;-3.474;-177.195;43.061;201.069;220.256;187.1;107.45
BY-PASS;5;-1;-1;0.087;0.0000;332.40;324.66;328.53;7.75;34.740;117.840;56.701;14.174;42.527;media;146.00;-7.983;-159.107;56.640;191.783;215.747;187.1;102.49
BY-PASS;5;-1;-1;0.087;0.0000;332.40;324.66;328.53;7.75;34.740;117.840;56.701;14.174;42.527;esterna;150.00;-11.784;-142.095;69.851;185.157;211.946;187.1;98.95
BY-PASS;6;-1;-1;0.105;0.0000;332.40;324.66;328.53;7.75;34.740;117.840;56.701;14.174;42.527;interna;142.00;-3.474;-177.195;43.061;201.069;220.256;187.1;107.45
BY-PASS;6;-1;-1;0.105;0.0000;332.40;324.66;328.53;7.75;34.740;117.840;56.701;14.174;42.527;media;146.00;-7.983;-159.107;56.640;191.783;215.747;187.1;102.49
BY-PASS;6;-1;-1;0.105;0.0000;332.40;324.66;328.53;7.75;34.740;117.840;56.701;14.174;42.527;esterna;150.00;-11.784;-142.095;69.851;185.157;211.946;187.1;98.95
BY-PASS;7;-1;-1;0.124;0.0000;332.40;324.65;328.53;7.74;34.740;117.840;56.701;14.174;42.527;interna;142.00;-3.474;-177.183;43.073;201.065;220.256;187.1;107.45
BY-PASS;7;-1;-1;0.124;0.0000;332.40;324.65;328.53;7.74;34.740;117.840;56.701;14.174;42.527;media;146.00;-7.983;-159.107;56.640;191.783;215.747;187.1;102.49
BY-PASS;7;-1;-1;0.124;0.0000;332.40;324.65;328.53;7.74;34.740;117.840;56.701;14.174;42.527;esterna;150.00;-11.784;-142.107;69.839;185.159;211.946;187.1;98.95
BY-PASS;8;-1;-1;0.144;0.0000;332.40;324.65;328.53;7.74;34.740;117.840;56.701;14.174;42.527;interna;142.00;-3.474;-177.183;43.073;201.065;220.256;187.1;107.45
BY-PASS;8;-1;-1;0.144;0.0000;332.40;324.65;328.53;7.74;34.740;117.840;56.701;14.174;42.527;media;146.00;-7.983;-159.107;56.640;191.783;215.747;187.1;102.49
BY-PASS;8;-1;-1;0.144;0.0000;332.40;324.65;328.53;7.74;34.740;117.840;56.701;14.174;42.527;esterna;150.00;-11.784;-142.107;69.839;185.159;211.946;187.1;98.95
BY-PASS;9;-1;-1;0.164;0.0000;332.39;324.65;328.52;7.73;34.740;117.840;56.701;14.174;42.527;interna;142.00;-3.474;-177.169;43.088;201.060;220.256;187.1;107.45
BY-PASS;9;-1;-1;0.164;0.0000;332.39;324.65;328.52;7.73;34.740;117.840;56.701;14.174;42.527;media;146.00;-7.983;-159.108;56.640;191.783;215.747;187.1;102.49
BY-PASS;9;-1;-1;0.164;0.0000;332.39;324.65;328.52;7.73;34.740;117.840;56.701;14.174;42.527;esterna;150.00;-11.784;-142.120;69.826;185.161;211.946;187.1;98.95
BY-PASS;10;-1;-1;0.185;0.0000;332.39;324.65;328.52;7.73;34.740;117.840;56.701;14.174;42.527;interna;142.00;-3.474;-177.169;43.088;201.060;220.256;187.1;107.45
BY-PASS;10;-1;-1;0.185;0.0000;332.39;324.65;328.52;7.73;34.740;117.840;56.701;14.174;42.527;media;146.00;-7.983;-159.108;56.640;191.783;215.747;187.1;102.49
BY-PASS;10;-1;-1;0.185;0.0000;332.39;324.65;328.52;7.73;34.740;117.840;56.701;14.174;42.527;esterna;150.00;-11.784;-142.120;69.826;185.161;211.946;187.1;98.95
BY-PASS;11;-1;-1;0.207;0.0000;332.38;324.65;328.52;7.73;34.740;117.840;56.701;14.174;42.527;interna;142.00;-3.474;-177.155;43.102;201.056;220.256;187.1;107.44
BY-PASS;11;-1;-1;0.207;0.0000;332.38;324.65;328.52;7.73;34.740;117.840;56.701;14.174;42.527;media;146.00;-7.983;-159.108;56.640;191.784;215.748;187.1;102.49
BY-PASS;11;-1;-1;0.207;0.0000;332.38;324.65;328.52;7.73;34.740;117.840;56.701;14.174;42.527;esterna;150.00;-11.784;-142.134;69.812;185.162;211.946;187.1;98.95
BY-PASS;12;-1;-1;0.230;0.0000;332.37;324.65;328.51;7.72;34.740;117.840;56.701;14.174;42.527;interna;142.00;-3.474;-177.140;43.116;201.052;220.256;187.1;107.44
BY-PASS;12;-1;-1;0.230;0.0000;332.37;324.65;328.51;7.72;34.740;117.840;56.701;14.174;42.527;media;146.00;-7.982;-159.108;56.640;191.784;215.748;187.1;102.49
BY-PASS;12;-1;-1;0.230;0.0000;332.37;324.65;328.51;7.72;34.740;117.840;56.701;14.174;42.527;esterna;150.00;-11.784;-142.148;69.799;185.164;211.946;187.1;98.95
BY-PASS;13;-1;-1;0.254;0.0000;332.37;324.65;328.51;7.72;34.740;117.840;56.701;14.174;42.527;interna;142.00;-3.474;-177.140;43.116;201.052;220.256;187.1;107.44
BY-PASS;13;-1;-1;0.254;0.0000;332.37;324.65;328.51;7.72;34.740;117.840;56.701;14.174;42.527;media;146.00;-7.982;-159.108;56.640;191.784;215.748;187.1;102.49
BY-PASS;13;-1;-1;0.254;0.0000;332.37;324.65;328.51;7.72;34.740;117.840;56.701;14.174;42.527;esterna;150.00;-11.784;-142.148;69.799;185.164;211.946;187.1;98.95
BY-PASS;14;-1;-1;0.279;0.0000;332.36;324.65;328.51;7.71;34.740;117.840;56.701;14.174;42.527;interna;142.00;-3.474;-177.128;43.128;201.048;220.256;187.1;107.44
BY-PASS;14;-1;-1;0.279;0.0000;332.36;324.65;328.51;7.71;34.740;117.840;56.701;14.174;42.527;media;146.00;-7.982;-159.108;56.640;191.784;215.748;187.1;102.49
BY-PASS;14;-1;-1;0.279;0.0000;332.36;324.65;328.51;7.71;34.740;117.840;56.701;14.174;42.527;esterna;150.00;-11.784;-142.160;69.787;185.166;211.946;187.1;98.95
BY-PASS;15;-1;-1;0.305;0.0000;332.35;324.65;328.50;7.70;34.740;117.840;56.701;14.174;42.527;interna;142.00;-3.474;-177.112;43.144;201.043;220.256;187.1;107.44
BY-PASS;15;-1;-1;0.305;0.0000;332.35;324.65;328.50;7.70;34.740;117.840;56.701;14.174;42.527;media;146.00;-7.982;-159.108;56.640;191.784;215.748;187.1;102.49
BY-PASS;15;-1;-1;0.305;0.0000;332.35;324.65;328.50;7.70;34.740;117.840;56.701;14.174;42.527;esterna;150.00;-11.784;-142.175;69.771;185.168;211.946;187.1;98.95
BY-PASS;16;-1;-1;0.332;0.0000;332.35;324.65;328.50;7.70;34.740;117.840;56.701;14.174;42.527;interna;142.00;-3.474;-177.112;43.144;201.043;220.256;187.1;107.44
BY-PASS;16;-1;-1;0.332;0.0000;332.35;324.65;328.50;7.70;34.740;117.840;56.701;14.174;42.527;media;146.00;-7.982;-159.108;56.640;191.784;215.748;187.1;102.49
BY-PASS;16;-1;-1;0.332;0.0000;332.35;324.65;328.50;7.70;34.740;117.840;56.701;14.174;42.527;esterna;150.00;-11.784;-142.175;69.771;185.168;211.946;187.1;98.95
BY-PASS;17;-1;-1;0.360;0.0000;332.35;324.65;328.50;7.69;34.740;117.840;56.701;14.174;42.527;interna;142.00;-3.474;-177.098;43.158;201.038;220.256;187.1;107.43
BY-PASS;17;-1;-1;0.360;0.0000;332.35;324.65;328.50;7.69;34.740;117.840;56.701;14.174;42.527;media;146.00;-7.982;-159.108;56.640;191.784;215.748;187.1;102.49
BY-PASS;17;-1;-1;0.360;0.0000;332.35;324.65;328.50;7.69;34.740;117.840;56.701;14.174;42.527;esterna;150.00;-11.784;-142.188;69.758;185.170;211.946;187.1;98.95
BY-PASS;18;-1;-1;0.390;0.0000;332.34;324.65;328.49;7.69;34.740;117.840;56.701;14.174;42.527;interna;142.00;-3.474;-177.082;43.174;201.033;220.256;187.1;107.43
BY-PASS;18;-1;-1;0.390;0.0000;332.34;324.65;328.49;7.69;34.740;117.840;56.701;14.174;42.527;media;146.00;-7.982;-159.108;56.640;191.785;215.749;187.1;102.49
BY-PASS;18;-1;-1;0.390;0.0000;332.34;324.65;328.49;7.69;34.740;117.840;56.701;14.174;42.527;esterna;150.00;-11.784;-142.204;69.743;185.172;211.946;187.1;98.95
BY-PASS;19;-1;-1;0.420;0.0000;332.33;324.65;328.49;7.68;34.740;117.840;56.701;14.174;42.527;interna;142.00;-3.474;-177.070;43.186;201.029;220.256;187.1;107.43
BY-PASS;19;-1;-1;0.420;0.0000;332.33;324.65;328.49;7.68;34.740;117.840;56.701;14.174;42.527;media;146.00;-7.981;-159.108;56.640;191.785;215.749;187.1;102.49
BY-PASS;19;-1;-1;0.420;0.0000;332.33;324.65;328.49;7.68;34.740;117.840;56.701;14.174;42.527;esterna;150.00;-11.784;-142.216;69.731;185.173;211.946;187.1;98.95
BY-PASS;20;-1;-1;0.452;0.0000;332.33;324.65;328.49;7.68;34.740;117.840;56.701;14.174;42.527;interna;142.00;-3.474;-177.070;43.186;201.029;220.256;187.1;107.43
BY-PASS;20;-1;-1;0.452;0.0000;332.33;324.65;328.49;7.68;34.740;117.840;56.701;14.174;42.527;media;146.00;-7.981;-159.108;56.640;191.785;215.749;187.1;102.49
BY-PASS;20;-1;-1;0.452;0.0000;332.33;324.65;328.49;7.68;34.740;117.840;56.701;14.174;42.527;esterna;150.00;-11.784;-142.216;69.731;185.173;211.946;187.1;98.95
BY-PASS;21;-1;-1;0.485;0.0000;332.32;324.65;328.49;7.67;34.740;117.840;56.701;14.174;42.527;interna;142.00;-3.474;-177.056;43.200;201.025;220.256;187.1;107.42
BY-PASS;21;-1;-1;0.485;0.0000;332.32;324.65;328.49;7.67;34.740;117.840;56.701;14.174;42.527;media;146.00;-7.981;-159.109;56.640;191.785;215.749;187.1;102.49
BY-PASS;21;-1;-1;0.485;0.0000;332.32;324.65;328.49;7.67;34.740;117.840;56.701;14.174;42.527;esterna;150.00;-11.784;-142.229;69.717;185.175;211.946;187.1;98.95
BY-PASS;22;-1;-1;0.520;0.0000;332.31;324.65;328.48;7.66;34.740;117.840;56.701;14.174;42.527;interna;142.00;-3.474;-177.042;43.214;201.020;220.256;187.1;107.42
BY-PASS;22;-1;-1;0.520;0.0000;332.31;324.65;328.48;7.66;34.740;117.840;56.701;14.174;42.527;media;146.00;-7.981;-159.109;56.640;191.785;215.749;187.1;102.49
BY-PASS;22;-1;-1;0.520;0.0000;332.31;324.65;328.48;7.66;34.740;117.840;56.701;14.174;42.527;esterna;150.00;-11.784;-142.243;69.703;185.177;211.946;187.1;98.95
BY-PASS;23;-1;-1;0.556;0.0000;332.31;324.65;328.48;7.66;34.740;117.840;56.701;14.174;42.527;interna;142.00;-3.474;-177.029;43.227;201.016;220.256;187.1;107.42
BY-PASS;23;-1;-1;0.556;0.0000;332.31;324.65;328.48;7.66;34.740;117.840;56.701;14.174;42.527;media;146.00;-7.981;-159.109;56.640;191.785;215.749;187.1;102.49
BY-PASS;23;-1;-1;0.556;0.0000;332.31;324.65;328.48;7.66;34.740;117.840;56.701;14.174;42.527;esterna;150.00;-11.784;-142.255;69.691;185.178;211.946;187.1;98.95
BY-PASS;24;-1;-1;0.593;0.0000;332.30;324.65;328.47;7.65;34.740;117.840;56.701;14.174;42.527;interna;142.00;-3.474;-177.014;43.243;201.011;220.256;187.1;107.41
BY-PASS;24;-1;-1;0.593;0.0000;332.30;324.65;328.47;7.65;34.740;117.840;56.701;14.174;42.527;media;146.00;-7.981;-159.109;56.640;191.786;215.749;187.1;102.48
BY-PASS;24;-1;-1;0.593;0.0000;332.30;324.65;328.47;7.65;34.740;117.840;56.701;14.174;42.527;esterna;150.00;-11.784;-142.270;69.676;185.180;211.946;187.1;98.95
BY-PASS;25;-1;-1;0.632;0.0000;332.29;324.65;328.47;7.64;34.740;117.840;56.701;14.174;42.527;interna;142.00;-3.474;-176.999;43.257;201.007;220.256;187.1;107.41
BY-PASS;25;-1;-1;0.632;0.0000;332.29;324.65;328.47;7.64;34.740;117.840;56.701;14.174;42.527;media;146.00;-7.980;-159.109;56.641;191.786;215.750;187.1;102.48
BY-PASS;25;-1;-1;0.632;0.0000;332.29;324.65;328.47;7.64;34.740;117.840;56.701;14.174;42.527;esterna;150.00;-11.784;-142.284;69.663;185.182;211.946;187.1;98.96
BY-PASS;26;-1;-1;0.672;0.0000;332.28;324.65;328.46;7.63;34.740;117.840;56.701;14.174;42.527;interna;142.00;-3.474;-176.985;43.271;201.003;220.256;187.1;107.41
BY-PASS;26;-1;-1;0.672;0.0000;332.28;324.65;328.46;7.63;34.740;117.840;56.701;14.174;42.527;media;146.00;-7.980;-159.109;56.641;191.786;215.750;187.1;102.48
BY-PASS;26;-1;-1;0.672;0.0000;332.28;324.65;328.46;7.63;34.740;117.840;56.701;14.174;42.527;esterna;150.00;-11.784;-142.297;69.649;185.184;211.946;187.1;98.96
BY-PASS;27;-1;-1;0.715;0.0000;332.27;324.65;328.46;7.62;34.740;117.840;56.701;14.174;42.527;interna;142.00;-3.474;-176.973;43.283;200.999;220.256;187.1;107.41
BY-PASS;27;-1;-1;0.715;0.0000;332.27;324.65;328.46;7.62;34.740;117.840;56.701;14.174;42.527;media;146.00;-7.980;-159.109;56.641;191.786;215.750;187.1;102.48
BY-PASS;27;-1;-1;0.715;0.0000;332.27;324.65;328.46;7.62;34.740;117.840;56.701;14.174;42.527;esterna;150.00;-11.784;-142.309;69.637;185.186;211.946;187.1;98.96
BY-PASS;28;-1;-1;0.759;0.0000;332.26;324.65;328.46;7.61;34.740;117.840;56.701;14.174;42.527;interna;142.00;-3.474;-176.957;43.299;200.994;220.256;187.1;107.40
BY-PASS;28;-1;-1;0.759;0.0000;332.26;324.65;328.46;7.61;34.740;117.840;56.701;14.174;42.527;media;146.00;-7.980;-159.109;56.641;191.787;215.750;187.1;102.48
BY-PASS;28;-1;-1;0.759;0.0000;332.26;324.65;328.46;7.61;34.740;117.840;56.701;14.174;42.527;esterna;150.00;-11.784;-142.324;69.622;185.188;211.946;187.1;98.96
BY-PASS;29;-1;-1;0.804;0.0000;332.25;324.65;328.45;7.60;34.740;117.840;56.701;14.174;42.527;interna;142.00;-3.474;-176.929;43.327;200.985;220.256;187.1;107.40
BY-PASS;29;-1;-1;0.804;0.0000;332.25;324.65;328.45;7.60;34.740;117.840;56.701;14.174;42.527;media;146.00;-7.980;-159.110;56.641;191.787;215.751;187.1;102.48
BY-PASS;29;-1;-1;0.804;0.0000;332.25;324.65;328.45;7.60;34.740;117.840;56.701;14.174;42.527;esterna;150.00;-11.784;-142.351;69.595;185.191;211.946;187.1;98.96
BY-PASS;30;-1;-1;0.852;0.0000;332.24;324.65;328.44;7.59;34.740;117.840;56.701;14.174;42.527;interna;142.00;-3.474;-176.917;43.339;200.981;220.256;187.1;107.39
BY-PASS;30;-1;-1;0.852;0.0000;332.24;324.65;328.44;7.59;34.740;117.840;56.701;14.174;42.527;media;146.00;-7.979;-159.110;56.641;191.787;215.751;187.1;102.48
BY-PASS;30;-1;-1;0.852;0.0000;332.24;324.65;328.44;7.59;34.740;117.840;56.701;14.174;42.527;esterna;150.00;-11.784;-142.363;69.583;185.193;211.946;187.1;98.96
BY-PASS;31;-1;-1;0.902;0.0000;332.23;324.65;328.44;7.58;34.740;117.840;56.701;14.174;42.527;interna;142.00;-3.474;-176.900;43.356;200.976;220.256;187.1;107.39
BY-PASS;31;-1;-1;0.902;0.0000;332.23;324.65;328.44;7.58;34.740;117.840;56.701;14.174;42.527;media;146.00;-7.979;-159.110;56.641;191.787;215.751;187.1;102.48
BY-PASS;31;-1;-1;0.902;0.0000;332.23;324.65;328.44;7.58;34.740;117.840;56.701;14.174;42.527;esterna;150.00;-11.784;-142.379;69.567;185.195;211.946;187.1;98.96
BY-PASS;32;-1;-1;0.953;0.0000;332.22;324.65;328.43;7.57;34.740;117.840;56.701;14.174;42.527;interna;142.00;-3.474;-176.887;43.369;200.972;220.256;187.1;107.39
BY-PASS;32;-1;-1;0.953;0.0000;332.22;324.65;328.43;7.57;34.740;117.840;56.701;14.174;42.527;media;146.00;-7.979;-159.110;56.641;191.788;215.751;187.1;102.48
BY-PASS;32;-1;-1;0.953;0.0000;332.22;324.65;328.43;7.57;34.740;117.840;56.701;14.174;42.527;esterna;150.00;-11.784;-142.392;69.554;185.197;211.946;187.1;98.96
BY-PASS;33;-1;-1;1.007;0.0000;332.20;324.64;328.42;7.56;34.740;117.840;56.701;14.174;42.527;interna;142.00;-3.474;-176.861;43.395;200.963;220.256;187.1;107.38
BY-PASS;33;-1;-1;1.007;0.0000;332.20;324.64;328.42;7.56;34.740;117.840;56.701;14.174;42.527;media;146.00;-7.979;-159.110;56.641;191.788;215.752;187.1;102.48
BY-PASS;33;-1;-1;1.007;0.0000;332.20;324.64;328.42;7.56;34.740;117.840;56.701;14.174;42.527;esterna;150.00;-11.784;-142.417;69.529;185.200;211.946;187.1;98.96
BY-PASS;34;-1;-1;1.063;0.0000;332.20;324.64;328.42;7.55;34.740;117.840;56.701;14.174;42.527;interna;142.00;-3.474;-176.845;43.411;200.958;220.256;187.1;107.38
BY-PASS;34;-1;-1;1.063;0.0000;332.20;324.64;328.42;7.55;34.740;117.840;56.701;14.174;42.527;media;146.00;-7.978;-159.111;56.641;191.788;215.752;187.1;102.48
BY-PASS;34;-1;-1;1.063;0.0000;332.20;324.64;328.42;7.55;34.740;117.840;56.701;14.174;42.527;esterna;150.00;-11.784;-142.432;69.514;185.202;211.946;187.1;98.96
BY-PASS;35;-1;-1;1.122;0.0000;332.18;324.64;328.41;7.53;34.740;117.840;56.701;14.174;42.527;interna;142.00;-3.474;-176.815;43.441;200.949;220.256;187.1;107.37
BY-PASS;35;-1;-1;1.122;0.0000;332.18;324.64;328.41;7.53;34.740;117.840;56.701;14.174;42.527;media;146.00;-7.978;-159.111;56.641;191.789;215.752;187.1;102.48
BY-PASS;35;-1;-1;1.122;0.0000;332.18;324.64;328.41;7.53;34.740;117.840;56.701;14.174;42.527;esterna;150.00;-11.784;-142.461;69.485;185.206;211.946;187.1;98.96
BY-PASS;36;-1;-1;1.182;0.0000;332.17;324.64;328.41;7.53;34.740;117.840;56.701;14.174;42.527;interna;142.00;-3.474;-176.803;43.453;200.945;220.256;187.2;107.37
BY-PASS;36;-1;-1;1.182;0.0000;332.17;324.64;328.41;7.53;34.740;117.840;56.701;14.174;42.527;media;146.00;-7.978;-159.111;56.641;191.789;215.752;187.2;102.48
BY-PASS;36;-1;-1;1.182;0.0000;332.17;324.64;328.41;7.53;34.740;117.840;56.701;14.174;42.527;esterna;150.00;-11.784;-142.473;69.473;185.207;211.946;187.2;98.96
BY-PASS;37;-1;-1;1.246;0.0000;332.15;324.64;328.40;7.51;34.740;117.840;56.701;14.174;42.527;interna;142.00;-3.474;-176.775;43.481;200.936;220.256;187.2;107.37
BY-PASS;37;-1;-1;1.246;0.0000;332.15;324.64;328.40;7.51;34.740;117.840;56.701;14.174;42.527;media;146.00;-7.977;-159.111;56.642;191.789;215.753;187.2;102.48
BY-PASS;37;-1;-1;1.246;0.0000;332.15;324.64;328.40;7.51;34.740;117.840;56.701;14.174;42.527;esterna;150.00;-11.784;-142.500;69.446;185.211;211.946;187.2;98.96
BY-PASS;38;-1;-1;1.311;0.0000;332.14;324.64;328.39;7.49;34.740;117.840;56.701;14.174;42.527;interna;142.00;-3.474;-176.746;43.510;200.927;220.256;187.2;107.36
BY-PASS;38;-1;-1;1.311;0.0000;332.14;324.64;328.39;7.49;34.740;117.840;56.701;14.174;42.527;media;146.00;-7.977;-159.111;56.642;191.790;215.753;187.2;102.48
BY-PASS;38;-1;-1;1.311;0.0000;332.14;324.64;328.39;7.49;34.740;117.840;56.701;14.174;42.527;esterna;150.00;-11.784;-142.528;69.419;185.215;211.946;187.2;98.96
BY-PASS;39;-1;-1;1.380;0.0000;332.13;324.64;328.38;7.49;34.740;117.840;56.701;14.174;42.527;interna;142.00;-3.474;-176.733;43.523;200.923;220.256;187.2;107.36
BY-PASS;39;-1;-1;1.380;0.0000;332.13;324.64;328.38;7.49;34.740;117.840;56.701;14.174;42.527;media;146.00;-7.977;-159.112;56.642;191.790;215.753;187.2;102.48
BY-PASS;39;-1;-1;1.380;0.0000;332.13;324.64;328.38;7.49;34.740;117.840;56.701;14.174;42.527;esterna;150.00;-11.784;-142.540;69.406;185.216;211.946;187.2;98.96
BY-PASS;40;-1;-1;1.452;0.0000;332.11;324.64;328.38;7.47;34.740;117.840;56.701;14.174;42.527;interna;142.00;-3.474;-176.705;43.551;200.914;220.256;187.2;107.35
BY-PASS;40;-1;-1;1.452;0.0000;332.11;324.64;328.38;7.47;34.740;117.840;56.701;14.174;42.527;media;146.00;-7.977;-159.112;56.642;191.790;215.754;187.2;102.48
BY-PASS;40;-1;-1;1.452;0.0000;332.11;324.64;328.38;7.47;34.740;117.840;56.701;14.174;42.527;esterna;150.00;-11.784;-142.567;69.379;185.220;211.946;187.2;98.96
BY-PASS;41;-1;-1;1.526;0.0000;332.09;324.64;328.37;7.45;34.740;117.840;56.701;14.174;42.527;interna;142.00;-3.474;-176.676;43.580;200.905;220.256;187.2;107.34
BY-PASS;41;-1;-1;1.526;0.0000;332.09;324.64;328.37;7.45;34.740;117.840;56.701;14.174;42.527;media;146.00;-7.976;-159.112;56.642;191.791;215.754;187.2;102.47
BY-PASS;41;-1;-1;1.526;0.0000;332.09;324.64;328.37;7.45;34.740;117.840;56.701;14.174;42.527;esterna;150.00;-11.784;-142.595;69.351;185.224;211.946;187.2;98.97
BY-PASS;42;-1;-1;1.603;0.0000;332.08;324.64;328.36;7.44;34.740;117.840;56.701;14.174;42.527;interna;142.00;-3.474;-176.651;43.605;200.897;220.256;187.2;107.34
BY-PASS;42;-1;-1;1.603;0.0000;332.08;324.64;328.36;7.44;34.740;117.840;56.701;14.174;42.527;media;146.00;-7.976;-159.112;56.642;191.791;215.754;187.2;102.47
BY-PASS;42;-1;-1;1.603;0.0000;332.08;324.64;328.36;7.44;34.740;117.840;56.701;14.174;42.527;esterna;150.00;-11.784;-142.619;69.327;185.227;211.946;187.2;98.97
BY-PASS;43;-1;-1;1.684;0.0000;332.06;324.64;328.35;7.42;34.740;117.840;56.701;14.174;42.527;interna;142.00;-3.474;-176.621;43.635;200.888;220.256;187.2;107.33
BY-PASS;43;-1;-1;1.684;0.0000;332.06;324.64;328.35;7.42;34.740;117.840;56.701;14.174;42.527;media;146.00;-7.975;-159.113;56.642;191.792;215.755;187.2;102.47
BY-PASS;43;-1;-1;1.684;0.0000;332.06;324.64;328.35;7.42;34.740;117.840;56.701;14.174;42.527;esterna;150.00;-11.784;-142.649;69.297;185.231;211.946;187.2;98.97
BY-PASS;44;-1;-1;1.768;0.0000;332.05;324.64;328.34;7.41;34.740;117.840;56.701;14.174;42.527;interna;142.00;-3.474;-176.595;43.661;200.880;220.256;187.2;107.33
BY-PASS;44;-1;-1;1.768;0.0000;332.05;324.64;328.34;7.41;34.740;117.840;56.701;14.174;42.527;media;146.00;-7.975;-159.113;56.642;191.792;215.755;187.2;102.47
BY-PASS;44;-1;-1;1.768;0.0000;332.05;324.64;328.34;7.41;34.740;117.840;56.701;14.174;42.527;esterna;150.00;-11.784;-142.673;69.273;185.234;211.946;187.2;98.97
BY-PASS;45;-1;-1;1.855;0.0000;332.02;324.64;328.33;7.38;34.740;117.840;56.701;14.174;42.527;interna;142.00;-3.474;-176.551;43.705;200.866;220.256;187.2;107.32
BY-PASS;45;-1;-1;1.855;0.0000;332.02;324.64;328.33;7.38;34.740;117.840;56.701;14.174;42.527;media;146.00;-7.974;-159.113;56.643;191.793;215.756;187.2;102.47
BY-PASS;45;-1;-1;1.855;0.0000;332.02;324.64;328.33;7.38;34.740;117.840;56.701;14.174;42.527;esterna;150.00;-11.784;-142.716;69.230;185.240;211.946;187.2;98.97
BY-PASS;46;-1;-1;1.947;0.0000;332.00;324.63;328.32;7.37;34.740;117.840;56.701;14.174;42.527;interna;142.00;-3.474;-176.523;43.733;200.857;220.256;187.2;107.31
BY-PASS;46;-1;-1;1.947;0.0000;332.00;324.63;328.32;7.37;34.740;117.840;56.701;14.174;42.527;media;146.00;-7.974;-159.113;56.643;191.793;215.756;187.2;102.47
BY-PASS;46;-1;-1;1.947;0.0000;332.00;324.63;328.32;7.37;34.740;117.840;56.701;14.174;42.527;esterna;150.00;-11.784;-142.743;69.204;185.244;211.946;187.2;98.97
BY-PASS;47;-1;-1;2.041;0.0000;331.99;324.63;328.31;7.35;34.740;117.840;56.701;14.174;42.527;interna;142.00;-3.474;-176.495;43.761;200.848;220.256;187.2;107.31
BY-PASS;47;-1;-1;2.041;0.0000;331.99;324.63;328.31;7.35;34.740;117.840;56.701;14.174;42.527;media;146.00;-7.974;-159.114;56.643;191.793;215.756;187.2;102.47
BY-PASS;47;-1;-1;2.041;0.0000;331.99;324.63;328.31;7.35;34.740;117.840;56.701;14.174;42.527;esterna;150.00;-11.784;-142.770;69.176;185.247;211.946;187.2;98.97
BY-PASS;48;-1;-1;2.140;0.0000;331.96;324.63;328.30;7.33;34.740;117.840;56.701;14.174;42.527;interna;142.00;-3.474;-176.455;43.801;200.836;220.256;187.2;107.30
BY-PASS;48;-1;-1;2.140;0.0000;331.96;324.63;328.30;7.33;34.740;117.840;56.701;14.174;42.527;media;146.00;-7.973;-159.114;56.643;191.794;215.757;187.2;102.47
BY-PASS;48;-1;-1;2.140;0.0000;331.96;324.63;328.30;7.33;34.740;117.840;56.701;14.174;42.527;esterna;150.00;-11.784;-142.809;69.138;185.252;211.946;187.2;98.97
BY-PASS;49;-1;-1;2.243;0.0000;331.94;324.63;328.29;7.31;34.740;117.840;56.701;14.174;42.527;interna;142.00;-3.474;-176.426;43.830;200.827;220.256;187.2;107.29
BY-PASS;49;-1;-1;2.243;0.0000;331.94;324.63;328.29;7.31;34.740;117.840;56.701;14.174;42.527;media;146.00;-7.973;-159.114;56.643;191.794;215.757;187.2;102.47
BY-PASS;49;-1;-1;2.243;0.0000;331.94;324.63;328.29;7.31;34.740;117.840;56.701;14.174;42.527;esterna;150.00;-11.784;-142.836;69.110;185.256;211.946;187.2;98.97
BY-PASS;50;-1;-1;2.350;0.0000;331.92;324.63;328.27;7.29;34.740;117.840;56.701;14.174;42.527;interna;142.00;-3.474;-176.385;43.872;200.814;220.256;187.2;107.28
BY-PASS;50;-1;-1;2.350;0.0000;331.92;324.63;328.27;7.29;34.740;117.840;56.701;14.174;42.527;media;146.00;-7.972;-159.115;56.643;191.795;215.758;187.2;102.47
BY-PASS;50;-1;-1;2.350;0.0000;331.92;324.63;328.27;7.29;34.740;117.840;56.701;14.174;42.527;esterna;150.00;-11.784;-142.876;69.070;185.262;211.946;187.2;98.98
BY-PASS;51;-1;-1;2.461;0.0000;331.89;324.63;328.26;7.27;34.740;117.840;56.701;14.174;42.527;interna;142.00;-3.474;-176.343;43.913;200.801;220.256;187.2;107.28
BY-PASS;51;-1;-1;2.461;0.0000;331.89;324.63;328.26;7.27;34.740;117.840;56.701;14.174;42.527;media;146.00;-7.972;-159.115;56.644;191.796;215.759;187.2;102.46
BY-PASS;51;-1;-1;2.461;0.0000;331.89;324.63;328.26;7.27;34.740;117.840;56.701;14.174;42.527;esterna;150.00;-11.784;-142.916;69.030;185.267;211.946;187.2;98.98
BY-PASS;52;-1;-1;2.578;0.0000;331.87;324.63;328.25;7.24;34.740;117.840;56.701;14.174;42.527;interna;142.00;-3.474;-176.302;43.954;200.788;220.256;187.2;107.27
BY-PASS;52;-1;-1;2.578;0.0000;331.87;324.63;328.25;7.24;34.740;117.840;56.701;14.174;42.527;media;146.00;-7.971;-159.115;56.644;191.796;215.759;187.2;102.46
BY-PASS;52;-1;-1;2.578;0.0000;331.87;324.63;328.25;7.24;34.740;117.840;56.701;14.174;42.527;esterna;150.00;-11.784;-142.956;68.990;185.272;211.946;187.2;98.98
BY-PASS;53;-1;-1;2.698;0.0000;331.84;324.63;328.24;7.22;34.740;117.840;56.701;14.174;42.527;interna;142.00;-3.474;-176.260;43.996;200.775;220.256;187.2;107.26
BY-PASS;53;-1;-1;2.698;0.0000;331.84;324.63;328.24;7.22;34.740;117.840;56.701;14.174;42.527;media;146.00;-7.971;-159.116;56.644;191.797;215.760;187.2;102.46
BY-PASS;53;-1;-1;2.698;0.0000;331.84;324.63;328.24;7.22;34.740;117.840;56.701;14.174;42.527;esterna;150.00;-11.784;-142.996;68.950;185.278;211.946;187.2;98.98
BY-PASS;54;-1;-1;2.824;0.0000;331.82;324.62;328.22;7.20;34.740;117.840;56.701;14.174;42.527;interna;142.00;-3.474;-176.219;44.037;200.762;220.256;187.2;107.25
BY-PASS;54;-1;-1;2.824;0.0000;331.82;324.62;328.22;7.20;34.740;117.840;56.701;14.174;42.527;media;146.00;-7.970;-159.116;56.644;191.798;215.760;187.2;102.46
BY-PASS;54;-1;-1;2.824;0.0000;331.82;324.62;328.22;7.20;34.740;117.840;56.701;14.174;42.527;esterna;150.00;-11.784;-143.036;68.910;185.283;211.946;187.2;98.98
BY-PASS;55;-1;-1;2.955;0.0000;331.79;324.62;328.21;7.17;34.740;117.840;56.701;14.174;42.527;interna;142.00;-3.474;-176.178;44.078;200.749;220.256;187.2;107.24
BY-PASS;55;-1;-1;2.955;0.0000;331.79;324.62;328.21;7.17;34.740;117.840;56.701;14.174;42.527;media;146.00;-7.969;-159.116;56.644;191.798;215.761;187.2;102.46
BY-PASS;55;-1;-1;2.955;0.0000;331.79;324.62;328.21;7.17;34.740;117.840;56.701;14.174;42.527;esterna;150.00;-11.784;-143.076;68.870;185.289;211.946;187.2;98.98
BY-PASS;56;-1;-1;3.092;0.0000;331.77;324.62;328.20;7.15;34.740;117.840;56.701;14.174;42.527;interna;142.00;-3.474;-176.137;44.120;200.737;220.256;187.2;107.23
BY-PASS;56;-1;-1;3.092;0.0000;331.77;324.62;328.20;7.15;34.740;117.840;56.701;14.174;42.527;media;146.00;-7.969;-159.117;56.644;191.799;215.761;187.2;102.46
BY-PASS;56;-1;-1;3.092;0.0000;331.77;324.62;328.20;7.15;34.740;117.840;56.701;14.174;42.527;esterna;150.00;-11.784;-143.115;68.831;185.294;211.946;187.2;98.98
BY-PASS;57;-1;-1;3.234;0.0000;331.74;324.62;328.18;7.12;34.740;117.840;56.701;14.174;42.527;interna;142.00;-3.474;-176.082;44.175;200.719;220.256;187.2;107.22
BY-PASS;57;-1;-1;3.234;0.0000;331.74;324.62;328.18;7.12;34.740;117.840;56.701;14.174;42.527;media;146.00;-7.968;-159.117;56.645;191.800;215.762;187.2;102.46
BY-PASS;57;-1;-1;3.234;0.0000;331.74;324.62;328.18;7.12;34.740;117.840;56.701;14.174;42.527;esterna;150.00;-11.784;-143.168;68.778;185.301;211.946;187.2;98.99
BY-PASS;58;-1;-1;3.382;0.0000;331.71;324.62;328.17;7.09;34.740;117.840;56.701;14.174;42.527;interna;142.00;-3.474;-176.042;44.215;200.707;220.256;187.2;107.21
BY-PASS;58;-1;-1;3.382;0.0000;331.71;324.62;328.17;7.09;34.740;117.840;56.701;14.174;42.527;media;146.00;-7.968;-159.118;56.645;191.800;215.763;187.2;102.46
BY-PASS;58;-1;-1;3.382;0.0000;331.71;324.62;328.17;7.09;34.740;117.840;56.701;14.174;42.527;esterna;150.00;-11.784;-143.207;68.739;185.307;211.946;187.2;98.99
BY-PASS;59;-1;-1;3.536;0.0000;331.68;324.62;328.15;7.06;34.740;117.840;56.701;14.174;42.527;interna;142.00;-3.474;-175.986;44.270;200.690;220.256;187.2;107.20
BY-PASS;59;-1;-1;3.536;0.0000;331.68;324.62;328.15;7.06;34.740;117.840;56.701;14.174;42.527;media;146.00;-7.967;-159.118;56.645;191.801;215.763;187.2;102.45
BY-PASS;59;-1;-1;3.536;0.0000;331.68;324.62;328.15;7.06;34.740;117.840;56.701;14.174;42.527;esterna;150.00;-11.784;-143.261;68.685;185.314;211.946;187.2;98.99
BY-PASS;60;-1;-1;3.697;0.0000;331.65;324.62;328.13;7.03;34.740;117.840;56.701;14.174;42.527;interna;142.00;-3.474;-175.931;44.325;200.673;220.256;187.2;107.19
BY-PASS;60;-1;-1;3.697;0.0000;331.65;324.62;328.13;7.03;34.740;117.840;56.701;14.174;42.527;media;146.00;-7.966;-159.119;56.645;191.802;215.764;187.2;102.45
BY-PASS;60;-1;-1;3.697;0.0000;331.65;324.62;328.13;7.03;34.740;117.840;56.701;14.174;42.527;esterna;150.00;-11.784;-143.314;68.633;185.321;211.946;187.2;98.99
BY-PASS;61;-1;-1;3.864;0.0000;331.61;324.61;328.11;7.00;34.740;117.840;56.701;14.174;42.527;interna;142.00;-3.474;-175.877;44.380;200.656;220.256;187.2;107.18
BY-PASS;61;-1;-1;3.864;0.0000;331.61;324.61;328.11;7.00;34.740;117.840;56.701;14.174;42.527;media;146.00;-7.965;-159.119;56.646;191.803;215.765;187.2;102.45
BY-PASS;61;-1;-1;3.864;0.0000;331.61;324.61;328.11;7.00;34.740;117.840;56.701;14.174;42.527;esterna;150.00;-11.784;-143.366;68.580;185.329;211.946;187.2;98.99
BY-PASS;62;-1;-1;4.038;0.0000;331.58;324.61;328.10;6.97;34.740;117.840;56.701;14.174;42.527;interna;142.00;-3.474;-175.822;44.434;200.639;220.256;187.2;107.17
BY-PASS;62;-1;-1;4.038;0.0000;331.58;324.61;328.10;6.97;34.740;117.840;56.701;14.174;42.527;media;146.00;-7.965;-159.120;56.646;191.803;215.766;187.2;102.45
BY-PASS;62;-1;-1;4.038;0.0000;331.58;324.61;328.10;6.97;34.740;117.840;56.701;14.174;42.527;esterna;150.00;-11.784;-143.419;68.528;185.336;211.946;187.2;98.99
BY-PASS;63;-1;-1;4.219;0.0000;331.54;324.61;328.07;6.93;34.740;117.840;56.701;14.174;42.527;interna;142.00;-3.474;-175.754;44.502;200.618;220.256;187.2;107.15
BY-PASS;63;-1;-1;4.219;0.0000;331.54;324.61;328.07;6.93;34.740;117.840;56.701;14.174;42.527;media;146.00;-7.964;-159.120;56.646;191.804;215.766;187.2;102.45
BY-PASS;63;-1;-1;4.219;0.0000;331.54;324.61;328.07;6.93;34.740;117.840;56.701;14.174;42.527;esterna;150.00;-11.784;-143.484;68.462;185.345;211.946;187.2;99.00
BY-PASS;64;-1;-1;4.407;0.0000;331.51;324.61;328.06;6.90;34.740;117.840;56.701;14.174;42.527;interna;142.00;-3.474;-175.700;44.556;200.601;220.256;187.2;107.14
BY-PASS;64;-1;-1;4.407;0.0000;331.51;324.61;328.06;6.90;34.740;117.840;56.701;14.174;42.527;media;146.00;-7.963;-159.121;56.646;191.805;215.767;187.2;102.45
BY-PASS;64;-1;-1;4.407;0.0000;331.51;324.61;328.06;6.90;34.740;117.840;56.701;14.174;42.527;esterna;150.00;-11.784;-143.536;68.410;185.352;211.946;187.2;99.00
BY-PASS;65;-1;-1;4.604;0.0000;331.47;324.61;328.04;6.86;34.740;117.840;56.701;14.174;42.527;interna;142.00;-3.474;-175.632;44.624;200.580;220.256;187.2;107.13
BY-PASS;65;-1;-1;4.604;0.0000;331.47;324.61;328.04;6.86;34.740;117.840;56.701;14.174;42.527;media;146.00;-7.962;-159.121;56.647;191.806;215.768;187.2;102.44
BY-PASS;65;-1;-1;4.604;0.0000;331.47;324.61;328.04;6.86;34.740;117.840;56.701;14.174;42.527;esterna;150.00;-11.784;-143.602;68.344;185.361;211.946;187.2;99.00
BY-PASS;66;-1;-1;4.809;0.0000;331.43;324.60;328.01;6.82;34.740;117.840;56.701;14.174;42.527;interna;142.00;-3.474;-175.565;44.692;200.559;220.256;187.2;107.12
BY-PASS;66;-1;-1;4.809;0.0000;331.43;324.60;328.01;6.82;34.740;117.840;56.701;14.174;42.527;media;146.00;-7.961;-159.122;56.647;191.807;215.769;187.2;102.44
BY-PASS;66;-1;-1;4.809;0.0000;331.43;324.60;328.01;6.82;34.740;117.840;56.701;14.174;42.527;esterna;150.00;-11.784;-143.667;68.279;185.370;211.946;187.2;99.00
BY-PASS;67;-1;-1;5.022;0.0000;331.39;324.60;327.99;6.78;34.740;117.840;56.701;14.174;42.527;interna;142.00;-3.474;-175.497;44.759;200.538;220.256;187.2;107.10
BY-PASS;67;-1;-1;5.022;0.0000;331.39;324.60;327.99;6.78;34.740;117.840;56.701;14.174;42.527;media;146.00;-7.960;-159.123;56.647;191.808;215.770;187.2;102.44
BY-PASS;67;-1;-1;5.022;0.0000;331.39;324.60;327.99;6.78;34.740;117.840;56.701;14.174;42.527;esterna;150.00;-11.784;-143.732;68.214;185.380;211.946;187.2;99.01
BY-PASS;68;-1;-1;5.243;0.0000;331.35;324.60;327.97;6.75;34.740;117.840;56.701;14.174;42.527;interna;142.00;-3.474;-175.430;44.826;200.517;220.256;187.2;107.09
BY-PASS;68;-1;-1;5.243;0.0000;331.35;324.60;327.97;6.75;34.740;117.840;56.701;14.174;42.527;media;146.00;-7.959;-159.123;56.648;191.809;215.771;187.2;102.44
BY-PASS;68;-1;-1;5.243;0.0000;331.35;324.60;327.97;6.75;34.740;117.840;56.701;14.174;42.527;esterna;150.00;-11.784;-143.797;68.149;185.389;211.946;187.2;99.01
BY-PASS;69;-1;-1;5.474;0.0000;331.30;324.60;327.95;6.71;34.740;117.840;56.701;14.174;42.527;interna;142.00;-3.474;-175.363;44.894;200.497;220.256;187.3;107.07
BY-PASS;69;-1;-1;5.474;0.0000;331.30;324.60;327.95;6.71;34.740;117.840;56.701;14.174;42.527;media;146.00;-7.958;-159.124;56.648;191.810;215.772;187.3;102.43
BY-PASS;69;-1;-1;5.474;0.0000;331.30;324.60;327.95;6.71;34.740;117.840;56.701;14.174;42.527;esterna;150.00;-11.784;-143.862;68.085;185.398;211.946;187.3;99.01
BY-PASS;70;-1;-1;5.715;0.0000;331.26;324.59;327.92;6.66;34.740;117.840;56.701;14.174;42.527;interna;142.00;-3.474;-175.282;44.974;200.472;220.256;187.3;107.06
BY-PASS;70;-1;-1;5.715;0.0000;331.26;324.59;327.92;6.66;34.740;117.840;56.701;14.174;42.527;media;146.00;-7.957;-159.125;56.648;191.811;215.773;187.3;102.43
BY-PASS;70;-1;-1;5.715;0.0000;331.26;324.59;327.92;6.66;34.740;117.840;56.701;14.174;42.527;esterna;150.00;-11.784;-143.939;68.007;185.409;211.946;187.3;99.01
BY-PASS;71;-1;-1;5.965;0.0000;331.21;324.59;327.90;6.62;34.740;117.840;56.701;14.174;42.527;interna;142.00;-3.474;-175.202;45.054;200.447;220.256;187.3;107.04
BY-PASS;71;-1;-1;5.965;0.0000;331.21;324.59;327.90;6.62;34.740;117.840;56.701;14.174;42.527;media;146.00;-7.956;-159.125;56.649;191.813;215.774;187.3;102.43
BY-PASS;71;-1;-1;5.965;0.0000;331.21;324.59;327.90;6.62;34.740;117.840;56.701;14.174;42.527;esterna;150.00;-11.784;-144.016;67.930;185.420;211.946;187.3;99.02
BY-PASS;72;-1;-1;6.226;0.0000;331.16;324.59;327.87;6.57;34.740;117.840;56.701;14.174;42.527;interna;142.00;-3.474;-175.122;45.134;200.423;220.256;187.3;107.02
BY-PASS;72;-1;-1;6.226;0.0000;331.16;324.59;327.87;6.57;34.740;117.840;56.701;14.174;42.527;media;146.00;-7.955;-159.126;56.649;191.814;215.775;187.3;102.43
BY-PASS;72;-1;-1;6.226;0.0000;331.16;324.59;327.87;6.57;34.740;117.840;56.701;14.174;42.527;esterna;150.00;-11.784;-144.094;67.853;185.431;211.946;187.3;99.02
BY-PASS;73;-1;-1;6.498;0.0000;331.11;324.59;327.85;6.53;34.740;117.840;56.701;14.174;42.527;interna;142.00;-3.474;-175.042;45.214;200.398;220.256;187.3;107.01
BY-PASS;73;-1;-1;6.498;0.0000;331.11;324.59;327.85;6.53;34.740;117.840;56.701;14.174;42.527;media;146.00;-7.954;-159.127;56.649;191.815;215.776;187.3;102.43
BY-PASS;73;-1;-1;6.498;0.0000;331.11;324.59;327.85;6.53;34.740;117.840;56.701;14.174;42.527;esterna;150.00;-11.784;-144.171;67.776;185.442;211.946;187.3;99.02
BY-PASS;74;-1;-1;6.780;0.0000;331.06;324.58;327.82;6.48;34.740;117.840;56.701;14.174;42.527;interna;142.00;-3.474;-174.963;45.294;200.374;220.256;187.3;106.99
BY-PASS;74;-1;-1;6.780;0.0000;331.06;324.58;327.82;6.48;34.740;117.840;56.701;14.174;42.527;media;146.00;-7.953;-159.127;56.650;191.816;215.777;187.3;102.42
BY-PASS;74;-1;-1;6.780;0.0000;331.06;324.58;327.82;6.48;34.740;117.840;56.701;14.174;42.527;esterna;150.00;-11.784;-144.247;67.699;185.452;211.946;187.3;99.02
BY-PASS;75;-1;-1;7.075;0.0000;331.01;324.58;327.79;6.43;34.740;117.840;56.701;14.174;42.527;interna;142.00;-3.474;-174.870;45.386;200.346;220.256;187.3;106.97
BY-PASS;75;-1;-1;7.075;0.0000;331.01;324.58;327.79;6.43;34.740;117.840;56.701;14.174;42.527;media;146.00;-7.952;-159.128;56.650;191.818;215.778;187.3;102.42
BY-PASS;75;-1;-1;7.075;0.0000;331.01;324.58;327.79;6.43;34.740;117.840;56.701;14.174;42.527;esterna;150.00;-11.784;-144.337;67.610;185.465;211.946;187.3;99.03
BY-PASS;76;-1;-1;7.381;0.0000;330.95;324.58;327.76;6.38;34.740;117.840;56.701;14.174;42.527;interna;142.00;-3.474;-174.778;45.479;200.317;220.256;187.3;106.95
BY-PASS;76;-1;-1;7.381;0.0000;330.95;324.58;327.76;6.38;34.740;117.840;56.701;14.174;42.527;media;146.00;-7.951;-159.129;56.651;191.819;215.780;187.3;102.42
BY-PASS;76;-1;-1;7.381;0.0000;330.95;324.58;327.76;6.38;34.740;117.840;56.701;14.174;42.527;esterna;150.00;-11.784;-144.426;67.521;185.478;211.946;187.3;99.03
BY-PASS;77;-1;-1;7.701;0.0000;330.90;324.57;327.73;6.32;34.740;117.840;56.701;14.174;42.527;interna;142.00;-3.474;-174.686;45.571;200.289;220.256;187.3;106.94
BY-PASS;77;-1;-1;7.701;0.0000;330.90;324.57;327.73;6.32;34.740;117.840;56.701;14.174;42.527;media;146.00;-7.949;-159.130;56.651;191.820;215.781;187.3;102.41
BY-PASS;77;-1;-1;7.701;0.0000;330.90;324.57;327.73;6.32;34.740;117.840;56.701;14.174;42.527;esterna;150.00;-11.784;-144.514;67.432;185.491;211.946;187.3;99.03
BY-PASS;78;-1;-1;8.033;0.0000;330.84;324.57;327.71;6.27;34.740;117.840;56.701;14.174;42.527;interna;142.00;-3.474;-174.594;45.662;200.261;220.256;187.3;106.92
BY-PASS;78;-1;-1;8.033;0.0000;330.84;324.57;327.71;6.27;34.740;117.840;56.701;14.174;42.527;media;146.00;-7.948;-159.131;56.651;191.822;215.782;187.3;102.41
BY-PASS;78;-1;-1;8.033;0.0000;330.84;324.57;327.71;6.27;34.740;117.840;56.701;14.174;42.527;esterna;150.00;-11.784;-144.603;67.343;185.504;211.946;187.3;99.04
BY-PASS;79;-1;-1;8.379;0.0000;330.79;324.57;327.68;6.22;34.740;117.840;56.701;14.174;42.527;interna;142.00;-3.474;-174.502;45.754;200.233;220.256;187.3;106.90
BY-PASS;79;-1;-1;8.379;0.0000;330.79;324.57;327.68;6.22;34.740;117.840;56.701;14.174;42.527;media;146.00;-7.947;-159.132;56.652;191.823;215.783;187.3;102.41
BY-PASS;79;-1;-1;8.379;0.0000;330.79;324.57;327.68;6.22;34.740;117.840;56.701;14.174;42.527;esterna;150.00;-11.784;-144.691;67.255;185.516;211.946;187.3;99.04
BY-PASS;80;-1;-1;8.740;0.0000;330.72;324.56;327.64;6.16;34.740;117.840;56.701;14.174;42.527;interna;142.00;-3.474;-174.398;45.858;200.202;220.256;187.3;106.88
BY-PASS;80;-1;-1;8.740;0.0000;330.72;324.56;327.64;6.16;34.740;117.840;56.701;14.174;42.527;media;146.00;-7.946;-159.132;56.652;191.825;215.785;187.3;102.41
BY-PASS;80;-1;-1;8.740;0.0000;330.72;324.56;327.64;6.16;34.740;117.840;56.701;14.174;42.527;esterna;150.00;-11.784;-144.792;67.154;185.531;211.946;187.3;99.05
BY-PASS;81;-1;-1;9.115;0.0000;330.66;324.56;327.61;6.10;34.740;117.840;56.701;14.174;42.527;interna;142.00;-3.474;-174.294;45.962;200.170;220.256;187.3;106.86
BY-PASS;81;-1;-1;9.115;0.0000;330.66;324.56;327.61;6.10;34.740;117.840;56.701;14.174;42.527;media;146.00;-7.944;-159.133;56.653;191.826;215.786;187.3;102.40
BY-PASS;81;-1;-1;9.115;0.0000;330.66;324.56;327.61;6.10;34.740;117.840;56.701;14.174;42.527;esterna;150.00;-11.784;-144.892;67.054;185.546;211.946;187.3;99.05
BY-PASS;82;-1;-1;9.506;0.0000;330.59;324.55;327.57;6.04;34.740;117.840;56.701;14.174;42.527;interna;142.00;-3.474;-174.178;46.079;200.135;220.256;187.3;106.83
BY-PASS;82;-1;-1;9.506;0.0000;330.59;324.55;327.57;6.04;34.740;117.840;56.701;14.174;42.527;media;146.00;-7.943;-159.134;56.653;191.828;215.788;187.3;102.40
BY-PASS;82;-1;-1;9.506;0.0000;330.59;324.55;327.57;6.04;34.740;117.840;56.701;14.174;42.527;esterna;150.00;-11.784;-145.004;66.942;185.562;211.946;187.3;99.05
BY-PASS;83;-1;-1;9.913;0.0000;330.53;324.55;327.54;5.98;34.740;117.840;56.701;14.174;42.527;interna;142.00;-3.474;-174.074;46.182;200.104;220.256;187.3;106.81
BY-PASS;83;-1;-1;9.913;0.0000;330.53;324.55;327.54;5.98;34.740;117.840;56.701;14.174;42.527;media;146.00;-7.941;-159.135;56.654;191.829;215.789;187.3;102.40
BY-PASS;83;-1;-1;9.913;0.0000;330.53;324.55;327.54;5.98;34.740;117.840;56.701;14.174;42.527;esterna;150.00;-11.784;-145.104;66.843;185.577;211.946;187.3;99.06
BY-PASS;84;-1;-1;10.337;0.0000;330.46;324.55;327.50;5.91;34.740;117.840;56.701;14.174;42.527;interna;142.00;-3.474;-173.959;46.297;200.069;220.256;187.3;106.79
BY-PASS;84;-1;-1;10.337;0.0000;330.46;324.55;327.50;5.91;34.740;117.840;56.701;14.174;42.527;media;146.00;-7.940;-159.136;56.654;191.831;215.791;187.3;102.39
BY-PASS;84;-1;-1;10.337;0.0000;330.46;324.55;327.50;5.91;34.740;117.840;56.701;14.174;42.527;esterna;150.00;-11.784;-145.215;66.731;185.593;211.946;187.3;99.06
BY-PASS;85;-1;-1;10.778;0.0000;330.39;324.54;327.47;5.85;34.740;117.840;56.701;14.174;42.527;interna;142.00;-3.474;-173.844;46.413;200.034;220.256;187.4;106.77
BY-PASS;85;-1;-1;10.778;0.0000;330.39;324.54;327.47;5.85;34.740;117.840;56.701;14.174;42.527;media;146.00;-7.938;-159.137;56.655;191.833;215.792;187.4;102.39
BY-PASS;85;-1;-1;10.778;0.0000;330.39;324.54;327.47;5.85;34.740;117.840;56.701;14.174;42.527;esterna;150.00;-11.784;-145.326;66.620;185.610;211.946;187.4;99.07
BY-PASS;86;-1;-1;11.238;0.0000;330.32;324.54;327.43;5.78;34.740;117.840;56.701;14.174;42.527;interna;142.00;-3.474;-173.729;46.527;200.000;220.256;187.4;106.74
BY-PASS;86;-1;-1;11.238;0.0000;330.32;324.54;327.43;5.78;34.740;117.840;56.701;14.174;42.527;media;146.00;-7.937;-159.138;56.655;191.835;215.794;187.4;102.39
BY-PASS;86;-1;-1;11.238;0.0000;330.32;324.54;327.43;5.78;34.740;117.840;56.701;14.174;42.527;esterna;150.00;-11.784;-145.437;66.509;185.626;211.946;187.4;99.07
BY-PASS;87;-1;-1;11.716;0.0000;330.24;324.53;327.39;5.71;34.740;117.840;56.701;14.174;42.527;interna;142.00;-3.474;-173.602;46.654;199.961;220.256;187.4;106.72
BY-PASS;87;-1;-1;11.716;0.0000;330.24;324.53;327.39;5.71;34.740;117.840;56.701;14.174;42.527;media;146.00;-7.935;-159.140;56.656;191.836;215.795;187.4;102.38
BY-PASS;87;-1;-1;11.716;0.0000;330.24;324.53;327.39;5.71;34.740;117.840;56.701;14.174;42.527;esterna;150.00;-11.784;-145.559;66.387;185.644;211.946;187.4;99.08
BY-PASS;88;-1;-1;12.214;0.0000;330.17;324.53;327.35;5.64;34.740;117.840;56.701;14.174;42.527;interna;142.00;-3.474;-173.476;46.781;199.924;220.256;187.4;106.69
BY-PASS;88;-1;-1;12.214;0.0000;330.17;324.53;327.35;5.64;34.740;117.840;56.701;14.174;42.527;media;146.00;-7.933;-159.141;56.656;191.838;215.797;187.4;102.38
BY-PASS;88;-1;-1;12.214;0.0000;330.17;324.53;327.35;5.64;34.740;117.840;56.701;14.174;42.527;esterna;150.00;-11.784;-145.681;66.265;185.663;211.946;187.4;99.08
BY-PASS;89;-1;-1;12.733;0.0000;330.09;324.52;327.31;5.57;34.740;117.840;56.701;14.174;42.527;interna;142.00;-3.474;-173.350;46.906;199.886;220.256;187.4;106.67
BY-PASS;89;-1;-1;12.733;0.0000;330.09;324.52;327.31;5.57;34.740;117.840;56.701;14.174;42.527;media;146.00;-7.931;-159.142;56.657;191.840;215.799;187.4;102.37
BY-PASS;89;-1;-1;12.733;0.0000;330.09;324.52;327.31;5.57;34.740;117.840;56.701;14.174;42.527;esterna;150.00;-11.784;-145.802;66.144;185.681;211.946;187.4;99.09
